{
  "id": "17d9ba0c",
  "name": "10-bai-hoc-tren-chiec-khan-an",
  "text_path": null,
  "audio_path": null,
  "narrator": {
    "id": "5e79d2de",
    "name": "Trần Huỳnh Phương Trang",
    "dialect": null,
    "gender": null,
    "age": null,
    "url": "https://sachnoiviet.net/giong-doc/tran-huy-phuong-trang",
    "tone": null,
    "volume": null,
    "speed": null,
    "pitch": null
  },
  "duration": 2.5039,
  "author": "Don Failla",
  "text_url": "https://thuviensachpdf.com/10-bai-hoc-tren-chiec-khan-an",
  "audio_url": "https://sachnoiviet.net/sach-noi/10-bai-hoc-tren-chiec-khan-an",
  "alignment_path": null
}