{
  "id": "39b9dc83",
  "name": "10-đieu-khac-biet-nhat-giua-ke-thang-va-nguoi-thua",
  "text_path": null,
  "audio_path": null,
  "narrator": {
    "id": "3b4f405e",
    "name": "Nguyễn Phước Hải",
    "dialect": null,
    "gender": null,
    "age": null,
    "url": "https://sachnoiviet.net/giong-doc/nguyen-phuoc-hai",
    "tone": null,
    "volume": null,
    "speed": null,
    "pitch": null
  },
  "duration": 1.5861,
  "author": "Keith Cameron Smith",
  "text_url": "https://thuviensachpdf.com/10-dieu-khac-biet-nhat-giua-ke-thang-va-nguoi-thua",
  "audio_url": "https://sachnoiviet.net/sach-noi/10-dieu-khac-biet-nhat-giua-ke-thang-va-nguoi-thua",
  "alignment_path": null
}