{
  "id": "934b4d74",
  "name": "10-đai-my-nhan-trung-quoc",
  "text_path": null,
  "audio_path": null,
  "narrator": {
    "id": "254a09ec",
    "name": "Phương Minh",
    "dialect": null,
    "gender": null,
    "age": null,
    "url": "https://sachnoiviet.net/giong-doc/phuong-minh",
    "tone": null,
    "volume": null,
    "speed": null,
    "pitch": null
  },
  "duration": 12.515,
  "author": "Huyền Cơ",
  "text_url": "https://thuviensachpdf.com/10-dai-my-nhan-trung-quoc",
  "audio_url": "https://sachnoiviet.net/sach-noi/10-dai-my-nhan-trung-quoc",
  "alignment_path": null
}