{
  "id": "c4b2e21a",
  "name": "10-quy-luat-cuoc-song",
  "text_path": null,
  "audio_path": null,
  "narrator": {
    "id": "e81a5391",
    "name": "Lê Trang",
    "dialect": null,
    "gender": null,
    "age": null,
    "url": "https://sachnoiviet.net/giong-doc/le-trang",
    "tone": null,
    "volume": null,
    "speed": null,
    "pitch": null
  },
  "duration": 2.4194,
  "author": "Dan Sullivan",
  "text_url": "https://thuviensachpdf.com/10-quy-luat-cuoc-song",
  "audio_url": "https://sachnoiviet.net/sach-noi/10-quy-luat-cuoc-song",
  "alignment_path": null
}