{
  "id": "c202e966",
  "name": "100-y-tuong-tiep-thi-tuyet-hay",
  "text_path": null,
  "audio_path": null,
  "narrator": {
    "id": "c433efa7",
    "name": "Thanh Thủy",
    "dialect": null,
    "gender": null,
    "age": null,
    "url": "https://sachnoiviet.net/giong-doc/thanh-thuy",
    "tone": null,
    "volume": null,
    "speed": null,
    "pitch": null
  },
  "duration": 5.0247,
  "author": "Jim Blythe",
  "text_url": "https://thuviensachpdf.com/100-y-tuong-tiep-thi-tuyet-hay",
  "audio_url": "https://sachnoiviet.net/sach-noi/100-y-tuong-tiep-thi-tuyet-hay",
  "alignment_path": null
}