{
  "id": "c53bc9bf",
  "name": "100-quy-luat-bat-bien-đe-thanh-cong-trong-kinh-doanh",
  "text_path": null,
  "audio_path": null,
  "narrator": {
    "id": "5e5fd787",
    "name": "Trần Diệu Lan",
    "dialect": null,
    "gender": null,
    "age": null,
    "url": "https://sachnoiviet.net/giong-doc/tran-dieu-lan",
    "tone": null,
    "volume": null,
    "speed": null,
    "pitch": null
  },
  "duration": 5.3858,
  "author": "Brian Tracy",
  "text_url": "https://thuviensachpdf.com/100-quy-luat-bat-bien-de-thanh-cong-trong-kinh-doanh",
  "audio_url": "https://sachnoiviet.net/sach-noi/100-quy-luat-bat-bien-de-thanh-cong-trong-kinh-doanh",
  "alignment_path": null
}