{
  "id": "07933c1c",
  "name": "1001-y-tuong-đot-pha-trong-quang-cao",
  "text_path": null,
  "audio_path": null,
  "narrator": {
    "id": "af3012f0",
    "name": "Hiền Lương",
    "dialect": null,
    "gender": null,
    "age": null,
    "url": "https://sachnoiviet.net/giong-doc/hien-luong",
    "tone": null,
    "volume": null,
    "speed": null,
    "pitch": null
  },
  "duration": 7.3492,
  "author": "Dupont",
  "text_url": "https://thuviensachpdf.com/1001-y-tuong-dot-pha-trong-quang-cao",
  "audio_url": "https://sachnoiviet.net/sach-noi/1001-y-tuong-dot-pha-trong-quang-cao",
  "alignment_path": null
}