{
  "id": "f250c7f4",
  "name": "1001-buc-thu-viet-cho-tuong-lai",
  "text_path": null,
  "audio_path": null,
  "narrator": {
    "id": "81e274d8",
    "name": "Mộc",
    "dialect": null,
    "gender": null,
    "age": null,
    "url": "https://sachnoiviet.net/giong-doc/moc",
    "tone": null,
    "volume": null,
    "speed": null,
    "pitch": null
  },
  "duration": 6.2672,
  "author": "Nhiều Tác Giả",
  "text_url": "https://thuviensachpdf.com/1001-buc-thu-viet-cho-tuong-lai",
  "audio_url": "https://sachnoiviet.net/sach-noi/1001-buc-thu-viet-cho-tuong-lai",
  "alignment_path": null
}