{
  "id": "3356a78d",
  "name": "12-tuyet-ky-ban-hang",
  "text_path": null,
  "audio_path": null,
  "narrator": {
    "id": "589cd7c1",
    "name": "Unknown",
    "dialect": null,
    "gender": null,
    "age": null,
    "url": "Unknown",
    "tone": null,
    "volume": null,
    "speed": null,
    "pitch": null
  },
  "duration": 5.4556,
  "author": "Brian Tracy",
  "text_url": "https://thuviensachpdf.com/12-tuyet-ky-ban-hang",
  "audio_url": "https://sachnoiviet.net/sach-noi/12-tuyet-ky-ban-hang",
  "alignment_path": null
}