{
  "id": "dcbaea46",
  "name": "22-quy-luat-bat-bien-trong-marketing",
  "text_path": null,
  "audio_path": null,
  "narrator": {
    "id": "31153ca3",
    "name": "Dong Do Studio",
    "dialect": null,
    "gender": null,
    "age": null,
    "url": "https://sachnoiviet.net/giong-doc/dong-do-studio",
    "tone": null,
    "volume": null,
    "speed": null,
    "pitch": null
  },
  "duration": 2.3483,
  "author": "Al Ries",
  "text_url": "https://thuviensachpdf.com/22-quy-luat-bat-bien-trong-marketing",
  "audio_url": "https://sachnoiviet.net/sach-noi/22-quy-luat-bat-bien-trong-marketing",
  "alignment_path": null
}