{
  "id": "18351fd3",
  "name": "42-nam-lam-an-tai-my-va-trung-quoc",
  "text_path": null,
  "audio_path": null,
  "narrator": {
    "id": "dfa3f667",
    "name": "Nhã Trâm",
    "dialect": null,
    "gender": null,
    "age": null,
    "url": "https://sachnoiviet.net/giong-doc/nha-tram",
    "tone": null,
    "volume": null,
    "speed": null,
    "pitch": null
  },
  "duration": 4.8392,
  "author": "Alan Phan",
  "text_url": "https://thuviensachpdf.com/42-nam-lam-an-tai-my-va-trung-quoc",
  "audio_url": "https://sachnoiviet.net/sach-noi/42-nam-lam-an-tai-my-va-trung-quoc",
  "alignment_path": null
}