{
  "id": "d75ad424",
  "name": "48-nguyen-tac-chu-chot-cua-quyen-luc",
  "text_path": null,
  "audio_path": null,
  "narrator": {
    "id": "1bd6f39b",
    "name": "Trương Thị Đệ",
    "dialect": null,
    "gender": null,
    "age": null,
    "url": "https://sachnoiviet.net/giong-doc/truong-thi-de",
    "tone": null,
    "volume": null,
    "speed": null,
    "pitch": null
  },
  "duration": 19.1858,
  "author": "Robert Greene",
  "text_url": "https://thuviensachpdf.com/48-nguyen-tac-chu-chot-cua-quyen-luc",
  "audio_url": "https://sachnoiviet.net/sach-noi/48-nguyen-tac-chu-chot-cua-quyen-luc",
  "alignment_path": null
}