{
  "id": "03d2aadd",
  "name": "8-to-chat-tri-tue-quyet-đinh-cuoc-đoi-nguoi-đan-ong",
  "text_path": null,
  "audio_path": null,
  "narrator": {
    "id": "24c29098",
    "name": "Dong Do Studio",
    "dialect": null,
    "gender": null,
    "age": null,
    "url": "https://sachnoiviet.net/giong-doc/dong-do-studio",
    "tone": null,
    "volume": null,
    "speed": null,
    "pitch": null
  },
  "duration": 10.9864,
  "author": "Phan Quoc Bao",
  "text_url": "https://thuviensachpdf.com/8-to-chat-tri-tue-quyet-dinh-cuoc-doi-nguoi-dan-ong",
  "audio_url": "https://sachnoiviet.net/sach-noi/8-to-chat-tri-tue-quyet-dinh-cuoc-doi-nguoi-dan-ong",
  "alignment_path": null
}