{
  "id": "40d329e1",
  "name": "99-đieu-đuc-rut-tu-tri-tue-nhan-loai-nguoi-tre-can-biet",
  "text_path": null,
  "audio_path": null,
  "narrator": {
    "id": "159a13ff",
    "name": "Mỹ Hiền",
    "dialect": null,
    "gender": null,
    "age": null,
    "url": "https://sachnoiviet.net/giong-doc/my-hien",
    "tone": null,
    "volume": null,
    "speed": null,
    "pitch": null
  },
  "duration": 13.3806,
  "author": "Đinh Phu",
  "text_url": "https://thuviensachpdf.com/99-dieu-duc-rut-tu-tri-tue-nhan-loai-nguoi-tre-can-biet",
  "audio_url": "https://sachnoiviet.net/sach-noi/99-dieu-duc-rut-tu-tri-tue-nhan-loai-nguoi-tre-can-biet",
  "alignment_path": null
}