{
  "id": "de66414e",
  "name": "ai-che-lung-cho-ban",
  "text_path": null,
  "audio_path": null,
  "narrator": {
    "id": "286d17ac",
    "name": "Hoàng Hương",
    "dialect": null,
    "gender": null,
    "age": null,
    "url": "https://sachnoiviet.net/giong-doc/hoang-huong",
    "tone": null,
    "volume": null,
    "speed": null,
    "pitch": null
  },
  "duration": 22.0367,
  "author": "Keith Ferrazzi",
  "text_url": "https://thuviensachpdf.com/ai-che-lung-cho-ban",
  "audio_url": "https://sachnoiviet.net/sach-noi/ai-che-lung-cho-ban",
  "alignment_path": null
}