{
  "id": "9a2c9487",
  "name": "ai-giet-anh-em-ngo-đinh-diem",
  "text_path": null,
  "audio_path": null,
  "narrator": {
    "id": "12a618f0",
    "name": "Duy Ly",
    "dialect": null,
    "gender": null,
    "age": null,
    "url": "https://sachnoiviet.net/giong-doc/duy-ly",
    "tone": null,
    "volume": null,
    "speed": null,
    "pitch": null
  },
  "duration": 13.3733,
  "author": "Quốc Đại",
  "text_url": "https://thuviensachpdf.com/ai-giet-anh-em-ngo-dinh-diem",
  "audio_url": "https://sachnoiviet.net/sach-noi/ai-giet-anh-em-ngo-dinh-diem",
  "alignment_path": null
}