{
  "id": "3ee1ad7d",
  "name": "ai-se-khoc-khi-ban-lia-xa",
  "text_path": null,
  "audio_path": null,
  "narrator": {
    "id": "a341e4ee",
    "name": "Mộc",
    "dialect": null,
    "gender": null,
    "age": null,
    "url": "https://sachnoiviet.net/giong-doc/moc",
    "tone": null,
    "volume": null,
    "speed": null,
    "pitch": null
  },
  "duration": 4.3083,
  "author": "Robin Sharma",
  "text_url": "https://thuviensachpdf.com/ai-se-khoc-khi-ban-lia-xa",
  "audio_url": "https://sachnoiviet.net/sach-noi/ai-se-khoc-khi-ban-lia-xa",
  "alignment_path": null
}