{
  "id": "096cd646",
  "name": "ai-vao-đia-nguc",
  "text_path": null,
  "audio_path": null,
  "narrator": {
    "id": "24b802b5",
    "name": "Thanh Cúc",
    "dialect": null,
    "gender": null,
    "age": null,
    "url": "https://sachnoiviet.net/giong-doc/thanh-cuc",
    "tone": null,
    "volume": null,
    "speed": null,
    "pitch": null
  },
  "duration": 3.1058,
  "author": "Nguyên Minh",
  "text_url": "https://thuviensachpdf.com/ai-vao-dia-nguc",
  "audio_url": "https://sachnoiviet.net/sach-noi/ai-vao-dia-nguc",
  "alignment_path": null
}