{
  "id": "7ebcb92a",
  "name": "albert-einstein--con-nguoi-vi-đai",
  "text_path": null,
  "audio_path": null,
  "narrator": {
    "id": "f138a677",
    "name": "Ngọc Minh",
    "dialect": null,
    "gender": null,
    "age": null,
    "url": "https://sachnoiviet.net/giong-doc/ngoc-minh",
    "tone": null,
    "volume": null,
    "speed": null,
    "pitch": null
  },
  "duration": 5.4919,
  "author": "Mã Quan Phục",
  "text_url": "https://thuviensachpdf.com/albert-einstein-con-nguoi-vi-dai",
  "audio_url": "https://sachnoiviet.net/sach-noi/albert-einstein-con-nguoi-vi-dai",
  "alignment_path": null
}