{
  "id": "de901dfb",
  "name": "am-may-ngu",
  "text_path": null,
  "audio_path": null,
  "narrator": [
    {
      "id": "57499458",
      "name": "Huy Hồ",
      "dialect": null,
      "gender": null,
      "age": null,
      "url": "https://sachnoiviet.net/giong-doc/huy-ho",
      "tone": null,
      "volume": null,
      "speed": null,
      "pitch": null
    },
    {
      "id": "9eeb7fc9",
      "name": "Minh Thảo",
      "dialect": null,
      "gender": null,
      "age": null,
      "url": "https://sachnoiviet.net/giong-doc/minh-thao",
      "tone": null,
      "volume": null,
      "speed": null,
      "pitch": null
    },
    {
      "id": "dec96bb1",
      "name": "Nguyễn Kim Ngân",
      "dialect": null,
      "gender": null,
      "age": null,
      "url": "https://sachnoiviet.net/giong-doc/nguyen-kim-ngan",
      "tone": null,
      "volume": null,
      "speed": null,
      "pitch": null
    }
  ],
  "duration": 5.1942,
  "author": "Thích Nhất Hạnh",
  "text_url": "https://thuviensachpdf.com/am-may-ngu",
  "audio_url": "https://sachnoiviet.net/sach-noi/am-may-ngu",
  "alignment_path": null
}