{
  "id": "59b6b113",
  "name": "an-la-phuong-nam",
  "text_path": null,
  "audio_path": null,
  "narrator": {
    "id": "fb4e1f50",
    "name": "Hoàng Anh",
    "dialect": null,
    "gender": null,
    "age": null,
    "url": "https://sachnoiviet.net/giong-doc/hoang-anh",
    "tone": null,
    "volume": null,
    "speed": null,
    "pitch": null
  },
  "duration": 3.0364,
  "author": "Vũ Đức Sao Biển",
  "text_url": "https://thuviensachpdf.com/an-la-phuong-nam",
  "audio_url": "https://sachnoiviet.net/sach-noi/an-la-phuong-nam",
  "alignment_path": null
}