{
  "id": "f31403d9",
  "name": "an-mang-tren-chuyen-tau-toc-hanh-phuong-đong",
  "text_path": null,
  "audio_path": null,
  "narrator": {
    "id": "bc5ddd21",
    "name": "Thủy Tiên",
    "dialect": null,
    "gender": null,
    "age": null,
    "url": "https://sachnoiviet.net/giong-doc/thuy-tien",
    "tone": null,
    "volume": null,
    "speed": null,
    "pitch": null
  },
  "duration": 6.6706,
  "author": "Agatha Christie",
  "text_url": "https://thuviensachpdf.com/an-mang-tren-chuyen-tau-toc-hanh-phuong-dong",
  "audio_url": "https://sachnoiviet.net/sach-noi/an-mang-tren-chuyen-tau-toc-hanh-phuong-dong",
  "alignment_path": null
}