{
  "id": "16c8cfd9",
  "name": "an-theo-thuo-o-theo-thoi",
  "text_path": null,
  "audio_path": null,
  "narrator": {
    "id": "9ea73c3f",
    "name": "Phạm Hùng",
    "dialect": null,
    "gender": null,
    "age": null,
    "url": "https://sachnoiviet.net/giong-doc/pham-hung",
    "tone": null,
    "volume": null,
    "speed": null,
    "pitch": null
  },
  "duration": 3.8294,
  "author": "Hồ Biểu Chánh",
  "text_url": "https://thuviensachpdf.com/an-theo-thuo-o-theo-thoi",
  "audio_url": "https://sachnoiviet.net/sach-noi/an-theo-thuo-o-theo-thoi",
  "alignment_path": null
}