{
  "id": "b9f31b21",
  "name": "angela-merkel-the-gioi-cua-vi-nu-thu-tuong",
  "text_path": null,
  "audio_path": null,
  "narrator": {
    "id": "a1df687c",
    "name": "Ngọc Hân",
    "dialect": null,
    "gender": null,
    "age": null,
    "url": "https://sachnoiviet.net/giong-doc/ngoc-han",
    "tone": null,
    "volume": null,
    "speed": null,
    "pitch": null
  },
  "duration": 10.3222,
  "author": "Stefan Kornelius",
  "text_url": "https://thuviensachpdf.com/angela-merkel-the-gioi-cua-vi-nu-thu-tuong",
  "audio_url": "https://sachnoiviet.net/sach-noi/angela-merkel-the-gioi-cua-vi-nu-thu-tuong",
  "alignment_path": null
}