{
  "id": "8f38d279",
  "name": "anh-hung-vo-le",
  "text_path": null,
  "audio_path": null,
  "narrator": {
    "id": "b7ec2584",
    "name": "Cú Đêm Radio",
    "dialect": null,
    "gender": null,
    "age": null,
    "url": "https://sachnoiviet.net/giong-doc/cu-dem-radio",
    "tone": null,
    "volume": null,
    "speed": null,
    "pitch": null
  },
  "duration": 10.1867,
  "author": "Cổ Long",
  "text_url": "https://thuviensachpdf.com/anh-hung-vo-le",
  "audio_url": "https://sachnoiviet.net/sach-noi/anh-hung-vo-le",
  "alignment_path": null
}