{
  "id": "a098530f",
  "name": "anh-trang-khong-hieu-long-toi",
  "text_path": null,
  "audio_path": null,
  "narrator": {
    "id": "50a78dfa",
    "name": "Lê Duyên",
    "dialect": null,
    "gender": null,
    "age": null,
    "url": "https://sachnoiviet.net/giong-doc/le-duyen",
    "tone": null,
    "volume": null,
    "speed": null,
    "pitch": null
  },
  "duration": 25.1706,
  "author": "Tân Di Ổ",
  "text_url": "https://thuviensachpdf.com/anh-trang-khong-hieu-long-toi",
  "audio_url": "https://sachnoiviet.net/sach-noi/anh-trang-khong-hieu-long-toi",
  "alignment_path": null
}