{
  "id": "79cb8964",
  "name": "anh-se-đoi-em-trong-hoi-uc",
  "text_path": null,
  "audio_path": null,
  "narrator": {
    "id": "fc05ef72",
    "name": "Unknown",
    "dialect": null,
    "gender": null,
    "age": null,
    "url": "Unknown",
    "tone": null,
    "volume": null,
    "speed": null,
    "pitch": null
  },
  "duration": 18.2058,
  "author": "Tân Di Ổ",
  "text_url": "https://thuviensachpdf.com/anh-se-doi-em-trong-hoi-uc",
  "audio_url": "https://sachnoiviet.net/sach-noi/anh-se-doi-em-trong-hoi-uc",
  "alignment_path": null
}