{
  "id": "84527270",
  "name": "archimedes-than-yeu",
  "text_path": null,
  "audio_path": null,
  "narrator": {
    "id": "2a3e416e",
    "name": "JinDo",
    "dialect": null,
    "gender": null,
    "age": null,
    "url": "https://sachnoiviet.net/giong-doc/jindo",
    "tone": null,
    "volume": null,
    "speed": null,
    "pitch": null
  },
  "duration": 36.5067,
  "author": "Cửu Nguyệt Hi",
  "text_url": "https://thuviensachpdf.com/archimedes-than-yeu",
  "audio_url": "https://sachnoiviet.net/sach-noi/archimedes-than-yeu",
  "alignment_path": null
}