{
  "id": "3a4de960",
  "name": "ba-chua-che",
  "text_path": null,
  "audio_path": null,
  "narrator": {
    "id": "60f38311",
    "name": "Hồng Hà",
    "dialect": null,
    "gender": null,
    "age": null,
    "url": "https://sachnoiviet.net/giong-doc/hong-ha",
    "tone": null,
    "volume": null,
    "speed": null,
    "pitch": null
  },
  "duration": 4.4433,
  "author": "Nguyễn Triệu Luật",
  "text_url": "https://thuviensachpdf.com/ba-chua-che",
  "audio_url": "https://sachnoiviet.net/sach-noi/ba-chua-che",
  "alignment_path": null
}