{
  "id": "6c9a2f1f",
  "name": "ba-chua-hon",
  "text_path": null,
  "audio_path": null,
  "narrator": {
    "id": "4c5ce219",
    "name": "Kim Phượng",
    "dialect": null,
    "gender": null,
    "age": null,
    "url": "https://sachnoiviet.net/giong-doc/kim-phuong",
    "tone": null,
    "volume": null,
    "speed": null,
    "pitch": null
  },
  "duration": 9.1989,
  "author": "Sơn Nam",
  "text_url": "https://thuviensachpdf.com/ba-chua-hon",
  "audio_url": "https://sachnoiviet.net/sach-noi/ba-chua-hon",
  "alignment_path": null
}