{
  "id": "babc9197",
  "name": "bach-thai-buoi--khang-đinh-doanh-tai-nuoc-viet",
  "text_path": null,
  "audio_path": null,
  "narrator": {
    "id": "9192a7df",
    "name": "Thùy Duyên",
    "dialect": null,
    "gender": null,
    "age": null,
    "url": "https://sachnoiviet.net/giong-doc/thuy-duyen",
    "tone": null,
    "volume": null,
    "speed": null,
    "pitch": null
  },
  "duration": 3.7869,
  "author": "Albatross",
  "text_url": "https://thuviensachpdf.com/bach-thai-buoi-khang-dinh-doanh-tai-nuoc-viet",
  "audio_url": "https://sachnoiviet.net/sach-noi/bach-thai-buoi-khang-dinh-doanh-tai-nuoc-viet",
  "alignment_path": null
}