{
  "id": "224dd8f8",
  "name": "bai-gio-con-trang",
  "text_path": null,
  "audio_path": null,
  "narrator": {
    "id": "83775946",
    "name": "Trái Táo",
    "dialect": null,
    "gender": null,
    "age": null,
    "url": "https://sachnoiviet.net/giong-doc/trai-tao",
    "tone": null,
    "volume": null,
    "speed": null,
    "pitch": null
  },
  "duration": 7.475,
  "author": "Hồ Trường An",
  "text_url": "https://thuviensachpdf.com/bai-gio-con-trang",
  "audio_url": "https://sachnoiviet.net/sach-noi/bai-gio-con-trang",
  "alignment_path": null
}