{
  "id": "be0c518e",
  "name": "bai-tho-kinh-di",
  "text_path": null,
  "audio_path": null,
  "narrator": {
    "id": "0acc72f1",
    "name": "Đông Quân",
    "dialect": null,
    "gender": null,
    "age": null,
    "url": "https://sachnoiviet.net/giong-doc/dong-quan",
    "tone": null,
    "volume": null,
    "speed": null,
    "pitch": null
  },
  "duration": 4.6058,
  "author": "Nam Quân",
  "text_url": "https://thuviensachpdf.com/bai-tho-kinh-di",
  "audio_url": "https://sachnoiviet.net/sach-noi/bai-tho-kinh-di",
  "alignment_path": null
}