{
  "id": "470dfff2",
  "name": "ban-co-nam-cho-ngoi",
  "text_path": null,
  "audio_path": null,
  "narrator": {
    "id": "52a42274",
    "name": "Nguyễn Nguyễn",
    "dialect": null,
    "gender": null,
    "age": null,
    "url": "https://sachnoiviet.net/giong-doc/nguyen-nguyen",
    "tone": null,
    "volume": null,
    "speed": null,
    "pitch": null
  },
  "duration": 3.9475,
  "author": "Nguyễn Nhật Ánh",
  "text_url": "https://thuviensachpdf.com/ban-co-nam-cho-ngoi",
  "audio_url": "https://sachnoiviet.net/sach-noi/ban-co-nam-cho-ngoi",
  "alignment_path": null
}