{
  "id": "ebd0d9e6",
  "name": "ban-ve-tu-do",
  "text_path": null,
  "audio_path": null,
  "narrator": {
    "id": "ae6b93ce",
    "name": "Unknown",
    "dialect": null,
    "gender": null,
    "age": null,
    "url": "Unknown",
    "tone": null,
    "volume": null,
    "speed": null,
    "pitch": null
  },
  "duration": 6.5028,
  "author": "John Stuart Mill",
  "text_url": "https://thuviensachpdf.com/ban-ve-tu-do",
  "audio_url": "https://sachnoiviet.net/sach-noi/ban-ve-tu-do",
  "alignment_path": null
}