{
  "id": "6a1fe1a6",
  "name": "ban-sinh-ra-đa-giau-co",
  "text_path": null,
  "audio_path": null,
  "narrator": {
    "id": "130aece5",
    "name": "Việt Dũng",
    "dialect": null,
    "gender": null,
    "age": null,
    "url": "https://sachnoiviet.net/giong-doc/viet-dung",
    "tone": null,
    "volume": null,
    "speed": null,
    "pitch": null
  },
  "duration": 5.5372,
  "author": "Bob Proctor",
  "text_url": "https://thuviensachpdf.com/ban-sinh-ra-da-giau-co",
  "audio_url": "https://sachnoiviet.net/sach-noi/ban-sinh-ra-da-giau-co",
  "alignment_path": null
}