{
  "id": "efe823fb",
  "name": "ban-moi-la-chu-nhan-cua-cuoc-đoi-minh",
  "text_path": null,
  "audio_path": null,
  "narrator": {
    "id": "dd5081c4",
    "name": "Mộc",
    "dialect": null,
    "gender": null,
    "age": null,
    "url": "https://sachnoiviet.net/giong-doc/moc",
    "tone": null,
    "volume": null,
    "speed": null,
    "pitch": null
  },
  "duration": 7.2922,
  "author": "Lý Ái Linh",
  "text_url": "https://thuviensachpdf.com/ban-moi-la-chu-nhan-cua-cuoc-doi-minh",
  "audio_url": "https://sachnoiviet.net/sach-noi/ban-moi-la-chu-nhan-cua-cuoc-doi-minh",
  "alignment_path": null
}