{
  "id": "160e4839",
  "name": "ban-chat-cua-doi-tra",
  "text_path": null,
  "audio_path": null,
  "narrator": {
    "id": "ab5fcfc0",
    "name": "Unknown",
    "dialect": null,
    "gender": null,
    "age": null,
    "url": "Unknown",
    "tone": null,
    "volume": null,
    "speed": null,
    "pitch": null
  },
  "duration": 6.0417,
  "author": "Dan Ariely",
  "text_url": "https://thuviensachpdf.com/ban-chat-cua-doi-tra",
  "audio_url": "https://sachnoiviet.net/sach-noi/ban-chat-cua-doi-tra",
  "alignment_path": null
}