{
  "id": "c7c616e8",
  "name": "bay-ngay-trong-đong-thap-muoi",
  "text_path": null,
  "audio_path": null,
  "narrator": {
    "id": "94950d02",
    "name": "Thu Hồng",
    "dialect": null,
    "gender": null,
    "age": null,
    "url": "https://sachnoiviet.net/giong-doc/thu-hong",
    "tone": null,
    "volume": null,
    "speed": null,
    "pitch": null
  },
  "duration": 4.2003,
  "author": "Nguyễn Hiến Lê",
  "text_url": "https://thuviensachpdf.com/bay-ngay-trong-dong-thap-muoi",
  "audio_url": "https://sachnoiviet.net/sach-noi/bay-ngay-trong-dong-thap-muoi",
  "alignment_path": null
}