{
  "id": "58945407",
  "name": "bay-buoc-toi-mua-he",
  "text_path": null,
  "audio_path": null,
  "narrator": {
    "id": "9513cc90",
    "name": "Nguyễn Ngọc",
    "dialect": null,
    "gender": null,
    "age": null,
    "url": "https://sachnoiviet.net/giong-doc/nguyen-ngoc",
    "tone": null,
    "volume": null,
    "speed": null,
    "pitch": null
  },
  "duration": 6.0731,
  "author": "Nguyễn Nhật Ánh",
  "text_url": "https://thuviensachpdf.com/bay-buoc-toi-mua-he",
  "audio_url": "https://sachnoiviet.net/sach-noi/bay-buoc-toi-mua-he",
  "alignment_path": null
}