{
  "id": "282736c7",
  "name": "bay-tren-to-chim-cuc-cu",
  "text_path": null,
  "audio_path": null,
  "narrator": {
    "id": "1f82ad7e",
    "name": "Bình An",
    "dialect": null,
    "gender": null,
    "age": null,
    "url": "https://sachnoiviet.net/giong-doc/binh-an",
    "tone": null,
    "volume": null,
    "speed": null,
    "pitch": null
  },
  "duration": 11.2722,
  "author": "Ken Kesey",
  "text_url": "https://thuviensachpdf.com/bay-tren-to-chim-cuc-cu",
  "audio_url": "https://sachnoiviet.net/sach-noi/bay-tren-to-chim-cuc-cu",
  "alignment_path": null
}