{
  "id": "f45561f9",
  "name": "ben-canh-đieu-bi-an",
  "text_path": null,
  "audio_path": null,
  "narrator": {
    "id": "c3521dab",
    "name": "Minh Trung",
    "dialect": null,
    "gender": null,
    "age": null,
    "url": "https://sachnoiviet.net/giong-doc/minh-trung",
    "tone": null,
    "volume": null,
    "speed": null,
    "pitch": null
  },
  "duration": 5.9192,
  "author": "Vladimir Mezenxep",
  "text_url": "https://thuviensachpdf.com/ben-canh-dieu-bi-an",
  "audio_url": "https://sachnoiviet.net/sach-noi/ben-canh-dieu-bi-an",
  "alignment_path": null
}