{
  "id": "52ca6488",
  "name": "bi-mat-kinh-dich",
  "text_path": null,
  "audio_path": null,
  "narrator": {
    "id": "b0c39916",
    "name": "Việt Dũng",
    "dialect": null,
    "gender": null,
    "age": null,
    "url": "https://sachnoiviet.net/giong-doc/viet-dung",
    "tone": null,
    "volume": null,
    "speed": null,
    "pitch": null
  },
  "duration": 9.0939,
  "author": "Joseph Murphy",
  "text_url": "https://thuviensachpdf.com/bi-mat-kinh-dich",
  "audio_url": "https://sachnoiviet.net/sach-noi/bi-mat-kinh-dich",
  "alignment_path": null
}