{
  "id": "0e33c56f",
  "name": "bi-mat-cua-naoko",
  "text_path": null,
  "audio_path": null,
  "narrator": {
    "id": "ff4b601a",
    "name": "Unknown",
    "dialect": null,
    "gender": null,
    "age": null,
    "url": "Unknown",
    "tone": null,
    "volume": null,
    "speed": null,
    "pitch": null
  },
  "duration": 16.5406,
  "author": "Higashino Keigo",
  "text_url": "https://thuviensachpdf.com/bi-mat-cua-naoko",
  "audio_url": "https://sachnoiviet.net/sach-noi/bi-mat-cua-naoko",
  "alignment_path": null
}