{
  "id": "0835ca75",
  "name": "bi-mat-chiec-xo-cam-xuc",
  "text_path": null,
  "audio_path": null,
  "narrator": {
    "id": "8b1bcd70",
    "name": "Giang MJ",
    "dialect": null,
    "gender": null,
    "age": null,
    "url": "https://sachnoiviet.net/giong-doc/giang-mj",
    "tone": null,
    "volume": null,
    "speed": null,
    "pitch": null
  },
  "duration": 1.2564,
  "author": "Donald O. Clfton",
  "text_url": "https://thuviensachpdf.com/bi-mat-chiec-xo-cam-xuc",
  "audio_url": "https://sachnoiviet.net/sach-noi/bi-mat-chiec-xo-cam-xuc",
  "alignment_path": null
}