{
  "id": "224a797a",
  "name": "bi-mat-cua-nhung-đai-gia-sinh-vien",
  "text_path": null,
  "audio_path": null,
  "narrator": {
    "id": "3506b0aa",
    "name": "Lê Yến",
    "dialect": null,
    "gender": null,
    "age": null,
    "url": "https://sachnoiviet.net/giong-doc/le-yen",
    "tone": null,
    "volume": null,
    "speed": null,
    "pitch": null
  },
  "duration": 2.6014,
  "author": "Đào Đức Dũng",
  "text_url": "https://thuviensachpdf.com/bi-mat-cua-nhung-dai-gia-sinh-vien",
  "audio_url": "https://sachnoiviet.net/sach-noi/bi-mat-cua-nhung-dai-gia-sinh-vien",
  "alignment_path": null
}