{
  "id": "db15e179",
  "name": "bi-mat-cua-vua-solomon",
  "text_path": null,
  "audio_path": null,
  "narrator": {
    "id": "2363060e",
    "name": "Thùy Duyên",
    "dialect": null,
    "gender": null,
    "age": null,
    "url": "https://sachnoiviet.net/giong-doc/thuy-duyen",
    "tone": null,
    "volume": null,
    "speed": null,
    "pitch": null
  },
  "duration": 4.3306,
  "author": "Bruce Fleet - Alton Gansky",
  "text_url": "https://thuviensachpdf.com/bi-mat-cua-vua-solomon",
  "audio_url": "https://sachnoiviet.net/sach-noi/bi-mat-cua-vua-solomon",
  "alignment_path": null
}