{
  "id": "5f37c591",
  "name": "bi-mat-tri-vi-vuong-quoc-đen-quan-ly-cong-ty",
  "text_path": null,
  "audio_path": null,
  "narrator": {
    "id": "602bf30f",
    "name": "Thanh Xuân",
    "dialect": null,
    "gender": null,
    "age": null,
    "url": "https://sachnoiviet.net/giong-doc/thanh-xuan",
    "tone": null,
    "volume": null,
    "speed": null,
    "pitch": null
  },
  "duration": 6.1706,
  "author": "Kingdomality",
  "text_url": "https://thuviensachpdf.com/bi-mat-tri-vi-vuong-quoc-den-quan-ly-cong-ty",
  "audio_url": "https://sachnoiviet.net/sach-noi/bi-mat-tri-vi-vuong-quoc-den-quan-ly-cong-ty",
  "alignment_path": null
}