{
  "id": "26c889cc",
  "name": "bi-quyet-kinh-doanh-cua-nguoi-do-thai",
  "text_path": null,
  "audio_path": null,
  "narrator": {
    "id": "9f9ea9d1",
    "name": "Nhã Trâm",
    "dialect": null,
    "gender": null,
    "age": null,
    "url": "https://sachnoiviet.net/giong-doc/nha-tram",
    "tone": null,
    "volume": null,
    "speed": null,
    "pitch": null
  },
  "duration": 5.0258,
  "author": "Tri Thức Việt",
  "text_url": "https://thuviensachpdf.com/bi-quyet-kinh-doanh-cua-nguoi-do-thai",
  "audio_url": "https://sachnoiviet.net/sach-noi/bi-quyet-kinh-doanh-cua-nguoi-do-thai",
  "alignment_path": null
}