{
  "id": "2330e891",
  "name": "bi-quyet-tay-trang-thanh-trieu-phu",
  "text_path": null,
  "audio_path": null,
  "narrator": {
    "id": "e570d8b1",
    "name": "Unknown",
    "dialect": null,
    "gender": null,
    "age": null,
    "url": "Unknown",
    "tone": null,
    "volume": null,
    "speed": null,
    "pitch": null
  },
  "duration": 6.5367,
  "author": "Adam Khoo",
  "text_url": "https://thuviensachpdf.com/bi-quyet-tay-trang-thanh-trieu-phu",
  "audio_url": "https://sachnoiviet.net/sach-noi/bi-quyet-tay-trang-thanh-trieu-phu",
  "alignment_path": null
}