{
  "id": "cf3a936d",
  "name": "bi-quyet-thay-đoi-cuoc-đoi",
  "text_path": null,
  "audio_path": null,
  "narrator": {
    "id": "06401a09",
    "name": "Trần Huỳnh Phương Trang",
    "dialect": null,
    "gender": null,
    "age": null,
    "url": "https://sachnoiviet.net/giong-doc/tran-huy-phuong-trang",
    "tone": null,
    "volume": null,
    "speed": null,
    "pitch": null
  },
  "duration": 2.8328,
  "author": "Dick Lyles",
  "text_url": "https://thuviensachpdf.com/bi-quyet-thay-doi-cuoc-doi",
  "audio_url": "https://sachnoiviet.net/sach-noi/bi-quyet-thay-doi-cuoc-doi",
  "alignment_path": null
}