{
  "id": "5c3e7cda",
  "name": "bi-quyet-tuyen-dung-va-đai-ngo-nguoi-tai",
  "text_path": null,
  "audio_path": null,
  "narrator": {
    "id": "60b2d914",
    "name": "Giang MJ",
    "dialect": null,
    "gender": null,
    "age": null,
    "url": "https://sachnoiviet.net/giong-doc/giang-mj",
    "tone": null,
    "volume": null,
    "speed": null,
    "pitch": null
  },
  "duration": 1.4883,
  "author": "Brian Tracy",
  "text_url": "https://thuviensachpdf.com/bi-quyet-tuyen-dung-va-dai-ngo-nguoi-tai",
  "audio_url": "https://sachnoiviet.net/sach-noi/bi-quyet-tuyen-dung-va-dai-ngo-nguoi-tai",
  "alignment_path": null
}