{
  "id": "d7cb2a00",
  "name": "bien-thanh-lang-tu",
  "text_path": null,
  "audio_path": null,
  "narrator": {
    "id": "73abb104",
    "name": "Thanh Nguyệt",
    "dialect": null,
    "gender": null,
    "age": null,
    "url": "https://sachnoiviet.net/giong-doc/thanh-nguyet",
    "tone": null,
    "volume": null,
    "speed": null,
    "pitch": null
  },
  "duration": 26.2914,
  "author": "Cổ Long",
  "text_url": "https://thuviensachpdf.com/bien-thanh-lang-tu",
  "audio_url": "https://sachnoiviet.net/sach-noi/bien-thanh-lang-tu",
  "alignment_path": null
}