{
  "id": "f560c08b",
  "name": "bien-va-chim-boi-ca",
  "text_path": null,
  "audio_path": null,
  "narrator": {
    "id": "f3cbe424",
    "name": "Trọng Thanh",
    "dialect": null,
    "gender": null,
    "age": null,
    "url": "https://sachnoiviet.net/giong-doc/trong-thanh",
    "tone": null,
    "volume": null,
    "speed": null,
    "pitch": null
  },
  "duration": 16.1744,
  "author": "Bùi Ngọc Tấn",
  "text_url": "https://thuviensachpdf.com/bien-va-chim-boi-ca",
  "audio_url": "https://sachnoiviet.net/sach-noi/bien-va-chim-boi-ca",
  "alignment_path": null
}