{
  "id": "63530632",
  "name": "bien-uoc-mo-thanh-hien-thuc",
  "text_path": null,
  "audio_path": null,
  "narrator": [
    {
      "id": "86ba858a",
      "name": "Ái Hòa",
      "dialect": null,
      "gender": null,
      "age": null,
      "url": "https://sachnoiviet.net/giong-doc/ai-hoa",
      "tone": null,
      "volume": null,
      "speed": null,
      "pitch": null
    },
    {
      "id": "8e971a19",
      "name": "Minh Trung",
      "dialect": null,
      "gender": null,
      "age": null,
      "url": "https://sachnoiviet.net/giong-doc/minh-trung",
      "tone": null,
      "volume": null,
      "speed": null,
      "pitch": null
    }
  ],
  "duration": 2.9222,
  "author": "Pamala Oslie",
  "text_url": "https://thuviensachpdf.com/bien-uoc-mo-thanh-hien-thuc",
  "audio_url": "https://sachnoiviet.net/sach-noi/bien-uoc-mo-thanh-hien-thuc",
  "alignment_path": null
}