{
  "id": "6f2d80db",
  "name": "biet-nguoi--dung-nguoi--quan-nguoi",
  "text_path": null,
  "audio_path": null,
  "narrator": {
    "id": "1bc9f9a8",
    "name": "Trương Thị Đệ",
    "dialect": null,
    "gender": null,
    "age": null,
    "url": "https://sachnoiviet.net/giong-doc/truong-thi-de",
    "tone": null,
    "volume": null,
    "speed": null,
    "pitch": null
  },
  "duration": 15.2339,
  "author": "Tạ Ngọc Ái",
  "text_url": "https://thuviensachpdf.com/biet-nguoi-dung-nguoi-quan-nguoi",
  "audio_url": "https://sachnoiviet.net/sach-noi/biet-nguoi-dung-nguoi-quan-nguoi",
  "alignment_path": null
}