{
  "id": "b2b844af",
  "name": "bieu-tuong-that-truyen",
  "text_path": null,
  "audio_path": null,
  "narrator": {
    "id": "aeb5997a",
    "name": "Yên Như",
    "dialect": null,
    "gender": null,
    "age": null,
    "url": "https://sachnoiviet.net/giong-doc/yen-nhu",
    "tone": null,
    "volume": null,
    "speed": null,
    "pitch": null
  },
  "duration": 26.6917,
  "author": "Dan Brown",
  "text_url": "https://thuviensachpdf.com/bieu-tuong-that-truyen",
  "audio_url": "https://sachnoiviet.net/sach-noi/bieu-tuong-that-truyen",
  "alignment_path": null
}