{
  "id": "1e36264c",
  "name": "binh-thu-yeu-luoc",
  "text_path": null,
  "audio_path": null,
  "narrator": {
    "id": "25403d93",
    "name": "Trương Thị Đệ",
    "dialect": null,
    "gender": null,
    "age": null,
    "url": "https://sachnoiviet.net/giong-doc/truong-thi-de",
    "tone": null,
    "volume": null,
    "speed": null,
    "pitch": null
  },
  "duration": 13.0222,
  "author": "Trần Hưng Đạo",
  "text_url": "https://thuviensachpdf.com/binh-thu-yeu-luoc",
  "audio_url": "https://sachnoiviet.net/sach-noi/binh-thu-yeu-luoc",
  "alignment_path": null
}