{
  "id": "1d283471",
  "name": "bo-cap-rung-sau",
  "text_path": null,
  "audio_path": null,
  "narrator": {
    "id": "c2081be0",
    "name": "Viết Linh",
    "dialect": null,
    "gender": null,
    "age": null,
    "url": "https://sachnoiviet.net/giong-doc/viet-linh",
    "tone": null,
    "volume": null,
    "speed": null,
    "pitch": null
  },
  "duration": 8.3447,
  "author": "Thượng Quan Ngọ Dạ",
  "text_url": "https://thuviensachpdf.com/bo-cap-rung-sau",
  "audio_url": "https://sachnoiviet.net/sach-noi/bo-cap-rung-sau",
  "alignment_path": null
}