{
  "id": "91e092c5",
  "name": "bo-cau-khong-đua-thu",
  "text_path": null,
  "audio_path": null,
  "narrator": {
    "id": "1c8195a8",
    "name": "Hoàng Anh",
    "dialect": null,
    "gender": null,
    "age": null,
    "url": "https://sachnoiviet.net/giong-doc/hoang-anh",
    "tone": null,
    "volume": null,
    "speed": null,
    "pitch": null
  },
  "duration": 2.9806,
  "author": "Nguyễn Nhật Ánh",
  "text_url": "https://thuviensachpdf.com/bo-cau-khong-dua-thu",
  "audio_url": "https://sachnoiviet.net/sach-noi/bo-cau-khong-dua-thu",
  "alignment_path": null
}