{
  "id": "e668ac5a",
  "name": "boc-me-nhung-cai-co-cua-đan-ong",
  "text_path": null,
  "audio_path": null,
  "narrator": {
    "id": "c2452f88",
    "name": "Mộc",
    "dialect": null,
    "gender": null,
    "age": null,
    "url": "https://sachnoiviet.net/giong-doc/moc",
    "tone": null,
    "volume": null,
    "speed": null,
    "pitch": null
  },
  "duration": 4.1533,
  "author": "Greg Behrendt",
  "text_url": "https://thuviensachpdf.com/boc-me-nhung-cai-co-cua-dan-ong",
  "audio_url": "https://sachnoiviet.net/sach-noi/boc-me-nhung-cai-co-cua-dan-ong",
  "alignment_path": null
}