{
  "id": "ae2358ea",
  "name": "boi-vi-thau-hieu-cho-nen-tu-bi",
  "text_path": null,
  "audio_path": null,
  "narrator": {
    "id": "51bcefed",
    "name": "Mộc",
    "dialect": null,
    "gender": null,
    "age": null,
    "url": "https://sachnoiviet.net/giong-doc/moc",
    "tone": null,
    "volume": null,
    "speed": null,
    "pitch": null
  },
  "duration": 7.455,
  "author": "Bạch Lạc Mai",
  "text_url": "https://thuviensachpdf.com/boi-vi-thau-hieu-cho-nen-tu-bi",
  "audio_url": "https://sachnoiviet.net/sach-noi/boi-vi-thau-hieu-cho-nen-tu-bi",
  "alignment_path": null
}