{
  "id": "7d580960",
  "name": "bon-mua-cuoc-song",
  "text_path": null,
  "audio_path": null,
  "narrator": {
    "id": "6ed66f1e",
    "name": "Sách Nói Bản Full",
    "dialect": null,
    "gender": null,
    "age": null,
    "url": "https://sachnoiviet.net/giong-doc/sach-noi-ban-full",
    "tone": null,
    "volume": null,
    "speed": null,
    "pitch": null
  },
  "duration": 1.3556,
  "author": "Jim Rohn",
  "text_url": "https://thuviensachpdf.com/bon-mua-cuoc-song",
  "audio_url": "https://sachnoiviet.net/sach-noi/bon-mua-cuoc-song",
  "alignment_path": null
}