{
  "id": "8e2037d6",
  "name": "bong-bong-len-troi",
  "text_path": null,
  "audio_path": null,
  "narrator": {
    "id": "2a860c5f",
    "name": "Nguyễn Nguyễn",
    "dialect": null,
    "gender": null,
    "age": null,
    "url": "https://sachnoiviet.net/giong-doc/nguyen-nguyen",
    "tone": null,
    "volume": null,
    "speed": null,
    "pitch": null
  },
  "duration": 3.68,
  "author": "Nguyễn Nhật Ánh",
  "text_url": "https://thuviensachpdf.com/bong-bong-len-troi",
  "audio_url": "https://sachnoiviet.net/sach-noi/bong-bong-len-troi",
  "alignment_path": null
}