{
  "id": "4407d3ee",
  "name": "bong-hong-cai-ao",
  "text_path": null,
  "audio_path": null,
  "narrator": {
    "id": "6c80408a",
    "name": "Trần Ngọc San",
    "dialect": null,
    "gender": null,
    "age": null,
    "url": "https://sachnoiviet.net/giong-doc/tran-ngoc-san",
    "tone": null,
    "volume": null,
    "speed": null,
    "pitch": null
  },
  "duration": 1.5156,
  "author": "Thích Nhất Hạnh",
  "text_url": "https://thuviensachpdf.com/bong-hong-cai-ao",
  "audio_url": "https://sachnoiviet.net/sach-noi/bong-hong-cai-ao",
  "alignment_path": null
}