{
  "id": "ca2ab743",
  "name": "buoc-toi-thanh-thoi",
  "text_path": null,
  "audio_path": null,
  "narrator": {
    "id": "a5918582",
    "name": "Kim Phụng",
    "dialect": null,
    "gender": null,
    "age": null,
    "url": "https://sachnoiviet.net/giong-doc/kim-phung",
    "tone": null,
    "volume": null,
    "speed": null,
    "pitch": null
  },
  "duration": 4.4794,
  "author": "Thích Nhất Hạnh",
  "text_url": "https://thuviensachpdf.com/buoc-toi-thanh-thoi",
  "audio_url": "https://sachnoiviet.net/sach-noi/buoc-toi-thanh-thoi",
  "alignment_path": null
}