{
  "id": "e7504a70",
  "name": "buoc-đuong-cung",
  "text_path": null,
  "audio_path": null,
  "narrator": {
    "id": "18ac8c1d",
    "name": "Trung Nghị",
    "dialect": null,
    "gender": null,
    "age": null,
    "url": "https://sachnoiviet.net/giong-doc/trung-nghi",
    "tone": null,
    "volume": null,
    "speed": null,
    "pitch": null
  },
  "duration": 6.0539,
  "author": "Nguyễn Công Hoan",
  "text_url": "https://thuviensachpdf.com/buoc-duong-cung",
  "audio_url": "https://sachnoiviet.net/sach-noi/buoc-duong-cung",
  "alignment_path": null
}