{
  "id": "de085819",
  "name": "buoc-đau-hoc-phat",
  "text_path": null,
  "audio_path": null,
  "narrator": [
    {
      "id": "de975664",
      "name": "Đức Uy",
      "dialect": null,
      "gender": null,
      "age": null,
      "url": "https://sachnoiviet.net/giong-doc/duc-uy",
      "tone": null,
      "volume": null,
      "speed": null,
      "pitch": null
    },
    {
      "id": "8cbb61b4",
      "name": "Huy Hồ",
      "dialect": null,
      "gender": null,
      "age": null,
      "url": "https://sachnoiviet.net/giong-doc/huy-ho",
      "tone": null,
      "volume": null,
      "speed": null,
      "pitch": null
    },
    {
      "id": "5f837eb5",
      "name": "Thy Mai",
      "dialect": null,
      "gender": null,
      "age": null,
      "url": "https://sachnoiviet.net/giong-doc/thy-mai",
      "tone": null,
      "volume": null,
      "speed": null,
      "pitch": null
    }
  ],
  "duration": 10.5292,
  "author": "Thích Thanh Từ",
  "text_url": "https://thuviensachpdf.com/buoc-dau-hoc-phat",
  "audio_url": "https://sachnoiviet.net/sach-noi/buoc-dau-hoc-phat",
  "alignment_path": null
}