{
  "id": "30fded95",
  "name": "buoi-chieu-windows",
  "text_path": null,
  "audio_path": null,
  "narrator": {
    "id": "f5ea9f73",
    "name": "Nguyễn Nguyễn",
    "dialect": null,
    "gender": null,
    "age": null,
    "url": "https://sachnoiviet.net/giong-doc/nguyen-nguyen",
    "tone": null,
    "volume": null,
    "speed": null,
    "pitch": null
  },
  "duration": 4.3325,
  "author": "Nguyễn Nhật Ánh",
  "text_url": "https://thuviensachpdf.com/buoi-chieu-windows",
  "audio_url": "https://sachnoiviet.net/sach-noi/buoi-chieu-windows",
  "alignment_path": null
}