{
  "id": "f9e8e6e7",
  "name": "buong-bo-buon-buong",
  "text_path": null,
  "audio_path": null,
  "narrator": [
    {
      "id": "eb1ad29f",
      "name": "Huy Hồ",
      "dialect": null,
      "gender": null,
      "age": null,
      "url": "https://sachnoiviet.net/giong-doc/huy-ho",
      "tone": null,
      "volume": null,
      "speed": null,
      "pitch": null
    },
    {
      "id": "b43c7b0e",
      "name": "Kiều Hạnh",
      "dialect": null,
      "gender": null,
      "age": null,
      "url": "https://sachnoiviet.net/giong-doc/kieu-hanh",
      "tone": null,
      "volume": null,
      "speed": null,
      "pitch": null
    },
    {
      "id": "f55ffc77",
      "name": "Thủy Tiên",
      "dialect": null,
      "gender": null,
      "age": null,
      "url": "https://sachnoiviet.net/giong-doc/thuy-tien",
      "tone": null,
      "volume": null,
      "speed": null,
      "pitch": null
    }
  ],
  "duration": 6.1756,
  "author": "Ajahn Brahm",
  "text_url": "https://thuviensachpdf.com/buong-bo-buon-buong",
  "audio_url": "https://sachnoiviet.net/sach-noi/buong-bo-buon-buong",
  "alignment_path": null
}