{
  "id": "32f997f3",
  "name": "bup-be-đang-ngu",
  "text_path": null,
  "audio_path": null,
  "narrator": {
    "id": "00b9aa32",
    "name": "Lê Duyên",
    "dialect": null,
    "gender": null,
    "age": null,
    "url": "https://sachnoiviet.net/giong-doc/le-duyen",
    "tone": null,
    "volume": null,
    "speed": null,
    "pitch": null
  },
  "duration": 16.6756,
  "author": "Jeffery Deaver",
  "text_url": "https://thuviensachpdf.com/bup-be-dang-ngu",
  "audio_url": "https://sachnoiviet.net/sach-noi/bup-be-dang-ngu",
  "alignment_path": null
}