{
  "id": "f613fd3a",
  "name": "but-la-hinh-hai--but-la-tam-thuc",
  "text_path": null,
  "audio_path": null,
  "narrator": {
    "id": "f8baab65",
    "name": "Hướng Dương",
    "dialect": null,
    "gender": null,
    "age": null,
    "url": "https://sachnoiviet.net/giong-doc/huong-duong",
    "tone": null,
    "volume": null,
    "speed": null,
    "pitch": null
  },
  "duration": 7.2075,
  "author": "Thích Nhất Hạnh",
  "text_url": "https://thuviensachpdf.com/but-la-hinh-hai-but-la-tam-thuc",
  "audio_url": "https://sachnoiviet.net/sach-noi/but-la-hinh-hai-but-la-tam-thuc",
  "alignment_path": null
}