{
  "id": "16ef7be3",
  "name": "ca-the-gian-trong-tui",
  "text_path": null,
  "audio_path": null,
  "narrator": {
    "id": "9456412c",
    "name": "Lê Duyên",
    "dialect": null,
    "gender": null,
    "age": null,
    "url": "https://sachnoiviet.net/giong-doc/le-duyen",
    "tone": null,
    "volume": null,
    "speed": null,
    "pitch": null
  },
  "duration": 7.5556,
  "author": "James Hadley Chase",
  "text_url": "https://thuviensachpdf.com/ca-the-gian-trong-tui",
  "audio_url": "https://sachnoiviet.net/sach-noi/ca-the-gian-trong-tui",
  "alignment_path": null
}