{
  "id": "1c1a5089",
  "name": "cac-cuoc-chien-tranh-tien-te",
  "text_path": null,
  "audio_path": null,
  "narrator": {
    "id": "48bb878d",
    "name": "Phạm Ngọc Đông",
    "dialect": null,
    "gender": null,
    "age": null,
    "url": "https://sachnoiviet.net/giong-doc/pham-ngoc-dong",
    "tone": null,
    "volume": null,
    "speed": null,
    "pitch": null
  },
  "duration": 11.6733,
  "author": "James Rickards",
  "text_url": "https://thuviensachpdf.com/cac-cuoc-chien-tranh-tien-te",
  "audio_url": "https://sachnoiviet.net/sach-noi/cac-cuoc-chien-tranh-tien-te",
  "alignment_path": null
}