{
  "id": "69507680",
  "name": "cac-trieu-đai-viet-nam",
  "text_path": null,
  "audio_path": null,
  "narrator": {
    "id": "416d3932",
    "name": "Huỳnh Kim Phụng",
    "dialect": null,
    "gender": null,
    "age": null,
    "url": "https://sachnoiviet.net/giong-doc/huynh-kim-phung",
    "tone": null,
    "volume": null,
    "speed": null,
    "pitch": null
  },
  "duration": 10.6994,
  "author": "Quỳnh Cư",
  "text_url": "https://thuviensachpdf.com/cac-trieu-dai-viet-nam",
  "audio_url": "https://sachnoiviet.net/sach-noi/cac-trieu-dai-viet-nam",
  "alignment_path": null
}