{
  "id": "57fc5311",
  "name": "cam-bay-nguoi",
  "text_path": null,
  "audio_path": null,
  "narrator": {
    "id": "e3fb0463",
    "name": "Hồng Trinh",
    "dialect": null,
    "gender": null,
    "age": null,
    "url": "https://sachnoiviet.net/giong-doc/hong-trinh",
    "tone": null,
    "volume": null,
    "speed": null,
    "pitch": null
  },
  "duration": 4.1678,
  "author": "Vũ Trọng Phụng",
  "text_url": "https://thuviensachpdf.com/cam-bay-nguoi",
  "audio_url": "https://sachnoiviet.net/sach-noi/cam-bay-nguoi",
  "alignment_path": null
}