{
  "id": "adf92fbd",
  "name": "cam-tu-my-nhan",
  "text_path": null,
  "audio_path": null,
  "narrator": {
    "id": "3df04786",
    "name": "Tuệ Nhi",
    "dialect": null,
    "gender": null,
    "age": null,
    "url": "https://sachnoiviet.net/giong-doc/tue-nhi",
    "tone": null,
    "volume": null,
    "speed": null,
    "pitch": null
  },
  "duration": 4.8392,
  "author": "Điền Tiểu Điền",
  "text_url": "https://thuviensachpdf.com/cam-tu-my-nhan",
  "audio_url": "https://sachnoiviet.net/sach-noi/cam-tu-my-nhan",
  "alignment_path": null
}