{
  "id": "a3534d2d",
  "name": "cang-đoc-lap-cang-cao-quy",
  "text_path": null,
  "audio_path": null,
  "narrator": {
    "id": "8f7e6da2",
    "name": "Mộc",
    "dialect": null,
    "gender": null,
    "age": null,
    "url": "https://sachnoiviet.net/giong-doc/moc",
    "tone": null,
    "volume": null,
    "speed": null,
    "pitch": null
  },
  "duration": 8.2478,
  "author": "Vãn Tình",
  "text_url": "https://thuviensachpdf.com/cang-doc-lap-cang-cao-quy",
  "audio_url": "https://sachnoiviet.net/sach-noi/cang-doc-lap-cang-cao-quy",
  "alignment_path": null
}