{
  "id": "313b1754",
  "name": "cang-manh-me-cang-diu-dang",
  "text_path": null,
  "audio_path": null,
  "narrator": {
    "id": "a8016708",
    "name": "Unknown",
    "dialect": null,
    "gender": null,
    "age": null,
    "url": "Unknown",
    "tone": null,
    "volume": null,
    "speed": null,
    "pitch": null
  },
  "duration": 6.9611,
  "author": "Lý Ái Linh",
  "text_url": "https://thuviensachpdf.com/cang-manh-me-cang-diu-dang",
  "audio_url": "https://sachnoiviet.net/sach-noi/cang-manh-me-cang-diu-dang",
  "alignment_path": null
}