{
  "id": "12923d63",
  "name": "canh-đong-bat-tan",
  "text_path": null,
  "audio_path": null,
  "narrator": [
    {
      "id": "e88226c1",
      "name": "Bình Nguyên",
      "dialect": null,
      "gender": null,
      "age": null,
      "url": "https://sachnoiviet.net/giong-doc/binh-nguyen",
      "tone": null,
      "volume": null,
      "speed": null,
      "pitch": null
    },
    {
      "id": "db33db1c",
      "name": "Sài Gòn Voice",
      "dialect": null,
      "gender": null,
      "age": null,
      "url": "https://sachnoiviet.net/giong-doc/sai-gon-voice",
      "tone": null,
      "volume": null,
      "speed": null,
      "pitch": null
    },
    {
      "id": "7052b733",
      "name": "Trần Ngọc San",
      "dialect": null,
      "gender": null,
      "age": null,
      "url": "https://sachnoiviet.net/giong-doc/tran-ngoc-san",
      "tone": null,
      "volume": null,
      "speed": null,
      "pitch": null
    }
  ],
  "duration": 6.2592,
  "author": "Nguyễn Ngọc Tư",
  "text_url": "https://thuviensachpdf.com/canh-dong-bat-tan",
  "audio_url": "https://sachnoiviet.net/sach-noi/canh-dong-bat-tan",
  "alignment_path": null
}