{
  "id": "35afedcc",
  "name": "cat-bui-thoi-gian",
  "text_path": null,
  "audio_path": null,
  "narrator": {
    "id": "bce92352",
    "name": "Vân Ngọc",
    "dialect": null,
    "gender": null,
    "age": null,
    "url": "https://sachnoiviet.net/giong-doc/van-ngoc",
    "tone": null,
    "volume": null,
    "speed": null,
    "pitch": null
  },
  "duration": 16.5392,
  "author": "Sidney Sheldon",
  "text_url": "https://thuviensachpdf.com/cat-bui-thoi-gian",
  "audio_url": "https://sachnoiviet.net/sach-noi/cat-bui-thoi-gian",
  "alignment_path": null
}