{
  "id": "4af65cc5",
  "name": "cau-chuyen-dong-song",
  "text_path": null,
  "audio_path": null,
  "narrator": {
    "id": "9f78540e",
    "name": "Chiếu Thành",
    "dialect": null,
    "gender": null,
    "age": null,
    "url": "https://sachnoiviet.net/giong-doc/chieu-thanh",
    "tone": null,
    "volume": null,
    "speed": null,
    "pitch": null
  },
  "duration": 5.1264,
  "author": "Hermann Hesse",
  "text_url": "https://thuviensachpdf.com/cau-chuyen-dong-song",
  "audio_url": "https://sachnoiviet.net/sach-noi/cau-chuyen-dong-song",
  "alignment_path": null
}