{
  "id": "b9997de0",
  "name": "charlotte-va-wilbur",
  "text_path": null,
  "audio_path": null,
  "narrator": {
    "id": "43945ca1",
    "name": "Lạc Lạc",
    "dialect": null,
    "gender": null,
    "age": null,
    "url": "https://sachnoiviet.net/giong-doc/lac-lac",
    "tone": null,
    "volume": null,
    "speed": null,
    "pitch": null
  },
  "duration": 4.1364,
  "author": "E. B. White",
  "text_url": "https://thuviensachpdf.com/charlotte-va-wilbur",
  "audio_url": "https://sachnoiviet.net/sach-noi/charlotte-va-wilbur",
  "alignment_path": null
}