{
  "id": "123b8f51",
  "name": "chet-sap-bay-roi",
  "text_path": null,
  "audio_path": null,
  "narrator": [
    {
      "id": "1413b4d9",
      "name": "Bili",
      "dialect": null,
      "gender": null,
      "age": null,
      "url": "https://sachnoiviet.net/giong-doc/bili",
      "tone": null,
      "volume": null,
      "speed": null,
      "pitch": null
    },
    {
      "id": "1512e742",
      "name": "Natri",
      "dialect": null,
      "gender": null,
      "age": null,
      "url": "https://sachnoiviet.net/giong-doc/natri",
      "tone": null,
      "volume": null,
      "speed": null,
      "pitch": null
    }
  ],
  "duration": 13.6328,
  "author": "King Kong Barbie",
  "text_url": "https://thuviensachpdf.com/chet-sap-bay-roi",
  "audio_url": "https://sachnoiviet.net/sach-noi/chet-sap-bay-roi",
  "alignment_path": null
}