{
  "id": "ef798777",
  "name": "chet-đi-ve-đau",
  "text_path": null,
  "audio_path": null,
  "narrator": {
    "id": "9dc4450f",
    "name": "Unknown",
    "dialect": null,
    "gender": null,
    "age": null,
    "url": "Unknown",
    "tone": null,
    "volume": null,
    "speed": null,
    "pitch": null
  },
  "duration": 3.8058,
  "author": "Thích Nhật Từ",
  "text_url": "https://thuviensachpdf.com/chet-di-ve-dau",
  "audio_url": "https://sachnoiviet.net/sach-noi/chet-di-ve-dau",
  "alignment_path": null
}