{
  "id": "a79c4b6c",
  "name": "chi-song-thoi-la-đa-đu-tuyet-voi",
  "text_path": null,
  "audio_path": null,
  "narrator": {
    "id": "acc6c8fc",
    "name": "Mộc",
    "dialect": null,
    "gender": null,
    "age": null,
    "url": "https://sachnoiviet.net/giong-doc/moc",
    "tone": null,
    "volume": null,
    "speed": null,
    "pitch": null
  },
  "duration": 2.3719,
  "author": "Itsuki Hiroyuki",
  "text_url": "https://thuviensachpdf.com/chi-song-thoi-la-da-du-tuyet-voi",
  "audio_url": "https://sachnoiviet.net/sach-noi/chi-song-thoi-la-da-du-tuyet-voi",
  "alignment_path": null
}