{
  "id": "463972a2",
  "name": "chi-pheo",
  "text_path": null,
  "audio_path": null,
  "narrator": {
    "id": "b12b5706",
    "name": "Trần Ngọc San",
    "dialect": null,
    "gender": null,
    "age": null,
    "url": "https://sachnoiviet.net/giong-doc/tran-ngoc-san",
    "tone": null,
    "volume": null,
    "speed": null,
    "pitch": null
  },
  "duration": 2.6397,
  "author": "Nam Cao",
  "text_url": "https://thuviensachpdf.com/chi-pheo",
  "audio_url": "https://sachnoiviet.net/sach-noi/chi-pheo",
  "alignment_path": null
}