{
  "id": "014115ff",
  "name": "chiec-nhan-kim-cuong",
  "text_path": null,
  "audio_path": null,
  "narrator": {
    "id": "35e24797",
    "name": "Lê Duyên",
    "dialect": null,
    "gender": null,
    "age": null,
    "url": "https://sachnoiviet.net/giong-doc/le-duyen",
    "tone": null,
    "volume": null,
    "speed": null,
    "pitch": null
  },
  "duration": 8.0889,
  "author": "Danielle Steel",
  "text_url": "https://thuviensachpdf.com/chiec-nhan-kim-cuong",
  "audio_url": "https://sachnoiviet.net/sach-noi/chiec-nhan-kim-cuong",
  "alignment_path": null
}