{
  "id": "45b06986",
  "name": "chiec-la-cuoi-cung",
  "text_path": null,
  "audio_path": null,
  "narrator": {
    "id": "d7a1fdb0",
    "name": "Phương Minh",
    "dialect": null,
    "gender": null,
    "age": null,
    "url": "https://sachnoiviet.net/giong-doc/phuong-minh",
    "tone": null,
    "volume": null,
    "speed": null,
    "pitch": null
  },
  "duration": 4.0872,
  "author": "O Henry",
  "text_url": "https://thuviensachpdf.com/chiec-la-cuoi-cung",
  "audio_url": "https://sachnoiviet.net/sach-noi/chiec-la-cuoi-cung",
  "alignment_path": null
}