{
  "id": "f326eefb",
  "name": "chiec-luoc-nga",
  "text_path": null,
  "audio_path": null,
  "narrator": {
    "id": "cc678011",
    "name": "Trần Ngọc San",
    "dialect": null,
    "gender": null,
    "age": null,
    "url": "https://sachnoiviet.net/giong-doc/tran-ngoc-san",
    "tone": null,
    "volume": null,
    "speed": null,
    "pitch": null
  },
  "duration": 1.0403,
  "author": "Nguyễn Quang Sáng",
  "text_url": "https://thuviensachpdf.com/chiec-luoc-nga",
  "audio_url": "https://sachnoiviet.net/sach-noi/chiec-luoc-nga",
  "alignment_path": null
}