{
  "id": "c9d1ccb9",
  "name": "chieu-dieu",
  "text_path": null,
  "audio_path": null,
  "narrator": {
    "id": "62b99539",
    "name": "MC Rin",
    "dialect": null,
    "gender": null,
    "age": null,
    "url": "https://sachnoiviet.net/giong-doc/mc-rin",
    "tone": null,
    "volume": null,
    "speed": null,
    "pitch": null
  },
  "duration": 18.3944,
  "author": "Cửu Lộ Phi Hương",
  "text_url": "https://thuviensachpdf.com/chieu-dieu",
  "audio_url": "https://sachnoiviet.net/sach-noi/chieu-dieu",
  "alignment_path": null
}