{
  "id": "4ae8a538",
  "name": "chinh-phuc-muc-tieu",
  "text_path": null,
  "audio_path": null,
  "narrator": {
    "id": "750fdae4",
    "name": "Unknown",
    "dialect": null,
    "gender": null,
    "age": null,
    "url": "Unknown",
    "tone": null,
    "volume": null,
    "speed": null,
    "pitch": null
  },
  "duration": 1.9892,
  "author": "Brian Tracy",
  "text_url": "https://thuviensachpdf.com/chinh-phuc-muc-tieu",
  "audio_url": "https://sachnoiviet.net/sach-noi/chinh-phuc-muc-tieu",
  "alignment_path": null
}