{
  "id": "6849e3fa",
  "name": "cho-toi-xin-mot-ve-đi-tuoi-tho",
  "text_path": null,
  "audio_path": null,
  "narrator": {
    "id": "c78a5aef",
    "name": "Phan Phương Thảo",
    "dialect": null,
    "gender": null,
    "age": null,
    "url": "https://sachnoiviet.net/giong-doc/phan-phuong-thao",
    "tone": null,
    "volume": null,
    "speed": null,
    "pitch": null
  },
  "duration": 2.4858,
  "author": "Nguyễn Nhật Ánh",
  "text_url": "https://thuviensachpdf.com/cho-toi-xin-mot-ve-di-tuoi-tho",
  "audio_url": "https://sachnoiviet.net/sach-noi/cho-toi-xin-mot-ve-di-tuoi-tho",
  "alignment_path": null
}