{
  "id": "ed18e5e6",
  "name": "chop-be-mua-nguon",
  "text_path": null,
  "audio_path": null,
  "narrator": {
    "id": "2ad6a475",
    "name": "Hoàng Anh",
    "dialect": null,
    "gender": null,
    "age": null,
    "url": "https://sachnoiviet.net/giong-doc/hoang-anh",
    "tone": null,
    "volume": null,
    "speed": null,
    "pitch": null
  },
  "duration": 7.6792,
  "author": "Quỳnh Dao",
  "text_url": "https://thuviensachpdf.com/chop-be-mua-nguon",
  "audio_url": "https://sachnoiviet.net/sach-noi/chop-be-mua-nguon",
  "alignment_path": null
}