{
  "id": "e4624bea",
  "name": "chu-nguoi-tu-tu",
  "text_path": null,
  "audio_path": null,
  "narrator": {
    "id": "37bf4c83",
    "name": "Trần Ngọc San",
    "dialect": null,
    "gender": null,
    "age": null,
    "url": "https://sachnoiviet.net/giong-doc/tran-ngoc-san",
    "tone": null,
    "volume": null,
    "speed": null,
    "pitch": null
  },
  "duration": 0.3792,
  "author": "Nguyễn Tuân",
  "text_url": "https://thuviensachpdf.com/chu-nguoi-tu-tu",
  "audio_url": "https://sachnoiviet.net/sach-noi/chu-nguoi-tu-tu",
  "alignment_path": null
}