{
  "id": "56ea7811",
  "name": "chu-be-co-tai-mo-khoa",
  "text_path": null,
  "audio_path": null,
  "narrator": {
    "id": "efb5f71f",
    "name": "MC Quốc Bình",
    "dialect": null,
    "gender": null,
    "age": null,
    "url": "https://sachnoiviet.net/giong-doc/mc-quoc-binh",
    "tone": null,
    "volume": null,
    "speed": null,
    "pitch": null
  },
  "duration": 3.9222,
  "author": "Nguyễn Quang Thân",
  "text_url": "https://thuviensachpdf.com/chu-be-co-tai-mo-khoa",
  "audio_url": "https://sachnoiviet.net/sach-noi/chu-be-co-tai-mo-khoa",
  "alignment_path": null
}