{
  "id": "57058a62",
  "name": "chu-tu-cau",
  "text_path": null,
  "audio_path": null,
  "narrator": [
    {
      "id": "c0c827e0",
      "name": "Chân Như",
      "dialect": null,
      "gender": null,
      "age": null,
      "url": "https://sachnoiviet.net/giong-doc/chan-nhu",
      "tone": null,
      "volume": null,
      "speed": null,
      "pitch": null
    },
    {
      "id": "2a76dc58",
      "name": "Kiều Loan",
      "dialect": null,
      "gender": null,
      "age": null,
      "url": "https://sachnoiviet.net/giong-doc/kieu-loan",
      "tone": null,
      "volume": null,
      "speed": null,
      "pitch": null
    },
    {
      "id": "b67622e0",
      "name": "Nam Anh",
      "dialect": null,
      "gender": null,
      "age": null,
      "url": "https://sachnoiviet.net/giong-doc/nam-anh",
      "tone": null,
      "volume": null,
      "speed": null,
      "pitch": null
    }
  ],
  "duration": 24.5861,
  "author": "Lê Xuyên",
  "text_url": "https://thuviensachpdf.com/chu-tu-cau",
  "audio_url": "https://sachnoiviet.net/sach-noi/chu-tu-cau",
  "alignment_path": null
}