{
  "id": "5e582e09",
  "name": "chu-be-rac-roi",
  "text_path": null,
  "audio_path": null,
  "narrator": {
    "id": "bd901343",
    "name": "Nguyễn Nguyễn",
    "dialect": null,
    "gender": null,
    "age": null,
    "url": "https://sachnoiviet.net/giong-doc/nguyen-nguyen",
    "tone": null,
    "volume": null,
    "speed": null,
    "pitch": null
  },
  "duration": 3.6178,
  "author": "Nguyễn Nhật Ánh",
  "text_url": "https://thuviensachpdf.com/chu-be-rac-roi",
  "audio_url": "https://sachnoiviet.net/sach-noi/chu-be-rac-roi",
  "alignment_path": null
}