{
  "id": "a79e05d3",
  "name": "chut-phan-linh-đinh",
  "text_path": null,
  "audio_path": null,
  "narrator": [
    {
      "id": "2a78fc6c",
      "name": "Quốc Thịnh",
      "dialect": null,
      "gender": null,
      "age": null,
      "url": "https://sachnoiviet.net/giong-doc/quoc-thinh",
      "tone": null,
      "volume": null,
      "speed": null,
      "pitch": null
    },
    {
      "id": "4c96daa7",
      "name": "Thanh Trúc",
      "dialect": null,
      "gender": null,
      "age": null,
      "url": "https://sachnoiviet.net/giong-doc/thanh-truc",
      "tone": null,
      "volume": null,
      "speed": null,
      "pitch": null
    },
    {
      "id": "7f5aacd9",
      "name": "Trần Ngọc San",
      "dialect": null,
      "gender": null,
      "age": null,
      "url": "https://sachnoiviet.net/giong-doc/tran-ngoc-san",
      "tone": null,
      "volume": null,
      "speed": null,
      "pitch": null
    }
  ],
  "duration": 4.5728,
  "author": "Hồ Biểu Chánh",
  "text_url": "https://thuviensachpdf.com/chut-phan-linh-dinh",
  "audio_url": "https://sachnoiviet.net/sach-noi/chut-phan-linh-dinh",
  "alignment_path": null
}