{
  "id": "4c878d32",
  "name": "chuyen-đoi-tu-ke",
  "text_path": null,
  "audio_path": null,
  "narrator": {
    "id": "8f96cdaf",
    "name": "Hướng Dương",
    "dialect": null,
    "gender": null,
    "age": null,
    "url": "https://sachnoiviet.net/giong-doc/huong-duong",
    "tone": null,
    "volume": null,
    "speed": null,
    "pitch": null
  },
  "duration": 5.1367,
  "author": "Nhiều Tác Giả",
  "text_url": "https://thuviensachpdf.com/chuyen-doi-tu-ke",
  "audio_url": "https://sachnoiviet.net/sach-noi/chuyen-doi-tu-ke",
  "alignment_path": null
}