{
  "id": "98779b89",
  "name": "chuyen-hoa-san-han",
  "text_path": null,
  "audio_path": null,
  "narrator": {
    "id": "6b77b9d2",
    "name": "Lâm Thanh Toàn",
    "dialect": null,
    "gender": null,
    "age": null,
    "url": "https://sachnoiviet.net/giong-doc/lam-thanh-toan",
    "tone": null,
    "volume": null,
    "speed": null,
    "pitch": null
  },
  "duration": 5.1178,
  "author": "Thích Nhật Từ",
  "text_url": "https://thuviensachpdf.com/chuyen-hoa-san-han",
  "audio_url": "https://sachnoiviet.net/sach-noi/chuyen-hoa-san-han",
  "alignment_path": null
}