{
  "id": "846b3905",
  "name": "chuyen-tinh-qua-nhieu-kiep-luan-hoi",
  "text_path": null,
  "audio_path": null,
  "narrator": {
    "id": "8da509dc",
    "name": "Lâm Thanh Toàn",
    "dialect": null,
    "gender": null,
    "age": null,
    "url": "https://sachnoiviet.net/giong-doc/lam-thanh-toan",
    "tone": null,
    "volume": null,
    "speed": null,
    "pitch": null
  },
  "duration": 4.1219,
  "author": "Brian L. Weiss",
  "text_url": "https://thuviensachpdf.com/chuyen-tinh-qua-nhieu-kiep-luan-hoi",
  "audio_url": "https://sachnoiviet.net/sach-noi/chuyen-tinh-qua-nhieu-kiep-luan-hoi",
  "alignment_path": null
}