{
  "id": "2cbab5b5",
  "name": "chuyen-ke-ve-bac-ho",
  "text_path": null,
  "audio_path": null,
  "narrator": {
    "id": "710bcf72",
    "name": "Ngọc Hân",
    "dialect": null,
    "gender": null,
    "age": null,
    "url": "https://sachnoiviet.net/giong-doc/ngoc-han",
    "tone": null,
    "volume": null,
    "speed": null,
    "pitch": null
  },
  "duration": 5.7661,
  "author": "Vũ Kì",
  "text_url": "https://thuviensachpdf.com/chuyen-ke-ve-bac-ho",
  "audio_url": "https://sachnoiviet.net/sach-noi/chuyen-ke-ve-bac-ho",
  "alignment_path": null
}