{
  "id": "75a5176f",
  "name": "chuyen-ve-nhung-nguoi-co-đon",
  "text_path": null,
  "audio_path": null,
  "narrator": {
    "id": "cf5412b2",
    "name": "Trần Ngọc San",
    "dialect": null,
    "gender": null,
    "age": null,
    "url": "https://sachnoiviet.net/giong-doc/tran-ngoc-san",
    "tone": null,
    "volume": null,
    "speed": null,
    "pitch": null
  },
  "duration": 2.9342,
  "author": "Hà Vũ",
  "text_url": "https://thuviensachpdf.com/chuyen-ve-nhung-nguoi-co-don",
  "audio_url": "https://sachnoiviet.net/sach-noi/chuyen-ve-nhung-nguoi-co-don",
  "alignment_path": null
}