{
  "id": "c258e499",
  "name": "chuyen-linh-tay-nam",
  "text_path": null,
  "audio_path": null,
  "narrator": {
    "id": "57f1cdcb",
    "name": "Phát Thanh Sóc Trăng",
    "dialect": null,
    "gender": null,
    "age": null,
    "url": "https://sachnoiviet.net/giong-doc/phat-thanh-soc-trang",
    "tone": null,
    "volume": null,
    "speed": null,
    "pitch": null
  },
  "duration": 10.5317,
  "author": "Trung Sỹ",
  "text_url": "https://thuviensachpdf.com/chuyen-linh-tay-nam",
  "audio_url": "https://sachnoiviet.net/sach-noi/chuyen-linh-tay-nam",
  "alignment_path": null
}