{
  "id": "7e911915",
  "name": "chuyen-no-than",
  "text_path": null,
  "audio_path": null,
  "narrator": {
    "id": "d5d27b37",
    "name": "Trung Can",
    "dialect": null,
    "gender": null,
    "age": null,
    "url": "https://sachnoiviet.net/giong-doc/trung-can",
    "tone": null,
    "volume": null,
    "speed": null,
    "pitch": null
  },
  "duration": 7.3556,
  "author": "Tô Hoài",
  "text_url": "https://thuviensachpdf.com/chuyen-no-than",
  "audio_url": "https://sachnoiviet.net/sach-noi/chuyen-no-than",
  "alignment_path": null
}