{
  "id": "b31b120f",
  "name": "chuyen-co-tich-danh-cho-nguoi-lon",
  "text_path": null,
  "audio_path": null,
  "narrator": {
    "id": "59f18ae1",
    "name": "Minh Thạnh",
    "dialect": null,
    "gender": null,
    "age": null,
    "url": "https://sachnoiviet.net/giong-doc/minh-thanh",
    "tone": null,
    "volume": null,
    "speed": null,
    "pitch": null
  },
  "duration": 3.2094,
  "author": "Nguyễn Nhật Ánh",
  "text_url": "https://thuviensachpdf.com/chuyen-co-tich-danh-cho-nguoi-lon",
  "audio_url": "https://sachnoiviet.net/sach-noi/chuyen-co-tich-danh-cho-nguoi-lon",
  "alignment_path": null
}