{
  "id": "593f5b7a",
  "name": "co-đon-tren-mang",
  "text_path": null,
  "audio_path": null,
  "narrator": {
    "id": "b983f290",
    "name": "Như Minh",
    "dialect": null,
    "gender": null,
    "age": null,
    "url": "https://sachnoiviet.net/giong-doc/nhu-minh",
    "tone": null,
    "volume": null,
    "speed": null,
    "pitch": null
  },
  "duration": 15.0558,
  "author": "Jannuszleon Wisniewski",
  "text_url": "https://thuviensachpdf.com/co-don-tren-mang",
  "audio_url": "https://sachnoiviet.net/sach-noi/co-don-tren-mang",
  "alignment_path": null
}