{
  "id": "4d06ec5e",
  "name": "co-gai-đen-tu-hom-qua",
  "text_path": null,
  "audio_path": null,
  "narrator": {
    "id": "6295fab2",
    "name": "Bình Nguyên",
    "dialect": null,
    "gender": null,
    "age": null,
    "url": "https://sachnoiviet.net/giong-doc/binh-nguyen",
    "tone": null,
    "volume": null,
    "speed": null,
    "pitch": null
  },
  "duration": 2.9275,
  "author": "Nguyễn Nhật Ánh",
  "text_url": "https://thuviensachpdf.com/co-gai-den-tu-hom-qua",
  "audio_url": "https://sachnoiviet.net/sach-noi/co-gai-den-tu-hom-qua",
  "alignment_path": null
}