{
  "id": "fb3a9ade",
  "name": "co-gai-lang-son-ha",
  "text_path": null,
  "audio_path": null,
  "narrator": {
    "id": "3ee31fed",
    "name": "Hồng Trinh",
    "dialect": null,
    "gender": null,
    "age": null,
    "url": "https://sachnoiviet.net/giong-doc/hong-trinh",
    "tone": null,
    "volume": null,
    "speed": null,
    "pitch": null
  },
  "duration": 1.0681,
  "author": "Ngọc Giao",
  "text_url": "https://thuviensachpdf.com/co-gai-lang-son-ha",
  "audio_url": "https://sachnoiviet.net/sach-noi/co-gai-lang-son-ha",
  "alignment_path": null
}