{
  "id": "f44f69d1",
  "name": "co-hoc-tinh-hoa",
  "text_path": null,
  "audio_path": null,
  "narrator": {
    "id": "21fd9297",
    "name": "Hồng Hà",
    "dialect": null,
    "gender": null,
    "age": null,
    "url": "https://sachnoiviet.net/giong-doc/hong-ha",
    "tone": null,
    "volume": null,
    "speed": null,
    "pitch": null
  },
  "duration": 10.4158,
  "author": "Ôn Như",
  "text_url": "https://thuviensachpdf.com/co-hoc-tinh-hoa",
  "audio_url": "https://sachnoiviet.net/sach-noi/co-hoc-tinh-hoa",
  "alignment_path": null
}