{
  "id": "015a01ff",
  "name": "co-hai-con-meo-ngoi-ben-cua-so",
  "text_path": null,
  "audio_path": null,
  "narrator": {
    "id": "38bd6b94",
    "name": "Quỳnh Hái",
    "dialect": null,
    "gender": null,
    "age": null,
    "url": "https://sachnoiviet.net/giong-doc/quynh-hai",
    "tone": null,
    "volume": null,
    "speed": null,
    "pitch": null
  },
  "duration": 2.3703,
  "author": "Nguyễn Nhật Ánh",
  "text_url": "https://thuviensachpdf.com/co-hai-con-meo-ngoi-ben-cua-so",
  "audio_url": "https://sachnoiviet.net/sach-noi/co-hai-con-meo-ngoi-ben-cua-so",
  "alignment_path": null
}