{
  "id": "d5eea1c0",
  "name": "co-may-ban-hang-toi-uu",
  "text_path": null,
  "audio_path": null,
  "narrator": {
    "id": "50b63ab6",
    "name": "Trần Diệu Lan",
    "dialect": null,
    "gender": null,
    "age": null,
    "url": "https://sachnoiviet.net/giong-doc/tran-dieu-lan",
    "tone": null,
    "volume": null,
    "speed": null,
    "pitch": null
  },
  "duration": 8.5058,
  "author": "Chet Holmes",
  "text_url": "https://thuviensachpdf.com/co-may-ban-hang-toi-uu",
  "audio_url": "https://sachnoiviet.net/sach-noi/co-may-ban-hang-toi-uu",
  "alignment_path": null
}