{
  "id": "2f36bf4b",
  "name": "coi-troi-linh-hon",
  "text_path": null,
  "audio_path": null,
  "narrator": {
    "id": "d540d0f4",
    "name": "Unknown",
    "dialect": null,
    "gender": null,
    "age": null,
    "url": "Unknown",
    "tone": null,
    "volume": null,
    "speed": null,
    "pitch": null
  },
  "duration": 3.7281,
  "author": "Michael A. Singer",
  "text_url": "https://thuviensachpdf.com/coi-troi-linh-hon",
  "audio_url": "https://sachnoiviet.net/sach-noi/coi-troi-linh-hon",
  "alignment_path": null
}