{
  "id": "d0b6e9ba",
  "name": "con-nha-ngheo",
  "text_path": null,
  "audio_path": null,
  "narrator": [
    {
      "id": "a8bd3a42",
      "name": "Bình Nguyên",
      "dialect": null,
      "gender": null,
      "age": null,
      "url": "https://sachnoiviet.net/giong-doc/binh-nguyen",
      "tone": null,
      "volume": null,
      "speed": null,
      "pitch": null
    },
    {
      "id": "79dc423a",
      "name": "Gia Hưng",
      "dialect": null,
      "gender": null,
      "age": null,
      "url": "https://sachnoiviet.net/giong-doc/gia-hung",
      "tone": null,
      "volume": null,
      "speed": null,
      "pitch": null
    },
    {
      "id": "6f4f3dbd",
      "name": "Hoài Trân",
      "dialect": null,
      "gender": null,
      "age": null,
      "url": "https://sachnoiviet.net/giong-doc/hoai-tran",
      "tone": null,
      "volume": null,
      "speed": null,
      "pitch": null
    }
  ],
  "duration": 6.4631,
  "author": "Hồ Biểu Chánh",
  "text_url": "https://thuviensachpdf.com/con-nha-ngheo",
  "audio_url": "https://sachnoiviet.net/sach-noi/con-nha-ngheo",
  "alignment_path": null
}