{
  "id": "f4262ed1",
  "name": "con-nguoi-8020",
  "text_path": null,
  "audio_path": null,
  "narrator": {
    "id": "90e0f3d3",
    "name": "Nhã Trâm",
    "dialect": null,
    "gender": null,
    "age": null,
    "url": "https://sachnoiviet.net/giong-doc/nha-tram",
    "tone": null,
    "volume": null,
    "speed": null,
    "pitch": null
  },
  "duration": 6.3372,
  "author": "Richard Koch",
  "text_url": "https://thuviensachpdf.com/con-nguoi-80-20",
  "audio_url": "https://sachnoiviet.net/sach-noi/con-nguoi-80-20",
  "alignment_path": null
}