{
  "id": "66669140",
  "name": "con-khong-ngoc-con-chi-thong-minh-theo-mot-cach-khac",
  "text_path": null,
  "audio_path": null,
  "narrator": {
    "id": "aed81594",
    "name": "Cậu Đây",
    "dialect": null,
    "gender": null,
    "age": null,
    "url": "https://sachnoiviet.net/giong-doc/cau-day",
    "tone": null,
    "volume": null,
    "speed": null,
    "pitch": null
  },
  "duration": 6.0828,
  "author": "Lư Tô Vỹ",
  "text_url": "https://thuviensachpdf.com/con-khong-ngoc-con-chi-thong-minh-theo-mot-cach-khac",
  "audio_url": "https://sachnoiviet.net/sach-noi/con-khong-ngoc-con-chi-thong-minh-theo-mot-cach-khac",
  "alignment_path": null
}