{
  "id": "4d0d08a9",
  "name": "con-cai-chung-ta-đeu-gioi",
  "text_path": null,
  "audio_path": null,
  "narrator": {
    "id": "836c4883",
    "name": "Trương Thị Đệ",
    "dialect": null,
    "gender": null,
    "age": null,
    "url": "https://sachnoiviet.net/giong-doc/truong-thi-de",
    "tone": null,
    "volume": null,
    "speed": null,
    "pitch": null
  },
  "duration": 8.3361,
  "author": "Adam Khoo",
  "text_url": "https://thuviensachpdf.com/con-cai-chung-ta-deu-gioi",
  "audio_url": "https://sachnoiviet.net/sach-noi/con-cai-chung-ta-deu-gioi",
  "alignment_path": null
}