{
  "id": "dcda840c",
  "name": "con-đuong-giac-ngo",
  "text_path": null,
  "audio_path": null,
  "narrator": [
    {
      "id": "4547ceac",
      "name": "Huy Hồ",
      "dialect": null,
      "gender": null,
      "age": null,
      "url": "https://sachnoiviet.net/giong-doc/huy-ho",
      "tone": null,
      "volume": null,
      "speed": null,
      "pitch": null
    },
    {
      "id": "c32c3fc7",
      "name": "Kiều Hạnh",
      "dialect": null,
      "gender": null,
      "age": null,
      "url": "https://sachnoiviet.net/giong-doc/kieu-hanh",
      "tone": null,
      "volume": null,
      "speed": null,
      "pitch": null
    },
    {
      "id": "fbb1ba35",
      "name": "Tuấn Anh",
      "dialect": null,
      "gender": null,
      "age": null,
      "url": "https://sachnoiviet.net/giong-doc/tuan-anh",
      "tone": null,
      "volume": null,
      "speed": null,
      "pitch": null
    }
  ],
  "duration": 6.0058,
  "author": "Thích Thông Phương",
  "text_url": "https://thuviensachpdf.com/con-duong-giac-ngo",
  "audio_url": "https://sachnoiviet.net/sach-noi/con-duong-giac-ngo",
  "alignment_path": null
}