{
  "id": "1936847e",
  "name": "con-mua-đinh-menh",
  "text_path": null,
  "audio_path": null,
  "narrator": {
    "id": "ea2ac817",
    "name": "Thanh Mai",
    "dialect": null,
    "gender": null,
    "age": null,
    "url": "https://sachnoiviet.net/giong-doc/thanh-mai",
    "tone": null,
    "volume": null,
    "speed": null,
    "pitch": null
  },
  "duration": 15.1964,
  "author": "Thanhthanh",
  "text_url": "https://thuviensachpdf.com/con-mua-dinh-menh",
  "audio_url": "https://sachnoiviet.net/sach-noi/con-mua-dinh-menh",
  "alignment_path": null
}