{
  "id": "b0f617a8",
  "name": "con-chut-gi-đe-nho",
  "text_path": null,
  "audio_path": null,
  "narrator": {
    "id": "37c13384",
    "name": "Bình Nguyên",
    "dialect": null,
    "gender": null,
    "age": null,
    "url": "https://sachnoiviet.net/giong-doc/binh-nguyen",
    "tone": null,
    "volume": null,
    "speed": null,
    "pitch": null
  },
  "duration": 3.6567,
  "author": "Nguyễn Nhật Ánh",
  "text_url": "https://thuviensachpdf.com/con-chut-gi-de-nho",
  "audio_url": "https://sachnoiviet.net/sach-noi/con-chut-gi-de-nho",
  "alignment_path": null
}