{
  "id": "b6c372f7",
  "name": "con-cho-nho-mang-gio-hoa-hong",
  "text_path": null,
  "audio_path": null,
  "narrator": {
    "id": "31b49df4",
    "name": "Thanh Hảo",
    "dialect": null,
    "gender": null,
    "age": null,
    "url": "https://sachnoiviet.net/giong-doc/thanh-hao",
    "tone": null,
    "volume": null,
    "speed": null,
    "pitch": null
  },
  "duration": 4.0369,
  "author": "Nguyễn Nhật Ánh",
  "text_url": "https://thuviensachpdf.com/con-cho-nho-mang-gio-hoa-hong",
  "audio_url": "https://sachnoiviet.net/sach-noi/con-cho-nho-mang-gio-hoa-hong",
  "alignment_path": null
}