{
  "id": "9595521d",
  "name": "cong-tu-bac-lieu",
  "text_path": null,
  "audio_path": null,
  "narrator": {
    "id": "810a9639",
    "name": "Thu Hiền",
    "dialect": null,
    "gender": null,
    "age": null,
    "url": "https://sachnoiviet.net/giong-doc/thu-hien",
    "tone": null,
    "volume": null,
    "speed": null,
    "pitch": null
  },
  "duration": 2.5986,
  "author": "Nguyên Hùng",
  "text_url": "https://thuviensachpdf.com/cong-tu-bac-lieu",
  "audio_url": "https://sachnoiviet.net/sach-noi/cong-tu-bac-lieu",
  "alignment_path": null
}