{
  "id": "48d90dc9",
  "name": "cong-chua-quy-tinh",
  "text_path": null,
  "audio_path": null,
  "narrator": {
    "id": "518784ae",
    "name": "MC Rin",
    "dialect": null,
    "gender": null,
    "age": null,
    "url": "https://sachnoiviet.net/giong-doc/mc-rin",
    "tone": null,
    "volume": null,
    "speed": null,
    "pitch": null
  },
  "duration": 12.2206,
  "author": "Tắc Mộ",
  "text_url": "https://thuviensachpdf.com/cong-chua-quy-tinh",
  "audio_url": "https://sachnoiviet.net/sach-noi/cong-chua-quy-tinh",
  "alignment_path": null
}