{
  "id": "51ab2cbe",
  "name": "content-bac-ty",
  "text_path": null,
  "audio_path": null,
  "narrator": {
    "id": "bcab8f45",
    "name": "Unknown",
    "dialect": null,
    "gender": null,
    "age": null,
    "url": "Unknown",
    "tone": null,
    "volume": null,
    "speed": null,
    "pitch": null
  },
  "duration": 6.5153,
  "author": "Diệp Tiểu Ngư",
  "text_url": "https://thuviensachpdf.com/content-bac-ty",
  "audio_url": "https://sachnoiviet.net/sach-noi/content-bac-ty",
  "alignment_path": null
}