{
  "id": "d09b5bee",
  "name": "cung-chi-la-hat-bui",
  "text_path": null,
  "audio_path": null,
  "narrator": {
    "id": "e2f0464b",
    "name": "Cỏ Lông Chông",
    "dialect": null,
    "gender": null,
    "age": null,
    "url": "https://sachnoiviet.net/giong-doc/co-long-chong",
    "tone": null,
    "volume": null,
    "speed": null,
    "pitch": null
  },
  "duration": 10.1889,
  "author": "Mộc Phù Sinh",
  "text_url": "https://thuviensachpdf.com/cung-chi-la-hat-bui",
  "audio_url": "https://sachnoiviet.net/sach-noi/cung-chi-la-hat-bui",
  "alignment_path": null
}