{
  "id": "7a8112f0",
  "name": "cuong-vong-phi-nhan-tinh",
  "text_path": null,
  "audio_path": null,
  "narrator": {
    "id": "ada6c6da",
    "name": "Matean",
    "dialect": null,
    "gender": null,
    "age": null,
    "url": "https://sachnoiviet.net/giong-doc/matean",
    "tone": null,
    "volume": null,
    "speed": null,
    "pitch": null
  },
  "duration": 10.3458,
  "author": "Lôi Mễ",
  "text_url": "https://thuviensachpdf.com/cuong-vong-phi-nhan-tinh",
  "audio_url": "https://sachnoiviet.net/sach-noi/cuong-vong-phi-nhan-tinh",
  "alignment_path": null
}