{
  "id": "94556161",
  "name": "đai-thieu-gia-em-lay-cau",
  "text_path": null,
  "audio_path": null,
  "narrator": {
    "id": "8c8f8055",
    "name": "Tiểu Yết",
    "dialect": null,
    "gender": null,
    "age": null,
    "url": "https://sachnoiviet.net/giong-doc/tieu-yet",
    "tone": null,
    "volume": null,
    "speed": null,
    "pitch": null
  },
  "duration": 16.1225,
  "author": "Lan Rùa",
  "text_url": "https://thuviensachpdf.com/dai-thieu-gia-em-lay-cau",
  "audio_url": "https://sachnoiviet.net/sach-noi/dai-thieu-gia-em-lay-cau",
  "alignment_path": null
}