{
  "id": "c3d0536f",
  "name": "dam-lam-giau",
  "text_path": null,
  "audio_path": null,
  "narrator": {
    "id": "d12ea153",
    "name": "Lê Yến",
    "dialect": null,
    "gender": null,
    "age": null,
    "url": "https://sachnoiviet.net/giong-doc/le-yen",
    "tone": null,
    "volume": null,
    "speed": null,
    "pitch": null
  },
  "duration": 3.8953,
  "author": "Phạm Tuấn Sơn",
  "text_url": "https://thuviensachpdf.com/dam-lam-giau",
  "audio_url": "https://sachnoiviet.net/sach-noi/dam-lam-giau",
  "alignment_path": null
}