{
  "id": "17ae9147",
  "name": "đanh-thuc-nang-luc-vo-han",
  "text_path": null,
  "audio_path": null,
  "narrator": {
    "id": "3ba63500",
    "name": "Unknown",
    "dialect": null,
    "gender": null,
    "age": null,
    "url": "Unknown",
    "tone": null,
    "volume": null,
    "speed": null,
    "pitch": null
  },
  "duration": 5.6736,
  "author": "Anthony Robbins",
  "text_url": "https://thuviensachpdf.com/danh-thuc-nang-luc-vo-han",
  "audio_url": "https://sachnoiviet.net/sach-noi/danh-thuc-nang-luc-vo-han",
  "alignment_path": null
}