{
  "id": "be758f56",
  "name": "danh-nhan-cach-mang-viet-nam",
  "text_path": null,
  "audio_path": null,
  "narrator": {
    "id": "ae8ac415",
    "name": "Nguyễn Thị Xuân",
    "dialect": null,
    "gender": null,
    "age": null,
    "url": "https://sachnoiviet.net/giong-doc/nguye%cc%83n-thi%cc%a3-xuan",
    "tone": null,
    "volume": null,
    "speed": null,
    "pitch": null
  },
  "duration": 3.6361,
  "author": "Lê Minh Quốc",
  "text_url": "https://thuviensachpdf.com/danh-nhan-cach-mang-viet-nam",
  "audio_url": "https://sachnoiviet.net/sach-noi/danh-nhan-cach-mang-viet-nam",
  "alignment_path": null
}