{
  "id": "6cbbf7a7",
  "name": "đao-giau-vang",
  "text_path": null,
  "audio_path": null,
  "narrator": {
    "id": "2c54232c",
    "name": "Trung Nghị",
    "dialect": null,
    "gender": null,
    "age": null,
    "url": "https://sachnoiviet.net/giong-doc/trung-nghi",
    "tone": null,
    "volume": null,
    "speed": null,
    "pitch": null
  },
  "duration": 6.7892,
  "author": "Robert Louis Stevenson",
  "text_url": "https://thuviensachpdf.com/dao-giau-vang",
  "audio_url": "https://sachnoiviet.net/sach-noi/dao-giau-vang",
  "alignment_path": null
}