{
  "id": "3df2fdc4",
  "name": "đat-rung-phuong-nam",
  "text_path": null,
  "audio_path": null,
  "narrator": {
    "id": "ecae08b1",
    "name": "Bình Nguyên",
    "dialect": null,
    "gender": null,
    "age": null,
    "url": "https://sachnoiviet.net/giong-doc/binh-nguyen",
    "tone": null,
    "volume": null,
    "speed": null,
    "pitch": null
  },
  "duration": 6.7186,
  "author": "Đoàn Giỏi",
  "text_url": "https://thuviensachpdf.com/dat-rung-phuong-nam",
  "audio_url": "https://sachnoiviet.net/sach-noi/dat-rung-phuong-nam",
  "alignment_path": null
}