{
  "id": "60004e8c",
  "name": "dau-xua--tan-man-lich-su-nha-nguyen",
  "text_path": null,
  "audio_path": null,
  "narrator": {
    "id": "b32e9cc2",
    "name": "Thủy Tiên",
    "dialect": null,
    "gender": null,
    "age": null,
    "url": "https://sachnoiviet.net/giong-doc/thuy-tien",
    "tone": null,
    "volume": null,
    "speed": null,
    "pitch": null
  },
  "duration": 7.4753,
  "author": "Mathilde Tuyết Trân",
  "text_url": "https://thuviensachpdf.com/dau-xua-tan-man-lich-su-nha-nguyen",
  "audio_url": "https://sachnoiviet.net/sach-noi/dau-xua-tan-man-lich-su-nha-nguyen",
  "alignment_path": null
}