{
  "id": "be03e6c7",
  "name": "dau-chan-tren-cat",
  "text_path": null,
  "audio_path": null,
  "narrator": {
    "id": "580cb37e",
    "name": "Bình Nguyên",
    "dialect": null,
    "gender": null,
    "age": null,
    "url": "https://sachnoiviet.net/giong-doc/binh-nguyen",
    "tone": null,
    "volume": null,
    "speed": null,
    "pitch": null
  },
  "duration": 9.3275,
  "author": "Nguyên Phong",
  "text_url": "https://thuviensachpdf.com/dau-chan-tren-cat",
  "audio_url": "https://sachnoiviet.net/sach-noi/dau-chan-tren-cat",
  "alignment_path": null
}