{
  "id": "f4432452",
  "name": "đe-ban-luon-tre-mai",
  "text_path": null,
  "audio_path": null,
  "narrator": {
    "id": "232fa0a9",
    "name": "Uyên Minh",
    "dialect": null,
    "gender": null,
    "age": null,
    "url": "https://sachnoiviet.net/giong-doc/uyen-minh",
    "tone": null,
    "volume": null,
    "speed": null,
    "pitch": null
  },
  "duration": 2.6539,
  "author": "Suzy Allegra",
  "text_url": "https://thuviensachpdf.com/de-ban-luon-tre-mai",
  "audio_url": "https://sachnoiviet.net/sach-noi/de-ban-luon-tre-mai",
  "alignment_path": null
}