{
  "id": "dbb5fc10",
  "name": "đe-tro-thanh-nguoi-ban-hang-xuat-sac",
  "text_path": null,
  "audio_path": null,
  "narrator": {
    "id": "b778caf6",
    "name": "Trần Huỳnh Phương Trang",
    "dialect": null,
    "gender": null,
    "age": null,
    "url": "https://sachnoiviet.net/giong-doc/tran-huy-phuong-trang",
    "tone": null,
    "volume": null,
    "speed": null,
    "pitch": null
  },
  "duration": 2.7578,
  "author": "Jeffrey J. Fox",
  "text_url": "https://thuviensachpdf.com/de-tro-thanh-nguoi-ban-hang-xuat-sac",
  "audio_url": "https://sachnoiviet.net/sach-noi/de-tro-thanh-nguoi-ban-hang-xuat-sac",
  "alignment_path": null
}