{
  "id": "8ceb45ef",
  "name": "đem-trang",
  "text_path": null,
  "audio_path": null,
  "narrator": {
    "id": "1e1eb4ba",
    "name": "Hoàng Quân",
    "dialect": null,
    "gender": null,
    "age": null,
    "url": "https://sachnoiviet.net/giong-doc/hoang-quan",
    "tone": null,
    "volume": null,
    "speed": null,
    "pitch": null
  },
  "duration": 2.2661,
  "author": "Dostoevsky",
  "text_url": "https://thuviensachpdf.com/dem-trang",
  "audio_url": "https://sachnoiviet.net/sach-noi/dem-trang",
  "alignment_path": null
}