{
  "id": "cbb34076",
  "name": "đi-qua-hoa-cuc",
  "text_path": null,
  "audio_path": null,
  "narrator": {
    "id": "1384deb7",
    "name": "Bình Nguyên",
    "dialect": null,
    "gender": null,
    "age": null,
    "url": "https://sachnoiviet.net/giong-doc/binh-nguyen",
    "tone": null,
    "volume": null,
    "speed": null,
    "pitch": null
  },
  "duration": 3.8542,
  "author": "Nguyễn Nhật Ánh",
  "text_url": "https://thuviensachpdf.com/di-qua-hoa-cuc",
  "audio_url": "https://sachnoiviet.net/sach-noi/di-qua-hoa-cuc",
  "alignment_path": null
}