{
  "id": "592642ac",
  "name": "đi-tim-niem-tin-thoi-internet",
  "text_path": null,
  "audio_path": null,
  "narrator": {
    "id": "72f834ea",
    "name": "Nhã Trâm",
    "dialect": null,
    "gender": null,
    "age": null,
    "url": "https://sachnoiviet.net/giong-doc/nha-tram",
    "tone": null,
    "volume": null,
    "speed": null,
    "pitch": null
  },
  "duration": 5.3392,
  "author": "Alan Phan",
  "text_url": "https://thuviensachpdf.com/di-tim-niem-tin-thoi-internet",
  "audio_url": "https://sachnoiviet.net/sach-noi/di-tim-niem-tin-thoi-internet",
  "alignment_path": null
}