{
  "id": "50f281c6",
  "name": "đi-va-ghi-nho",
  "text_path": null,
  "audio_path": null,
  "narrator": {
    "id": "4cecff3f",
    "name": "Nguyễn Nam Dương",
    "dialect": null,
    "gender": null,
    "age": null,
    "url": "https://sachnoiviet.net/giong-doc/nguyen-nam-duong",
    "tone": null,
    "volume": null,
    "speed": null,
    "pitch": null
  },
  "duration": 7.0725,
  "author": "Sơn Nam",
  "text_url": "https://thuviensachpdf.com/di-va-ghi-nho",
  "audio_url": "https://sachnoiviet.net/sach-noi/di-va-ghi-nho",
  "alignment_path": null
}