{
  "id": "c599f20b",
  "name": "đia-đo-di-cot",
  "text_path": null,
  "audio_path": null,
  "narrator": {
    "id": "70efa4d6",
    "name": "MC Thu Trang",
    "dialect": null,
    "gender": null,
    "age": null,
    "url": "https://sachnoiviet.net/giong-doc/mc-thu-trang",
    "tone": null,
    "volume": null,
    "speed": null,
    "pitch": null
  },
  "duration": 17.7192,
  "author": "James Rollins",
  "text_url": "https://thuviensachpdf.com/dia-do-di-cot",
  "audio_url": "https://sachnoiviet.net/sach-noi/dia-do-di-cot",
  "alignment_path": null
}