{
  "id": "d5d597cb",
  "name": "dich-hoc-tinh-hoa",
  "text_path": null,
  "audio_path": null,
  "narrator": {
    "id": "ac1ed3bf",
    "name": "Lê Như Quỳnh",
    "dialect": null,
    "gender": null,
    "age": null,
    "url": "https://sachnoiviet.net/giong-doc/le-nhu-quynh",
    "tone": null,
    "volume": null,
    "speed": null,
    "pitch": null
  },
  "duration": 5.7903,
  "author": "Nguyễn Duy Cần",
  "text_url": "https://thuviensachpdf.com/dich-hoc-tinh-hoa",
  "audio_url": "https://sachnoiviet.net/sach-noi/dich-hoc-tinh-hoa",
  "alignment_path": null
}