{
  "id": "43c47b6f",
  "name": "đieu-vi-đai-đoi-thuong",
  "text_path": null,
  "audio_path": null,
  "narrator": {
    "id": "5be07a23",
    "name": "Trần Huỳnh Phương Trang",
    "dialect": null,
    "gender": null,
    "age": null,
    "url": "https://sachnoiviet.net/giong-doc/tran-huy-phuong-trang",
    "tone": null,
    "volume": null,
    "speed": null,
    "pitch": null
  },
  "duration": 5.0611,
  "author": "Robin Sharma",
  "text_url": "https://thuviensachpdf.com/dieu-vi-dai-doi-thuong",
  "audio_url": "https://sachnoiviet.net/sach-noi/dieu-vi-dai-doi-thuong",
  "alignment_path": null
}