{
  "id": "e036f1b7",
  "name": "đieu-ky-dieu-cua-nang-luc-tam-tri",
  "text_path": null,
  "audio_path": null,
  "narrator": {
    "id": "b5d3af39",
    "name": "Việt Dũng",
    "dialect": null,
    "gender": null,
    "age": null,
    "url": "https://sachnoiviet.net/giong-doc/viet-dung",
    "tone": null,
    "volume": null,
    "speed": null,
    "pitch": null
  },
  "duration": 8.2542,
  "author": "Joseph Murphy",
  "text_url": "https://thuviensachpdf.com/dieu-ky-dieu-cua-nang-luc-tam-tri",
  "audio_url": "https://sachnoiviet.net/sach-noi/dieu-ky-dieu-cua-nang-luc-tam-tri",
  "alignment_path": null
}