{
  "id": "91989f3d",
  "name": "đinh-menh-đa-an-bai",
  "text_path": null,
  "audio_path": null,
  "narrator": {
    "id": "4303af4b",
    "name": "Tịnh Khẩu",
    "dialect": null,
    "gender": null,
    "age": null,
    "url": "https://sachnoiviet.net/giong-doc/tinh-khau",
    "tone": null,
    "volume": null,
    "speed": null,
    "pitch": null
  },
  "duration": 9.1033,
  "author": "Hoàng Hải Thủy",
  "text_url": "https://thuviensachpdf.com/dinh-menh-da-an-bai",
  "audio_url": "https://sachnoiviet.net/sach-noi/dinh-menh-da-an-bai",
  "alignment_path": null
}