{
  "id": "bd22ff82",
  "name": "đo-doc",
  "text_path": null,
  "audio_path": null,
  "narrator": [
    {
      "id": "e8941c45",
      "name": "Cẩm Thu",
      "dialect": null,
      "gender": null,
      "age": null,
      "url": "https://sachnoiviet.net/giong-doc/cam-thu",
      "tone": null,
      "volume": null,
      "speed": null,
      "pitch": null
    },
    {
      "id": "7773e526",
      "name": "Nam Phong",
      "dialect": null,
      "gender": null,
      "age": null,
      "url": "https://sachnoiviet.net/giong-doc/nam-phong",
      "tone": null,
      "volume": null,
      "speed": null,
      "pitch": null
    }
  ],
  "duration": 6.995,
  "author": "Bình Nguyên Lộc",
  "text_url": "https://thuviensachpdf.com/do-doc",
  "audio_url": "https://sachnoiviet.net/sach-noi/do-doc",
  "alignment_path": null
}