{
  "id": "0d45f28c",
  "name": "do-mam",
  "text_path": null,
  "audio_path": null,
  "narrator": {
    "id": "89724ec7",
    "name": "Thủy Tiên",
    "dialect": null,
    "gender": null,
    "age": null,
    "url": "https://sachnoiviet.net/giong-doc/thuy-tien",
    "tone": null,
    "volume": null,
    "speed": null,
    "pitch": null
  },
  "duration": 8.6989,
  "author": "Vương Hồng Sển",
  "text_url": "https://thuviensachpdf.com/do-mam",
  "audio_url": "https://sachnoiviet.net/sach-noi/do-mam",
  "alignment_path": null
}