{
  "id": "a27cdc82",
  "name": "đoan-mat-vu-cua-ngo-đinh-can",
  "text_path": null,
  "audio_path": null,
  "narrator": {
    "id": "f10d5e13",
    "name": "Quang Dũng",
    "dialect": null,
    "gender": null,
    "age": null,
    "url": "https://sachnoiviet.net/giong-doc/quang-dung",
    "tone": null,
    "volume": null,
    "speed": null,
    "pitch": null
  },
  "duration": 2.3361,
  "author": "Văn Phan",
  "text_url": "https://thuviensachpdf.com/doan-mat-vu-cua-ngo-dinh-can",
  "audio_url": "https://sachnoiviet.net/sach-noi/doan-mat-vu-cua-ngo-dinh-can",
  "alignment_path": null
}