{
  "id": "ddd856a6",
  "name": "đoan-tinh",
  "text_path": null,
  "audio_path": null,
  "narrator": [
    {
      "id": "e0187e49",
      "name": "Nam Phong",
      "dialect": null,
      "gender": null,
      "age": null,
      "url": "https://sachnoiviet.net/giong-doc/nam-phong",
      "tone": null,
      "volume": null,
      "speed": null,
      "pitch": null
    },
    {
      "id": "a750950a",
      "name": "Phượng Dung",
      "dialect": null,
      "gender": null,
      "age": null,
      "url": "https://sachnoiviet.net/giong-doc/phuong-dung",
      "tone": null,
      "volume": null,
      "speed": null,
      "pitch": null
    }
  ],
  "duration": 4.3919,
  "author": "Hồ Biểu Chánh",
  "text_url": "https://thuviensachpdf.com/doan-tinh",
  "audio_url": "https://sachnoiviet.net/sach-noi/doan-tinh",
  "alignment_path": null
}