{
  "id": "668e9f8a",
  "name": "doc-het-trai-tim",
  "text_path": null,
  "audio_path": null,
  "narrator": {
    "id": "b520e087",
    "name": "Hiền Lương",
    "dialect": null,
    "gender": null,
    "age": null,
    "url": "https://sachnoiviet.net/giong-doc/hien-luong",
    "tone": null,
    "volume": null,
    "speed": null,
    "pitch": null
  },
  "duration": 11.6725,
  "author": "Howard Schultz",
  "text_url": "https://thuviensachpdf.com/doc-het-trai-tim",
  "audio_url": "https://sachnoiviet.net/sach-noi/doc-het-trai-tim",
  "alignment_path": null
}