{
  "id": "ea40fb0f",
  "name": "đoc-nu-pk-thay-giao-luu-manh",
  "text_path": null,
  "audio_path": null,
  "narrator": {
    "id": "c6bfb57b",
    "name": "Ý Ý",
    "dialect": null,
    "gender": null,
    "age": null,
    "url": "https://sachnoiviet.net/giong-doc/y-y",
    "tone": null,
    "volume": null,
    "speed": null,
    "pitch": null
  },
  "duration": 8.9639,
  "author": "Đào Đào Nhất Luân",
  "text_url": "https://thuviensachpdf.com/doc-nu-pk-thay-giao-luu-manh",
  "audio_url": "https://sachnoiviet.net/sach-noi/doc-nu-pk-thay-giao-luu-manh",
  "alignment_path": null
}