{
  "id": "15109734",
  "name": "đoc-gia-thu-7",
  "text_path": null,
  "audio_path": null,
  "narrator": {
    "id": "38e07831",
    "name": "Matean",
    "dialect": null,
    "gender": null,
    "age": null,
    "url": "https://sachnoiviet.net/giong-doc/matean",
    "tone": null,
    "volume": null,
    "speed": null,
    "pitch": null
  },
  "duration": 6.1736,
  "author": "Lôi Mễ",
  "text_url": "https://thuviensachpdf.com/doc-gia-thu-7",
  "audio_url": "https://sachnoiviet.net/sach-noi/doc-gia-thu-7",
  "alignment_path": null
}