{
  "id": "07f39f95",
  "name": "đoc-thoai-hai-muoi",
  "text_path": null,
  "audio_path": null,
  "narrator": {
    "id": "5fd6c92f",
    "name": "Hà Vy",
    "dialect": null,
    "gender": null,
    "age": null,
    "url": "https://sachnoiviet.net/giong-doc/ha-vy",
    "tone": null,
    "volume": null,
    "speed": null,
    "pitch": null
  },
  "duration": 3.4169,
  "author": "Mạc Thụy",
  "text_url": "https://thuviensachpdf.com/doc-thoai-hai-muoi",
  "audio_url": "https://sachnoiviet.net/sach-noi/doc-thoai-hai-muoi",
  "alignment_path": null
}