{
  "id": "db0cb4c2",
  "name": "đoi-ban-ban-khong-song-ai-song-ho",
  "text_path": null,
  "audio_path": null,
  "narrator": {
    "id": "ae3be8d4",
    "name": "Mộc",
    "dialect": null,
    "gender": null,
    "age": null,
    "url": "https://sachnoiviet.net/giong-doc/moc",
    "tone": null,
    "volume": null,
    "speed": null,
    "pitch": null
  },
  "duration": 2.3692,
  "author": "Watanabe Kuzuko",
  "text_url": "https://thuviensachpdf.com/doi-ban-ban-khong-song-ai-song-ho",
  "audio_url": "https://sachnoiviet.net/sach-noi/doi-ban-ban-khong-song-ai-song-ho",
  "alignment_path": null
}