{
  "id": "7864531b",
  "name": "đoi-gao-len-chua",
  "text_path": null,
  "audio_path": null,
  "narrator": {
    "id": "a7f48494",
    "name": "Hồng Hà",
    "dialect": null,
    "gender": null,
    "age": null,
    "url": "https://sachnoiviet.net/giong-doc/hong-ha",
    "tone": null,
    "volume": null,
    "speed": null,
    "pitch": null
  },
  "duration": 22.0947,
  "author": "Nguyễn Xuân Khánh",
  "text_url": "https://thuviensachpdf.com/doi-gao-len-chua",
  "audio_url": "https://sachnoiviet.net/sach-noi/doi-gao-len-chua",
  "alignment_path": null
}