{
  "id": "41da03d1",
  "name": "đoi-ngan-đung-khoc-hay-to-son",
  "text_path": null,
  "audio_path": null,
  "narrator": {
    "id": "4c71f45b",
    "name": "Mộc",
    "dialect": null,
    "gender": null,
    "age": null,
    "url": "https://sachnoiviet.net/giong-doc/moc",
    "tone": null,
    "volume": null,
    "speed": null,
    "pitch": null
  },
  "duration": 2.5319,
  "author": "Gari",
  "text_url": "https://thuviensachpdf.com/doi-ngan-dung-khoc-hay-to-son",
  "audio_url": "https://sachnoiviet.net/sach-noi/doi-ngan-dung-khoc-hay-to-son",
  "alignment_path": null
}