{
  "id": "02d2f76f",
  "name": "đoi-nay-khong-đoi-thay",
  "text_path": null,
  "audio_path": null,
  "narrator": {
    "id": "edc4297d",
    "name": "Banni",
    "dialect": null,
    "gender": null,
    "age": null,
    "url": "https://sachnoiviet.net/giong-doc/banni",
    "tone": null,
    "volume": null,
    "speed": null,
    "pitch": null
  },
  "duration": 12.5139,
  "author": "Huyền Mặc",
  "text_url": "https://thuviensachpdf.com/doi-nay-khong-doi-thay",
  "audio_url": "https://sachnoiviet.net/sach-noi/doi-nay-khong-doi-thay",
  "alignment_path": null
}