{
  "id": "d08cd6cc",
  "name": "đong-cung",
  "text_path": null,
  "audio_path": null,
  "narrator": {
    "id": "68d6d1c5",
    "name": "MC Rin",
    "dialect": null,
    "gender": null,
    "age": null,
    "url": "https://sachnoiviet.net/giong-doc/mc-rin",
    "tone": null,
    "volume": null,
    "speed": null,
    "pitch": null
  },
  "duration": 11.6736,
  "author": "Phỉ Ngã Tư Tồn",
  "text_url": "https://thuviensachpdf.com/dong-cung",
  "audio_url": "https://sachnoiviet.net/sach-noi/dong-cung",
  "alignment_path": null
}