{
  "id": "849a7cc4",
  "name": "đong-tam-long",
  "text_path": null,
  "audio_path": null,
  "narrator": {
    "id": "8fabb3b1",
    "name": "Thanh Trúc",
    "dialect": null,
    "gender": null,
    "age": null,
    "url": "https://sachnoiviet.net/giong-doc/thanh-truc",
    "tone": null,
    "volume": null,
    "speed": null,
    "pitch": null
  },
  "duration": 3.4192,
  "author": "Nguyễn Ngọc Tư",
  "text_url": "https://thuviensachpdf.com/dong-tam-long",
  "audio_url": "https://sachnoiviet.net/sach-noi/dong-tam-long",
  "alignment_path": null
}