{
  "id": "588c5752",
  "name": "đong-tien-hanh-phuc",
  "text_path": null,
  "audio_path": null,
  "narrator": {
    "id": "fc613379",
    "name": "Kim Quỳnh",
    "dialect": null,
    "gender": null,
    "age": null,
    "url": "https://sachnoiviet.net/giong-doc/kim-quynh",
    "tone": null,
    "volume": null,
    "speed": null,
    "pitch": null
  },
  "duration": 6.9694,
  "author": "Ken Honda",
  "text_url": "https://thuviensachpdf.com/dong-tien-hanh-phuc",
  "audio_url": "https://sachnoiviet.net/sach-noi/dong-tien-hanh-phuc",
  "alignment_path": null
}