{
  "id": "ddbd2109",
  "name": "dong-song-ly-biet",
  "text_path": null,
  "audio_path": null,
  "narrator": [
    {
      "id": "d461f57c",
      "name": "Bình Nguyên",
      "dialect": null,
      "gender": null,
      "age": null,
      "url": "https://sachnoiviet.net/giong-doc/binh-nguyen",
      "tone": null,
      "volume": null,
      "speed": null,
      "pitch": null
    },
    {
      "id": "010125ce",
      "name": "Khánh Ái",
      "dialect": null,
      "gender": null,
      "age": null,
      "url": "https://sachnoiviet.net/giong-doc/khanh-ai",
      "tone": null,
      "volume": null,
      "speed": null,
      "pitch": null
    },
    {
      "id": "8b024f7e",
      "name": "Trần Ngọc San",
      "dialect": null,
      "gender": null,
      "age": null,
      "url": "https://sachnoiviet.net/giong-doc/tran-ngoc-san",
      "tone": null,
      "volume": null,
      "speed": null,
      "pitch": null
    }
  ],
  "duration": 8.1764,
  "author": "Quỳnh Dao",
  "text_url": "https://thuviensachpdf.com/dong-song-ly-biet",
  "audio_url": "https://sachnoiviet.net/sach-noi/dong-song-ly-biet",
  "alignment_path": null
}