{
  "id": "c15e8a41",
  "name": "du-quan-hoan",
  "text_path": null,
  "audio_path": null,
  "narrator": {
    "id": "f4df5d2a",
    "name": "Lê Duyên",
    "dialect": null,
    "gender": null,
    "age": null,
    "url": "https://sachnoiviet.net/giong-doc/le-duyen",
    "tone": null,
    "volume": null,
    "speed": null,
    "pitch": null
  },
  "duration": 59.8556,
  "author": "Tự Thị Cố Nhân Lai",
  "text_url": "https://thuviensachpdf.com/du%cc%a3-quan-hoan",
  "audio_url": "https://sachnoiviet.net/sach-noi/du%cc%a3-quan-hoan",
  "alignment_path": null
}