{
  "id": "e7d61501",
  "name": "đua-tre-lac-loai",
  "text_path": null,
  "audio_path": null,
  "narrator": {
    "id": "5b8ac7d0",
    "name": "Nguyễn Nam Dương",
    "dialect": null,
    "gender": null,
    "age": null,
    "url": "https://sachnoiviet.net/giong-doc/nguyen-nam-duong",
    "tone": null,
    "volume": null,
    "speed": null,
    "pitch": null
  },
  "duration": 7.3583,
  "author": "Dave Pelzer",
  "text_url": "https://thuviensachpdf.com/dua-tre-lac-loai",
  "audio_url": "https://sachnoiviet.net/sach-noi/dua-tre-lac-loai",
  "alignment_path": null
}