{
  "id": "ed171f5c",
  "name": "đuc-phat-va-nang",
  "text_path": null,
  "audio_path": null,
  "narrator": {
    "id": "3da96770",
    "name": "MC Rin",
    "dialect": null,
    "gender": null,
    "age": null,
    "url": "https://sachnoiviet.net/giong-doc/mc-rin",
    "tone": null,
    "volume": null,
    "speed": null,
    "pitch": null
  },
  "duration": 31.1075,
  "author": "Chương Xuân Di",
  "text_url": "https://thuviensachpdf.com/duc-phat-va-nang",
  "audio_url": "https://sachnoiviet.net/sach-noi/duc-phat-va-nang",
  "alignment_path": null
}