{
  "id": "6dbb8305",
  "name": "đung-hoang-tuong-ve-bien-lon",
  "text_path": null,
  "audio_path": null,
  "narrator": {
    "id": "5c8f0550",
    "name": "Thùy Châu",
    "dialect": null,
    "gender": null,
    "age": null,
    "url": "https://sachnoiviet.net/giong-doc/thuy-chau",
    "tone": null,
    "volume": null,
    "speed": null,
    "pitch": null
  },
  "duration": 5.0392,
  "author": "Alan Phan",
  "text_url": "https://thuviensachpdf.com/dung-hoang-tuong-ve-bien-lon",
  "audio_url": "https://sachnoiviet.net/sach-noi/dung-hoang-tuong-ve-bien-lon",
  "alignment_path": null
}