{
  "id": "25657247",
  "name": "đung-cua-đan-ong-tu-đo",
  "text_path": null,
  "audio_path": null,
  "narrator": {
    "id": "3509d8e8",
    "name": "Mộc",
    "dialect": null,
    "gender": null,
    "age": null,
    "url": "https://sachnoiviet.net/giong-doc/moc",
    "tone": null,
    "volume": null,
    "speed": null,
    "pitch": null
  },
  "duration": 2.8583,
  "author": "Nhi Hexe",
  "text_url": "https://thuviensachpdf.com/dung-cua-dan-ong-tu-do",
  "audio_url": "https://sachnoiviet.net/sach-noi/dung-cua-dan-ong-tu-do",
  "alignment_path": null
}