{
  "id": "14fca44c",
  "name": "đung-chi-đep-ma-khong-hieu-chuyen",
  "text_path": null,
  "audio_path": null,
  "narrator": {
    "id": "38d9ea11",
    "name": "Mộc",
    "dialect": null,
    "gender": null,
    "age": null,
    "url": "https://sachnoiviet.net/giong-doc/moc",
    "tone": null,
    "volume": null,
    "speed": null,
    "pitch": null
  },
  "duration": 4.3986,
  "author": "Mai Tử",
  "text_url": "https://thuviensachpdf.com/dung-chi-dep-ma-khong-hieu-chuyen",
  "audio_url": "https://sachnoiviet.net/sach-noi/dung-chi-dep-ma-khong-hieu-chuyen",
  "alignment_path": null
}