{
  "id": "4d53b5a7",
  "name": "đung-lam-viec-cham-chi-hay-lam-viec-thong-minh",
  "text_path": null,
  "audio_path": null,
  "narrator": {
    "id": "b190f469",
    "name": "Unknown",
    "dialect": null,
    "gender": null,
    "age": null,
    "url": "Unknown",
    "tone": null,
    "volume": null,
    "speed": null,
    "pitch": null
  },
  "duration": 8.1786,
  "author": "Tony Schwartz",
  "text_url": "https://thuviensachpdf.com/dung-lam-viec-cham-chi-hay-lam-viec-thong-minh",
  "audio_url": "https://sachnoiviet.net/sach-noi/dung-lam-viec-cham-chi-hay-lam-viec-thong-minh",
  "alignment_path": null
}