{
  "id": "2aa6db7e",
  "name": "đuong-may-trong-coi-mong",
  "text_path": null,
  "audio_path": null,
  "narrator": {
    "id": "8c06aa3d",
    "name": "Unknown",
    "dialect": null,
    "gender": null,
    "age": null,
    "url": "Unknown",
    "tone": null,
    "volume": null,
    "speed": null,
    "pitch": null
  },
  "duration": 14.8181,
  "author": "Thích Hằng Đạt",
  "text_url": "https://thuviensachpdf.com/duong-may-trong-coi-mong",
  "audio_url": "https://sachnoiviet.net/sach-noi/duong-may-trong-coi-mong",
  "alignment_path": null
}