{
  "id": "d5af50d6",
  "name": "đuong-may-qua-xu-tuyet",
  "text_path": null,
  "audio_path": null,
  "narrator": {
    "id": "918b65b6",
    "name": "Bình Nguyên",
    "dialect": null,
    "gender": null,
    "age": null,
    "url": "https://sachnoiviet.net/giong-doc/binh-nguyen",
    "tone": null,
    "volume": null,
    "speed": null,
    "pitch": null
  },
  "duration": 7.3792,
  "author": "Nguyên Phong",
  "text_url": "https://thuviensachpdf.com/duong-may-qua-xu-tuyet",
  "audio_url": "https://sachnoiviet.net/sach-noi/duong-may-qua-xu-tuyet",
  "alignment_path": null
}