{
  "id": "625667a6",
  "name": "đuong-may-tren-đat-hoa",
  "text_path": null,
  "audio_path": null,
  "narrator": {
    "id": "8f132273",
    "name": "Unknown",
    "dialect": null,
    "gender": null,
    "age": null,
    "url": "Unknown",
    "tone": null,
    "volume": null,
    "speed": null,
    "pitch": null
  },
  "duration": 7.3481,
  "author": "Nguyên Phong",
  "text_url": "https://thuviensachpdf.com/duong-may-tren-dat-hoa",
  "audio_url": "https://sachnoiviet.net/sach-noi/duong-may-tren-dat-hoa",
  "alignment_path": null
}