{
  "id": "70fe7ee9",
  "name": "duyen",
  "text_path": null,
  "audio_path": null,
  "narrator": {
    "id": "f96896f8",
    "name": "Mộc",
    "dialect": null,
    "gender": null,
    "age": null,
    "url": "https://sachnoiviet.net/giong-doc/moc",
    "tone": null,
    "volume": null,
    "speed": null,
    "pitch": null
  },
  "duration": 7.7597,
  "author": "Bạch Lạc Mai",
  "text_url": "https://thuviensachpdf.com/duyen",
  "audio_url": "https://sachnoiviet.net/sach-noi/duyen",
  "alignment_path": null
}