{
  "id": "f9d2a2ec",
  "name": "em-cho-anh-giua-mua-xuan",
  "text_path": null,
  "audio_path": null,
  "narrator": {
    "id": "2231ab72",
    "name": "Cỏ Lông Chông",
    "dialect": null,
    "gender": null,
    "age": null,
    "url": "https://sachnoiviet.net/giong-doc/co-long-chong",
    "tone": null,
    "volume": null,
    "speed": null,
    "pitch": null
  },
  "duration": 17.6756,
  "author": "Lâm Địch Nhi",
  "text_url": "https://thuviensachpdf.com/em-cho-anh-giua-mua-xuan",
  "audio_url": "https://sachnoiviet.net/sach-noi/em-cho-anh-giua-mua-xuan",
  "alignment_path": null
}