{
  "id": "d69dda5c",
  "name": "em-von-thich-co-đoc-cho-đen-khi-co-anh",
  "text_path": null,
  "audio_path": null,
  "narrator": {
    "id": "56a421aa",
    "name": "Cỏ Lông Chông",
    "dialect": null,
    "gender": null,
    "age": null,
    "url": "https://sachnoiviet.net/giong-doc/co-long-chong",
    "tone": null,
    "volume": null,
    "speed": null,
    "pitch": null
  },
  "duration": 7.5086,
  "author": "Diệp Lạc Vô Tâm",
  "text_url": "https://thuviensachpdf.com/em-von-thich-co-doc-cho-den-khi-co-anh",
  "audio_url": "https://sachnoiviet.net/sach-noi/em-von-thich-co-doc-cho-den-khi-co-anh",
  "alignment_path": null
}