{
  "id": "06167b2a",
  "name": "gia-đinh",
  "text_path": null,
  "audio_path": null,
  "narrator": {
    "id": "f0e42b65",
    "name": "Ngô Hồng",
    "dialect": null,
    "gender": null,
    "age": null,
    "url": "https://sachnoiviet.net/giong-doc/ngo-hong",
    "tone": null,
    "volume": null,
    "speed": null,
    "pitch": null
  },
  "duration": 6.275,
  "author": "Khái Hưng",
  "text_url": "https://thuviensachpdf.com/gia-dinh",
  "audio_url": "https://sachnoiviet.net/sach-noi/gia-dinh",
  "alignment_path": null
}