{
  "id": "f694a688",
  "name": "gia-đinh-ma-bay",
  "text_path": null,
  "audio_path": null,
  "narrator": [
    {
      "id": "980b0fcc",
      "name": "Kim Phượng",
      "dialect": null,
      "gender": null,
      "age": null,
      "url": "https://sachnoiviet.net/giong-doc/kim-phuong",
      "tone": null,
      "volume": null,
      "speed": null,
      "pitch": null
    },
    {
      "id": "2323d35f",
      "name": "Xuân Khoa",
      "dialect": null,
      "gender": null,
      "age": null,
      "url": "https://sachnoiviet.net/giong-doc/xuan-khoa",
      "tone": null,
      "volume": null,
      "speed": null,
      "pitch": null
    }
  ],
  "duration": 14.0058,
  "author": "Phan Tứ",
  "text_url": "https://thuviensachpdf.com/gia-dinh-ma-bay",
  "audio_url": "https://sachnoiviet.net/sach-noi/gia-dinh-ma-bay",
  "alignment_path": null
}