{
  "id": "cdbad341",
  "name": "giac-bac",
  "text_path": null,
  "audio_path": null,
  "narrator": {
    "id": "081de47d",
    "name": "Tuấn Anh",
    "dialect": null,
    "gender": null,
    "age": null,
    "url": "https://sachnoiviet.net/giong-doc/tuan-anh",
    "tone": null,
    "volume": null,
    "speed": null,
    "pitch": null
  },
  "duration": 20.1733,
  "author": "Chu Sa Lan",
  "text_url": "https://thuviensachpdf.com/giac-bac",
  "audio_url": "https://sachnoiviet.net/sach-noi/giac-bac",
  "alignment_path": null
}