{
  "id": "f6388626",
  "name": "giai-ngai-ky",
  "text_path": null,
  "audio_path": null,
  "narrator": {
    "id": "98c88ceb",
    "name": "Bibimbap Bắp",
    "dialect": null,
    "gender": null,
    "age": null,
    "url": "https://sachnoiviet.net/giong-doc/bibimbap-bap",
    "tone": null,
    "volume": null,
    "speed": null,
    "pitch": null
  },
  "duration": 16.4761,
  "author": "Yamiyugi Atemu",
  "text_url": "https://thuviensachpdf.com/giai-ngai-ky",
  "audio_url": "https://sachnoiviet.net/sach-noi/giai-ngai-ky",
  "alignment_path": null
}