{
  "id": "879a1c4f",
  "name": "gieo-trong-hanh-phuc",
  "text_path": null,
  "audio_path": null,
  "narrator": [
    {
      "id": "be857121",
      "name": "Kim Phụng",
      "dialect": null,
      "gender": null,
      "age": null,
      "url": "https://sachnoiviet.net/giong-doc/kim-phung",
      "tone": null,
      "volume": null,
      "speed": null,
      "pitch": null
    },
    {
      "id": "05d643ee",
      "name": "Thy Mai",
      "dialect": null,
      "gender": null,
      "age": null,
      "url": "https://sachnoiviet.net/giong-doc/thy-mai",
      "tone": null,
      "volume": null,
      "speed": null,
      "pitch": null
    }
  ],
  "duration": 6.1111,
  "author": "Thích Nhất Hạnh",
  "text_url": "https://thuviensachpdf.com/gieo-trong-hanh-phuc",
  "audio_url": "https://sachnoiviet.net/sach-noi/gieo-trong-hanh-phuc",
  "alignment_path": null
}