{
  "id": "76129986",
  "name": "gio-lao-thanh-co",
  "text_path": null,
  "audio_path": null,
  "narrator": {
    "id": "7f81aaf1",
    "name": "Trung Nghị",
    "dialect": null,
    "gender": null,
    "age": null,
    "url": "https://sachnoiviet.net/giong-doc/trung-nghi",
    "tone": null,
    "volume": null,
    "speed": null,
    "pitch": null
  },
  "duration": 4.7828,
  "author": "Ngô Văn Phú",
  "text_url": "https://thuviensachpdf.com/gio-lao-thanh-co",
  "audio_url": "https://sachnoiviet.net/sach-noi/gio-lao-thanh-co",
  "alignment_path": null
}