{
  "id": "bc83cc0d",
  "name": "giu-gin-36-pho-phuong",
  "text_path": null,
  "audio_path": null,
  "narrator": {
    "id": "ddc8c0db",
    "name": "MC Quốc Bình",
    "dialect": null,
    "gender": null,
    "age": null,
    "url": "https://sachnoiviet.net/giong-doc/mc-quoc-binh",
    "tone": null,
    "volume": null,
    "speed": null,
    "pitch": null
  },
  "duration": 2.4225,
  "author": "Tô Hoài",
  "text_url": "https://thuviensachpdf.com/giu-gin-36-pho-phuong",
  "audio_url": "https://sachnoiviet.net/sach-noi/giu-gin-36-pho-phuong",
  "alignment_path": null
}