{
  "id": "e87b58a6",
  "name": "guong-kien-nhan",
  "text_path": null,
  "audio_path": null,
  "narrator": {
    "id": "29cdc8ad",
    "name": "Đỗ Thụy",
    "dialect": null,
    "gender": null,
    "age": null,
    "url": "https://sachnoiviet.net/giong-doc/do-thuy",
    "tone": null,
    "volume": null,
    "speed": null,
    "pitch": null
  },
  "duration": 4.1008,
  "author": "Nguyễn Hiến Lê",
  "text_url": "https://thuviensachpdf.com/guong-kien-nhan",
  "audio_url": "https://sachnoiviet.net/sach-noi/guong-kien-nhan",
  "alignment_path": null
}