{
  "id": "1a465a3f",
  "name": "ha-đo",
  "text_path": null,
  "audio_path": null,
  "narrator": {
    "id": "c805049f",
    "name": "Trần Ngọc San",
    "dialect": null,
    "gender": null,
    "age": null,
    "url": "https://sachnoiviet.net/giong-doc/tran-ngoc-san",
    "tone": null,
    "volume": null,
    "speed": null,
    "pitch": null
  },
  "duration": 2.8047,
  "author": "Nguyễn Nhật Ánh",
  "text_url": "https://thuviensachpdf.com/ha-do",
  "audio_url": "https://sachnoiviet.net/sach-noi/ha-do",
  "alignment_path": null
}