{
  "id": "c8b21d08",
  "name": "hachiko--chu-cho-đoi-cho",
  "text_path": null,
  "audio_path": null,
  "narrator": {
    "id": "05a37569",
    "name": "Huỳnh Hữu Thiên Ân",
    "dialect": null,
    "gender": null,
    "age": null,
    "url": "https://sachnoiviet.net/giong-doc/huynh-huu-thien-an",
    "tone": null,
    "volume": null,
    "speed": null,
    "pitch": null
  },
  "duration": 1.8181,
  "author": "Luis Prats",
  "text_url": "https://thuviensachpdf.com/hachiko-chu-cho-doi-cho",
  "audio_url": "https://sachnoiviet.net/sach-noi/hachiko-chu-cho-doi-cho",
  "alignment_path": null
}