{
  "id": "d2b2bfa0",
  "name": "hai-khoi-tinh",
  "text_path": null,
  "audio_path": null,
  "narrator": [
    {
      "id": "166299d0",
      "name": "Quốc Thịnh",
      "dialect": null,
      "gender": null,
      "age": null,
      "url": "https://sachnoiviet.net/giong-doc/quoc-thinh",
      "tone": null,
      "volume": null,
      "speed": null,
      "pitch": null
    },
    {
      "id": "07a742d2",
      "name": "Thanh Trúc",
      "dialect": null,
      "gender": null,
      "age": null,
      "url": "https://sachnoiviet.net/giong-doc/thanh-truc",
      "tone": null,
      "volume": null,
      "speed": null,
      "pitch": null
    },
    {
      "id": "8fa45264",
      "name": "Trần Ngọc San",
      "dialect": null,
      "gender": null,
      "age": null,
      "url": "https://sachnoiviet.net/giong-doc/tran-ngoc-san",
      "tone": null,
      "volume": null,
      "speed": null,
      "pitch": null
    }
  ],
  "duration": 3.4594,
  "author": "Hồ Biểu Chánh",
  "text_url": "https://thuviensachpdf.com/hai-khoi-tinh",
  "audio_url": "https://sachnoiviet.net/sach-noi/hai-khoi-tinh",
  "alignment_path": null
}