{
  "id": "65914e89",
  "name": "ham-ca-map",
  "text_path": null,
  "audio_path": null,
  "narrator": {
    "id": "221169f8",
    "name": "Lê Duyên",
    "dialect": null,
    "gender": null,
    "age": null,
    "url": "https://sachnoiviet.net/giong-doc/le-duyen",
    "tone": null,
    "volume": null,
    "speed": null,
    "pitch": null
  },
  "duration": 6.1817,
  "author": "Peter Benchley",
  "text_url": "https://thuviensachpdf.com/ham-ca-map",
  "audio_url": "https://sachnoiviet.net/sach-noi/ham-ca-map",
  "alignment_path": null
}