{
  "id": "b6d77922",
  "name": "hanh-trinh-cua-linh-hon",
  "text_path": null,
  "audio_path": null,
  "narrator": {
    "id": "f141a321",
    "name": "Phong B&A",
    "dialect": null,
    "gender": null,
    "age": null,
    "url": "https://sachnoiviet.net/giong-doc/phong-ba",
    "tone": null,
    "volume": null,
    "speed": null,
    "pitch": null
  },
  "duration": 15.3836,
  "author": "Michael Newton",
  "text_url": "https://thuviensachpdf.com/hanh-trinh-cua-linh-hon",
  "audio_url": "https://sachnoiviet.net/sach-noi/hanh-trinh-cua-linh-hon",
  "alignment_path": null
}