{
  "id": "91d72450",
  "name": "hanh-trinh-ve-phuong-đong",
  "text_path": null,
  "audio_path": null,
  "narrator": {
    "id": "b0b4c857",
    "name": "Bình Nguyên",
    "dialect": null,
    "gender": null,
    "age": null,
    "url": "https://sachnoiviet.net/giong-doc/binh-nguyen",
    "tone": null,
    "volume": null,
    "speed": null,
    "pitch": null
  },
  "duration": 5.7086,
  "author": "Nguyên Phong",
  "text_url": "https://thuviensachpdf.com/hanh-trinh-ve-phuong-dong",
  "audio_url": "https://sachnoiviet.net/sach-noi/hanh-trinh-ve-phuong-dong",
  "alignment_path": null
}