{
  "id": "a4c27ab9",
  "name": "hau-van-rat-đat-xin-đung-lang-phi",
  "text_path": null,
  "audio_path": null,
  "narrator": {
    "id": "4a1dd189",
    "name": "Mộc",
    "dialect": null,
    "gender": null,
    "age": null,
    "url": "https://sachnoiviet.net/giong-doc/moc",
    "tone": null,
    "volume": null,
    "speed": null,
    "pitch": null
  },
  "duration": 4.4328,
  "author": "Mèo Mavarick",
  "text_url": "https://thuviensachpdf.com/hau-van-rat-dat-xin-dung-lang-phi",
  "audio_url": "https://sachnoiviet.net/sach-noi/hau-van-rat-dat-xin-dung-lang-phi",
  "alignment_path": null
}