{
  "id": "26cf619b",
  "name": "hay-đat-nang-len-tam-tham-hoa",
  "text_path": null,
  "audio_path": null,
  "narrator": {
    "id": "65ed9118",
    "name": "Lê Duyên",
    "dialect": null,
    "gender": null,
    "age": null,
    "url": "https://sachnoiviet.net/giong-doc/le-duyen",
    "tone": null,
    "volume": null,
    "speed": null,
    "pitch": null
  },
  "duration": 5.5556,
  "author": "James H. Chase",
  "text_url": "https://thuviensachpdf.com/hay-dat-nang-len-tam-tham-hoa",
  "audio_url": "https://sachnoiviet.net/sach-noi/hay-dat-nang-len-tam-tham-hoa",
  "alignment_path": null
}