{
  "id": "b7974186",
  "name": "hay-cham-soc-me",
  "text_path": null,
  "audio_path": null,
  "narrator": {
    "id": "659121b1",
    "name": "Hoàng Yến",
    "dialect": null,
    "gender": null,
    "age": null,
    "url": "https://sachnoiviet.net/giong-doc/hoang-yen",
    "tone": null,
    "volume": null,
    "speed": null,
    "pitch": null
  },
  "duration": 8.5403,
  "author": "Shin Kyung Sook",
  "text_url": "https://thuviensachpdf.com/hay-cham-soc-me",
  "audio_url": "https://sachnoiviet.net/sach-noi/hay-cham-soc-me",
  "alignment_path": null
}