{
  "id": "440d1893",
  "name": "hay-ton-trong-no-luc-cua-mot-co-gai",
  "text_path": null,
  "audio_path": null,
  "narrator": {
    "id": "84b2fec8",
    "name": "Mộc",
    "dialect": null,
    "gender": null,
    "age": null,
    "url": "https://sachnoiviet.net/giong-doc/moc",
    "tone": null,
    "volume": null,
    "speed": null,
    "pitch": null
  },
  "duration": 4.2375,
  "author": "Dương Hy Văn",
  "text_url": "https://thuviensachpdf.com/hay-ton-trong-no-luc-cua-mot-co-gai",
  "audio_url": "https://sachnoiviet.net/sach-noi/hay-ton-trong-no-luc-cua-mot-co-gai",
  "alignment_path": null
}