{
  "id": "606a65f6",
  "name": "hay-đe-ngay-ay-lui-tan",
  "text_path": null,
  "audio_path": null,
  "narrator": {
    "id": "00cd080d",
    "name": "Thảo Nguyên",
    "dialect": null,
    "gender": null,
    "age": null,
    "url": "https://sachnoiviet.net/giong-doc/thao-nguyen",
    "tone": null,
    "volume": null,
    "speed": null,
    "pitch": null
  },
  "duration": 8.5394,
  "author": "Gerald Gordon",
  "text_url": "https://thuviensachpdf.com/hay-de-ngay-ay-lui-tan",
  "audio_url": "https://sachnoiviet.net/sach-noi/hay-de-ngay-ay-lui-tan",
  "alignment_path": null
}