{
  "id": "46b596f9",
  "name": "hen-ban-tren-đinh-thanh-cong",
  "text_path": null,
  "audio_path": null,
  "narrator": {
    "id": "11d0b5c6",
    "name": "Hằng Lê",
    "dialect": null,
    "gender": null,
    "age": null,
    "url": "https://sachnoiviet.net/giong-doc/hang-le",
    "tone": null,
    "volume": null,
    "speed": null,
    "pitch": null
  },
  "duration": 7.3083,
  "author": "Zig Ziglar",
  "text_url": "https://thuviensachpdf.com/hen-ban-tren-dinh-thanh-cong",
  "audio_url": "https://sachnoiviet.net/sach-noi/hen-ban-tren-dinh-thanh-cong",
  "alignment_path": null
}