{
  "id": "02b3391c",
  "name": "hich-tuong-si",
  "text_path": null,
  "audio_path": null,
  "narrator": [
    {
      "id": "0aa8b3af",
      "name": "Lê Á Thi",
      "dialect": null,
      "gender": null,
      "age": null,
      "url": "https://sachnoiviet.net/giong-doc/le-a-thi",
      "tone": null,
      "volume": null,
      "speed": null,
      "pitch": null
    },
    {
      "id": "88fc863c",
      "name": "Tiến Thành",
      "dialect": null,
      "gender": null,
      "age": null,
      "url": "https://sachnoiviet.net/giong-doc/tien-thanh",
      "tone": null,
      "volume": null,
      "speed": null,
      "pitch": null
    }
  ],
  "duration": 0.5464,
  "author": "Trần Quốc Tuấn",
  "text_url": "https://thuviensachpdf.com/hich-tuong-si",
  "audio_url": "https://sachnoiviet.net/sach-noi/hich-tuong-si",
  "alignment_path": null
}