{
  "id": "fc4de489",
  "name": "hiep-khach-hanh",
  "text_path": null,
  "audio_path": null,
  "narrator": {
    "id": "d87ce0c3",
    "name": "VOV Giao Thông",
    "dialect": null,
    "gender": null,
    "age": null,
    "url": "https://sachnoiviet.net/giong-doc/vov-giao-thong",
    "tone": null,
    "volume": null,
    "speed": null,
    "pitch": null
  },
  "duration": 32.0258,
  "author": "Kim Dung",
  "text_url": "https://thuviensachpdf.com/hiep-khach-hanh",
  "audio_url": "https://sachnoiviet.net/sach-noi/hiep-khach-hanh",
  "alignment_path": null
}