{
  "id": "934ae47c",
  "name": "hieu-nang--cham-ngon-cua-nha-doanh-nghiep",
  "text_path": null,
  "audio_path": null,
  "narrator": {
    "id": "378b7835",
    "name": "Xuân Huy",
    "dialect": null,
    "gender": null,
    "age": null,
    "url": "https://sachnoiviet.net/giong-doc/xuan-huy",
    "tone": null,
    "volume": null,
    "speed": null,
    "pitch": null
  },
  "duration": 3.1728,
  "author": "Nguyễn Hiến Lê",
  "text_url": "https://thuviensachpdf.com/hieu-nang-cham-ngon-cua-nha-doanh-nghiep",
  "audio_url": "https://sachnoiviet.net/sach-noi/hieu-nang-cham-ngon-cua-nha-doanh-nghiep",
  "alignment_path": null
}