{
  "id": "c9ac542d",
  "name": "hoa-ra-anh-van-o-đay",
  "text_path": null,
  "audio_path": null,
  "narrator": {
    "id": "56a8b6e8",
    "name": "Unknown",
    "dialect": null,
    "gender": null,
    "age": null,
    "url": "Unknown",
    "tone": null,
    "volume": null,
    "speed": null,
    "pitch": null
  },
  "duration": 13.6725,
  "author": "Tân Di Ổ",
  "text_url": "https://thuviensachpdf.com/hoa-ra-anh-van-o-day",
  "audio_url": "https://sachnoiviet.net/sach-noi/hoa-ra-anh-van-o-day",
  "alignment_path": null
}