{
  "id": "fe83e6de",
  "name": "hoa-hong-xu-khac",
  "text_path": null,
  "audio_path": null,
  "narrator": {
    "id": "e3410e14",
    "name": "Nguyễn Nguyễn",
    "dialect": null,
    "gender": null,
    "age": null,
    "url": "https://sachnoiviet.net/giong-doc/nguyen-nguyen",
    "tone": null,
    "volume": null,
    "speed": null,
    "pitch": null
  },
  "duration": 5.9358,
  "author": "Nguyễn Nhật Ánh",
  "text_url": "https://thuviensachpdf.com/hoa-hong-xu-khac",
  "audio_url": "https://sachnoiviet.net/sach-noi/hoa-hong-xu-khac",
  "alignment_path": null
}