{
  "id": "52355bc2",
  "name": "hoang-tu-nho-va-chu-be-ngheo-kho",
  "text_path": null,
  "audio_path": null,
  "narrator": {
    "id": "8f4628e7",
    "name": "Ngô Hồng",
    "dialect": null,
    "gender": null,
    "age": null,
    "url": "https://sachnoiviet.net/giong-doc/ngo-hong",
    "tone": null,
    "volume": null,
    "speed": null,
    "pitch": null
  },
  "duration": 2.3556,
  "author": "Mark Twain",
  "text_url": "https://thuviensachpdf.com/hoang-tu-nho-va-chu-be-ngheo-kho",
  "audio_url": "https://sachnoiviet.net/sach-noi/hoang-tu-nho-va-chu-be-ngheo-kho",
  "alignment_path": null
}