{
  "id": "da09c796",
  "name": "hoang-le-nhat-thong-chi",
  "text_path": null,
  "audio_path": null,
  "narrator": {
    "id": "2c4e2aa0",
    "name": "Ngọc Hân",
    "dialect": null,
    "gender": null,
    "age": null,
    "url": "https://sachnoiviet.net/giong-doc/ngoc-han",
    "tone": null,
    "volume": null,
    "speed": null,
    "pitch": null
  },
  "duration": 11.2389,
  "author": "Ngô gia văn phái",
  "text_url": "https://thuviensachpdf.com/hoang-le-nhat-thong-chi",
  "audio_url": "https://sachnoiviet.net/sach-noi/hoang-le-nhat-thong-chi",
  "alignment_path": null
}