{
  "id": "ef3a2986",
  "name": "hoang-tu-be",
  "text_path": null,
  "audio_path": null,
  "narrator": {
    "id": "a9c7b323",
    "name": "Trần Ngọc San",
    "dialect": null,
    "gender": null,
    "age": null,
    "url": "https://sachnoiviet.net/giong-doc/tran-ngoc-san",
    "tone": null,
    "volume": null,
    "speed": null,
    "pitch": null
  },
  "duration": 1.8433,
  "author": "Antoine De Saint Exupéry",
  "text_url": "https://thuviensachpdf.com/hoang-tu-be",
  "audio_url": "https://sachnoiviet.net/sach-noi/hoang-tu-be",
  "alignment_path": null
}