{
  "id": "d693d0e3",
  "name": "hon-truong-ba-da-hang-thit",
  "text_path": null,
  "audio_path": null,
  "narrator": {
    "id": "7dacae7a",
    "name": "Trần Ngọc San",
    "dialect": null,
    "gender": null,
    "age": null,
    "url": "https://sachnoiviet.net/giong-doc/tran-ngoc-san",
    "tone": null,
    "volume": null,
    "speed": null,
    "pitch": null
  },
  "duration": 2.2717,
  "author": "Lưu Quang Vũ",
  "text_url": "https://thuviensachpdf.com/hon-truong-ba-da-hang-thit",
  "audio_url": "https://sachnoiviet.net/sach-noi/hon-truong-ba-da-hang-thit",
  "alignment_path": null
}