{
  "id": "e91055ad",
  "name": "hon-nua-đoi-hu",
  "text_path": null,
  "audio_path": null,
  "narrator": {
    "id": "367bc195",
    "name": "Trái Táo",
    "dialect": null,
    "gender": null,
    "age": null,
    "url": "https://sachnoiviet.net/giong-doc/trai-tao",
    "tone": null,
    "volume": null,
    "speed": null,
    "pitch": null
  },
  "duration": 25.0275,
  "author": "Vương Hồng Sển",
  "text_url": "https://thuviensachpdf.com/hon-nua-doi-hu",
  "audio_url": "https://sachnoiviet.net/sach-noi/hon-nua-doi-hu",
  "alignment_path": null
}