{
  "id": "ca748c76",
  "name": "hon-nhan-chan-kinh",
  "text_path": null,
  "audio_path": null,
  "narrator": {
    "id": "07a74627",
    "name": "The Rose",
    "dialect": null,
    "gender": null,
    "age": null,
    "url": "https://sachnoiviet.net/giong-doc/the-rose",
    "tone": null,
    "volume": null,
    "speed": null,
    "pitch": null
  },
  "duration": 3.6047,
  "author": "Gary Chapman",
  "text_url": "https://thuviensachpdf.com/hon-nhan-chan-kinh",
  "audio_url": "https://sachnoiviet.net/sach-noi/hon-nhan-chan-kinh",
  "alignment_path": null
}