{
  "id": "0ff7737b",
  "name": "huyen-tran-cong-chua",
  "text_path": null,
  "audio_path": null,
  "narrator": {
    "id": "85f845a3",
    "name": "Ngọc Hân",
    "dialect": null,
    "gender": null,
    "age": null,
    "url": "https://sachnoiviet.net/giong-doc/ngoc-han",
    "tone": null,
    "volume": null,
    "speed": null,
    "pitch": null
  },
  "duration": 8.6736,
  "author": "Hoàng Quốc Hải",
  "text_url": "https://thuviensachpdf.com/huyen-tran-cong-chua",
  "audio_url": "https://sachnoiviet.net/sach-noi/huyen-tran-cong-chua",
  "alignment_path": null
}