{
  "id": "33ee58f2",
  "name": "huyen-thuat-va-cac-đao-si-tay-tang",
  "text_path": null,
  "audio_path": null,
  "narrator": {
    "id": "e2e47cca",
    "name": "Bình Nguyên",
    "dialect": null,
    "gender": null,
    "age": null,
    "url": "https://sachnoiviet.net/giong-doc/binh-nguyen",
    "tone": null,
    "volume": null,
    "speed": null,
    "pitch": null
  },
  "duration": 7.1056,
  "author": "Alexandra David Neel",
  "text_url": "https://thuviensachpdf.com/huyen-thuat-va-cac-dao-si-tay-tang",
  "audio_url": "https://sachnoiviet.net/sach-noi/huyen-thuat-va-cac-dao-si-tay-tang",
  "alignment_path": null
}