{
  "id": "0a3a257d",
  "name": "ivanhoe",
  "text_path": null,
  "audio_path": null,
  "narrator": {
    "id": "e1525131",
    "name": "Ngô Hồng",
    "dialect": null,
    "gender": null,
    "age": null,
    "url": "https://sachnoiviet.net/giong-doc/ngo-hong",
    "tone": null,
    "volume": null,
    "speed": null,
    "pitch": null
  },
  "duration": 20.0233,
  "author": "Sir Walter Scott",
  "text_url": "https://thuviensachpdf.com/ivanhoe",
  "audio_url": "https://sachnoiviet.net/sach-noi/ivanhoe",
  "alignment_path": null
}