{
  "id": "a11b0b4d",
  "name": "ke-hoach-quan-ly-tai-chinh-ca-nhan",
  "text_path": null,
  "audio_path": null,
  "narrator": {
    "id": "42b557dd",
    "name": "Hồng Phượng",
    "dialect": null,
    "gender": null,
    "age": null,
    "url": "https://sachnoiviet.net/giong-doc/hong-phuong",
    "tone": null,
    "volume": null,
    "speed": null,
    "pitch": null
  },
  "duration": 11.0661,
  "author": "Vicki Robin",
  "text_url": "https://thuviensachpdf.com/ke-hoach-quan-ly-tai-chinh-ca-nhan",
  "audio_url": "https://sachnoiviet.net/sach-noi/ke-hoach-quan-ly-tai-chinh-ca-nhan",
  "alignment_path": null
}