{
  "id": "22b42af2",
  "name": "ke-thanh-cong-phai-biet-lang-nghe",
  "text_path": null,
  "audio_path": null,
  "narrator": {
    "id": "9675f3a0",
    "name": "Đàm Thanh Phượng",
    "dialect": null,
    "gender": null,
    "age": null,
    "url": "https://sachnoiviet.net/giong-doc/dam-thanh-phuong",
    "tone": null,
    "volume": null,
    "speed": null,
    "pitch": null
  },
  "duration": 9.0372,
  "author": "Mark Goulston",
  "text_url": "https://thuviensachpdf.com/ke-thanh-cong-phai-biet-lang-nghe",
  "audio_url": "https://sachnoiviet.net/sach-noi/ke-thanh-cong-phai-biet-lang-nghe",
  "alignment_path": null
}