{
  "id": "9e1edbbf",
  "name": "ket-thuc-ban-hang-đon-quyet-đinh",
  "text_path": null,
  "audio_path": null,
  "narrator": {
    "id": "dfafd051",
    "name": "Thùy Dung",
    "dialect": null,
    "gender": null,
    "age": null,
    "url": "https://sachnoiviet.net/giong-doc/thuy-dung",
    "tone": null,
    "volume": null,
    "speed": null,
    "pitch": null
  },
  "duration": 4.59,
  "author": "Brian Tracy",
  "text_url": "https://thuviensachpdf.com/ket-thuc-ban-hang-don-quyet-dinh",
  "audio_url": "https://sachnoiviet.net/sach-noi/ket-thuc-ban-hang-don-quyet-dinh",
  "alignment_path": null
}