{
  "id": "3a3c6331",
  "name": "kheo-noi-hay-đe-khach-hang-mua-ngay",
  "text_path": null,
  "audio_path": null,
  "narrator": {
    "id": "3f3da38d",
    "name": "Unknown",
    "dialect": null,
    "gender": null,
    "age": null,
    "url": "Unknown",
    "tone": null,
    "volume": null,
    "speed": null,
    "pitch": null
  },
  "duration": 8.6344,
  "author": "Lục Bằng",
  "text_url": "https://thuviensachpdf.com/kheo-noi-hay-de-khach-hang-mua-ngay",
  "audio_url": "https://sachnoiviet.net/sach-noi/kheo-noi-hay-de-khach-hang-mua-ngay",
  "alignment_path": null
}