{
  "id": "0ff3373e",
  "name": "khi-nguoi-ta-đoi-muoi",
  "text_path": null,
  "audio_path": null,
  "narrator": {
    "id": "34dca15c",
    "name": "Hoàng Anh",
    "dialect": null,
    "gender": null,
    "age": null,
    "url": "https://sachnoiviet.net/giong-doc/hoang-anh",
    "tone": null,
    "volume": null,
    "speed": null,
    "pitch": null
  },
  "duration": 3.445,
  "author": "Hiên",
  "text_url": "https://thuviensachpdf.com/khi-nguoi-ta-doi-muoi",
  "audio_url": "https://sachnoiviet.net/sach-noi/khi-nguoi-ta-doi-muoi",
  "alignment_path": null
}