{
  "id": "0ecac59a",
  "name": "khi-ban-vua-ban-vua-đep-con-so-chi-đuoc-mat",
  "text_path": null,
  "audio_path": null,
  "narrator": {
    "id": "6a419c0d",
    "name": "Mộc",
    "dialect": null,
    "gender": null,
    "age": null,
    "url": "https://sachnoiviet.net/giong-doc/moc",
    "tone": null,
    "volume": null,
    "speed": null,
    "pitch": null
  },
  "duration": 8.3819,
  "author": "Lương Sảng",
  "text_url": "https://thuviensachpdf.com/khi-ban-vua-ban-vua-dep-con-so-chi-duoc-mat",
  "audio_url": "https://sachnoiviet.net/sach-noi/khi-ban-vua-ban-vua-dep-con-so-chi-duoc-mat",
  "alignment_path": null
}