{
  "id": "08f2f41b",
  "name": "khi-chat-bao-nhieu-hanh-phuc-bay-nhieu",
  "text_path": null,
  "audio_path": null,
  "narrator": {
    "id": "0bd1d73a",
    "name": "Queen Voice",
    "dialect": null,
    "gender": null,
    "age": null,
    "url": "https://sachnoiviet.net/giong-doc/queen-voice",
    "tone": null,
    "volume": null,
    "speed": null,
    "pitch": null
  },
  "duration": 7.6683,
  "author": "Vãn Tình",
  "text_url": "https://thuviensachpdf.com/khi-chat-bao-nhieu-hanh-phuc-bay-nhieu",
  "audio_url": "https://sachnoiviet.net/sach-noi/khi-chat-bao-nhieu-hanh-phuc-bay-nhieu",
  "alignment_path": null
}