{
  "id": "5c1eba20",
  "name": "khi-loi-thuoc-ve-nhung-vi-sao",
  "text_path": null,
  "audio_path": null,
  "narrator": {
    "id": "39354006",
    "name": "Ngọc Hân",
    "dialect": null,
    "gender": null,
    "age": null,
    "url": "https://sachnoiviet.net/giong-doc/ngoc-han",
    "tone": null,
    "volume": null,
    "speed": null,
    "pitch": null
  },
  "duration": 11.9839,
  "author": "Jonh Green",
  "text_url": "https://thuviensachpdf.com/khi-loi-thuoc-ve-nhung-vi-sao",
  "audio_url": "https://sachnoiviet.net/sach-noi/khi-loi-thuoc-ve-nhung-vi-sao",
  "alignment_path": null
}