{
  "id": "6980ab6a",
  "name": "khoi-lam-cuoc-tinh",
  "text_path": null,
  "audio_path": null,
  "narrator": {
    "id": "d8b8b429",
    "name": "Kim Phượng",
    "dialect": null,
    "gender": null,
    "age": null,
    "url": "https://sachnoiviet.net/giong-doc/kim-phuong",
    "tone": null,
    "volume": null,
    "speed": null,
    "pitch": null
  },
  "duration": 7.9819,
  "author": "Quỳnh Dao",
  "text_url": "https://thuviensachpdf.com/khoi-lam-cuoc-tinh",
  "audio_url": "https://sachnoiviet.net/sach-noi/khoi-lam-cuoc-tinh",
  "alignment_path": null
}