{
  "id": "ecd27d68",
  "name": "khong-diet-khong-sinh-đung-so-hai",
  "text_path": null,
  "audio_path": null,
  "narrator": [
    {
      "id": "43a459db",
      "name": "Đức Uy",
      "dialect": null,
      "gender": null,
      "age": null,
      "url": "https://sachnoiviet.net/giong-doc/duc-uy",
      "tone": null,
      "volume": null,
      "speed": null,
      "pitch": null
    },
    {
      "id": "7299fce7",
      "name": "Huy Hồ",
      "dialect": null,
      "gender": null,
      "age": null,
      "url": "https://sachnoiviet.net/giong-doc/huy-ho",
      "tone": null,
      "volume": null,
      "speed": null,
      "pitch": null
    },
    {
      "id": "6ff6ea73",
      "name": "Thanh Thuyết",
      "dialect": null,
      "gender": null,
      "age": null,
      "url": "https://sachnoiviet.net/giong-doc/thanh-thuyet",
      "tone": null,
      "volume": null,
      "speed": null,
      "pitch": null
    }
  ],
  "duration": 3.8233,
  "author": "Thích Nhất Hạnh",
  "text_url": "https://thuviensachpdf.com/khong-diet-khong-sinh-dung-so-hai",
  "audio_url": "https://sachnoiviet.net/sach-noi/khong-diet-khong-sinh-dung-so-hai",
  "alignment_path": null
}