{
  "id": "e724d99b",
  "name": "khong-co-đoi-bat-cong-chi-co-minh-thu-đong",
  "text_path": null,
  "audio_path": null,
  "narrator": {
    "id": "0cb080a9",
    "name": "Mộc",
    "dialect": null,
    "gender": null,
    "age": null,
    "url": "https://sachnoiviet.net/giong-doc/moc",
    "tone": null,
    "volume": null,
    "speed": null,
    "pitch": null
  },
  "duration": 5.0797,
  "author": "Vương Thi Vũ",
  "text_url": "https://thuviensachpdf.com/khong-co-doi-bat-cong-chi-co-minh-thu-dong",
  "audio_url": "https://sachnoiviet.net/sach-noi/khong-co-doi-bat-cong-chi-co-minh-thu-dong",
  "alignment_path": null
}