{
  "id": "1d749697",
  "name": "khong-co-cai-chet",
  "text_path": null,
  "audio_path": null,
  "narrator": {
    "id": "2f6cd913",
    "name": "Unknown",
    "dialect": null,
    "gender": null,
    "age": null,
    "url": "Unknown",
    "tone": null,
    "volume": null,
    "speed": null,
    "pitch": null
  },
  "duration": 7.6522,
  "author": "Nhiều Tác Giả",
  "text_url": "https://thuviensachpdf.com/khong-co-cai-chet",
  "audio_url": "https://sachnoiviet.net/sach-noi/khong-co-cai-chet",
  "alignment_path": null
}