{
  "id": "3ef7a69f",
  "name": "khong-noi-nuong-tua",
  "text_path": null,
  "audio_path": null,
  "narrator": {
    "id": "42469a5b",
    "name": "Lê Duyên",
    "dialect": null,
    "gender": null,
    "age": null,
    "url": "https://sachnoiviet.net/giong-doc/le-duyen",
    "tone": null,
    "volume": null,
    "speed": null,
    "pitch": null
  },
  "duration": 4.6994,
  "author": "Dave Pelzer",
  "text_url": "https://thuviensachpdf.com/khong-noi-nuong-tua",
  "audio_url": "https://sachnoiviet.net/sach-noi/khong-noi-nuong-tua",
  "alignment_path": null
}