{
  "id": "d4171734",
  "name": "khong-tu",
  "text_path": null,
  "audio_path": null,
  "narrator": {
    "id": "261a3cfd",
    "name": "Hoàng Hiệp",
    "dialect": null,
    "gender": null,
    "age": null,
    "url": "https://sachnoiviet.net/giong-doc/hoang-hiep",
    "tone": null,
    "volume": null,
    "speed": null,
    "pitch": null
  },
  "duration": 7.3811,
  "author": "Nguyễn Hiến Lê",
  "text_url": "https://thuviensachpdf.com/khong-tu",
  "audio_url": "https://sachnoiviet.net/sach-noi/khong-tu",
  "alignment_path": null
}