{
  "id": "17827b68",
  "name": "khong-gioi-han--kham-pha-hooponopono",
  "text_path": null,
  "audio_path": null,
  "narrator": {
    "id": "87f08902",
    "name": "Kim Quỳnh",
    "dialect": null,
    "gender": null,
    "age": null,
    "url": "https://sachnoiviet.net/giong-doc/kim-quynh",
    "tone": null,
    "volume": null,
    "speed": null,
    "pitch": null
  },
  "duration": 3.4508,
  "author": "Joe Vitale",
  "text_url": "https://thuviensachpdf.com/khong-gioi-han-kham-pha-hooponopono",
  "audio_url": "https://sachnoiviet.net/sach-noi/khong-gioi-han-kham-pha-hooponopono",
  "alignment_path": null
}