{
  "id": "f1499887",
  "name": "khong-tu-khinh-bi-khong-tu-phi-hoai",
  "text_path": null,
  "audio_path": null,
  "narrator": {
    "id": "9d1ada99",
    "name": "Thùy Uyên",
    "dialect": null,
    "gender": null,
    "age": null,
    "url": "https://sachnoiviet.net/giong-doc/thuy-uyen",
    "tone": null,
    "volume": null,
    "speed": null,
    "pitch": null
  },
  "duration": 7.4469,
  "author": "Vãn Tình",
  "text_url": "https://thuviensachpdf.com/khong-tu-khinh-bi-khong-tu-phi-hoai",
  "audio_url": "https://sachnoiviet.net/sach-noi/khong-tu-khinh-bi-khong-tu-phi-hoai",
  "alignment_path": null
}