{
  "id": "8c141370",
  "name": "khong-so-đem-đen-boi-trong-long-co-anh-sang",
  "text_path": null,
  "audio_path": null,
  "narrator": {
    "id": "8f0f56c3",
    "name": "Mộc",
    "dialect": null,
    "gender": null,
    "age": null,
    "url": "https://sachnoiviet.net/giong-doc/moc",
    "tone": null,
    "volume": null,
    "speed": null,
    "pitch": null
  },
  "duration": 4.1578,
  "author": "Mễ Tô",
  "text_url": "https://thuviensachpdf.com/khong-so-dem-den-boi-trong-long-co-anh-sang",
  "audio_url": "https://sachnoiviet.net/sach-noi/khong-so-dem-den-boi-trong-long-co-anh-sang",
  "alignment_path": null
}