{
  "id": "9cc57eca",
  "name": "khong-bao-gio-la-that-bai-tat-ca-la-thu-thach",
  "text_path": null,
  "audio_path": null,
  "narrator": {
    "id": "2dc8f74c",
    "name": "Thùy Duyên",
    "dialect": null,
    "gender": null,
    "age": null,
    "url": "https://sachnoiviet.net/giong-doc/thuy-duyen",
    "tone": null,
    "volume": null,
    "speed": null,
    "pitch": null
  },
  "duration": 5.5039,
  "author": "Chung Ju Yung",
  "text_url": "https://thuviensachpdf.com/khong-bao-gio-la-that-bai-tat-ca-la-thu-thach",
  "audio_url": "https://sachnoiviet.net/sach-noi/khong-bao-gio-la-that-bai-tat-ca-la-thu-thach",
  "alignment_path": null
}