{
  "id": "b9998456",
  "name": "khu-vuon-bi-mat",
  "text_path": null,
  "audio_path": null,
  "narrator": {
    "id": "3449d016",
    "name": "Ngọc Hiếu",
    "dialect": null,
    "gender": null,
    "age": null,
    "url": "https://sachnoiviet.net/giong-doc/ngoc-hieu",
    "tone": null,
    "volume": null,
    "speed": null,
    "pitch": null
  },
  "duration": 13.5236,
  "author": "Frances Hodgson Burnett",
  "text_url": "https://thuviensachpdf.com/khu-vuon-bi-mat",
  "audio_url": "https://sachnoiviet.net/sach-noi/khu-vuon-bi-mat",
  "alignment_path": null
}