{
  "id": "016f6491",
  "name": "khu-rung-ky-dieu",
  "text_path": null,
  "audio_path": null,
  "narrator": {
    "id": "e7d4e18c",
    "name": "Ngọc Hân",
    "dialect": null,
    "gender": null,
    "age": null,
    "url": "https://sachnoiviet.net/giong-doc/ngoc-han",
    "tone": null,
    "volume": null,
    "speed": null,
    "pitch": null
  },
  "duration": 2.5364,
  "author": "Stewart Edward White",
  "text_url": "https://thuviensachpdf.com/khu-rung-ky-dieu",
  "audio_url": "https://sachnoiviet.net/sach-noi/khu-rung-ky-dieu",
  "alignment_path": null
}