{
  "id": "019d954f",
  "name": "kiem-tien-sieu-toc",
  "text_path": null,
  "audio_path": null,
  "narrator": {
    "id": "5c5fe52b",
    "name": "Unknown",
    "dialect": null,
    "gender": null,
    "age": null,
    "url": "Unknown",
    "tone": null,
    "volume": null,
    "speed": null,
    "pitch": null
  },
  "duration": 1.1861,
  "author": "Mark Victor Hansen & Robert G. Allen",
  "text_url": "https://thuviensachpdf.com/kiem-tien-sieu-toc",
  "audio_url": "https://sachnoiviet.net/sach-noi/kiem-tien-sieu-toc",
  "alignment_path": null
}