{
  "id": "b71e9db4",
  "name": "kiem-song-noi-hoang-da",
  "text_path": null,
  "audio_path": null,
  "narrator": {
    "id": "18ef6a69",
    "name": "Nhím Xù",
    "dialect": null,
    "gender": null,
    "age": null,
    "url": "https://sachnoiviet.net/giong-doc/nhim-xu",
    "tone": null,
    "volume": null,
    "speed": null,
    "pitch": null
  },
  "duration": 19.1697,
  "author": "Tiêu Dương",
  "text_url": "https://thuviensachpdf.com/kiem-song-noi-hoang-da",
  "audio_url": "https://sachnoiviet.net/sach-noi/kiem-song-noi-hoang-da",
  "alignment_path": null
}