{
  "id": "e4478219",
  "name": "kim-van-kieu-truyen",
  "text_path": null,
  "audio_path": null,
  "narrator": {
    "id": "f5ff85c9",
    "name": "Trần Ngọc San",
    "dialect": null,
    "gender": null,
    "age": null,
    "url": "https://sachnoiviet.net/giong-doc/tran-ngoc-san",
    "tone": null,
    "volume": null,
    "speed": null,
    "pitch": null
  },
  "duration": 8.7592,
  "author": "Thanh Tâm Tài Nhân",
  "text_url": "https://thuviensachpdf.com/kim-van-kieu-truyen",
  "audio_url": "https://sachnoiviet.net/sach-noi/kim-van-kieu-truyen",
  "alignment_path": null
}