{
  "id": "faddebbc",
  "name": "kinh-thu-lang-nghiem",
  "text_path": null,
  "audio_path": null,
  "narrator": [
    {
      "id": "e9b10bc2",
      "name": "Bình Nguyên",
      "dialect": null,
      "gender": null,
      "age": null,
      "url": "https://sachnoiviet.net/giong-doc/binh-nguyen",
      "tone": null,
      "volume": null,
      "speed": null,
      "pitch": null
    },
    {
      "id": "d11a7038",
      "name": "Thy Mai",
      "dialect": null,
      "gender": null,
      "age": null,
      "url": "https://sachnoiviet.net/giong-doc/thy-mai",
      "tone": null,
      "volume": null,
      "speed": null,
      "pitch": null
    },
    {
      "id": "ebd7ca96",
      "name": "Trần Ngọc San",
      "dialect": null,
      "gender": null,
      "age": null,
      "url": "https://sachnoiviet.net/giong-doc/tran-ngoc-san",
      "tone": null,
      "volume": null,
      "speed": null,
      "pitch": null
    }
  ],
  "duration": 9.5339,
  "author": "Tâm Minh",
  "text_url": "https://thuviensachpdf.com/kinh-thu-lang-nghiem",
  "audio_url": "https://sachnoiviet.net/sach-noi/kinh-thu-lang-nghiem",
  "alignment_path": null
}