{
  "id": "e27ff8dd",
  "name": "kinh-te-hoc-vi-mo",
  "text_path": null,
  "audio_path": null,
  "narrator": {
    "id": "01014584",
    "name": "Xuân Hùng",
    "dialect": null,
    "gender": null,
    "age": null,
    "url": "https://sachnoiviet.net/giong-doc/xuan-hung",
    "tone": null,
    "volume": null,
    "speed": null,
    "pitch": null
  },
  "duration": 23.6775,
  "author": "Nhiều Tác Giả",
  "text_url": "https://thuviensachpdf.com/kinh-te-hoc-vi-mo",
  "audio_url": "https://sachnoiviet.net/sach-noi/kinh-te-hoc-vi-mo",
  "alignment_path": null
}