{
  "id": "9e4ac872",
  "name": "kinh-đia-tang-bo-tat-bon-nguyen",
  "text_path": null,
  "audio_path": null,
  "narrator": {
    "id": "5fad1cad",
    "name": "Trần Ngọc San",
    "dialect": null,
    "gender": null,
    "age": null,
    "url": "https://sachnoiviet.net/giong-doc/tran-ngoc-san",
    "tone": null,
    "volume": null,
    "speed": null,
    "pitch": null
  },
  "duration": 2.02,
  "author": "Thích Trí Tịnh",
  "text_url": "https://thuviensachpdf.com/kinh-dia-tang-bo-tat-bon-nguyen",
  "audio_url": "https://sachnoiviet.net/sach-noi/kinh-dia-tang-bo-tat-bon-nguyen",
  "alignment_path": null
}