{
  "id": "828b86dc",
  "name": "la-mai-nuong",
  "text_path": null,
  "audio_path": null,
  "narrator": {
    "id": "a06ef1e6",
    "name": "Trái Táo",
    "dialect": null,
    "gender": null,
    "age": null,
    "url": "https://sachnoiviet.net/giong-doc/trai-tao",
    "tone": null,
    "volume": null,
    "speed": null,
    "pitch": null
  },
  "duration": 41.7992,
  "author": "Tề Phong Quân",
  "text_url": "https://thuviensachpdf.com/la-mai-nuong",
  "audio_url": "https://sachnoiviet.net/sach-noi/la-mai-nuong",
  "alignment_path": null
}