{
  "id": "57bc69b3",
  "name": "lac-đuong",
  "text_path": null,
  "audio_path": null,
  "narrator": {
    "id": "f94eadb3",
    "name": "Quỳnh Như",
    "dialect": null,
    "gender": null,
    "age": null,
    "url": "https://sachnoiviet.net/giong-doc/quynh-nhu",
    "tone": null,
    "volume": null,
    "speed": null,
    "pitch": null
  },
  "duration": 3.325,
  "author": "Đào Hiếu",
  "text_url": "https://thuviensachpdf.com/lac-duong",
  "audio_url": "https://sachnoiviet.net/sach-noi/lac-duong",
  "alignment_path": null
}