{
  "id": "466d008f",
  "name": "lam-ban-voi-bau-troi",
  "text_path": null,
  "audio_path": null,
  "narrator": {
    "id": "9d8edd88",
    "name": "Lê Lệ Hằng",
    "dialect": null,
    "gender": null,
    "age": null,
    "url": "https://sachnoiviet.net/giong-doc/le-le-hang",
    "tone": null,
    "volume": null,
    "speed": null,
    "pitch": null
  },
  "duration": 3.4175,
  "author": "Nguyễn Nhật Ánh",
  "text_url": "https://thuviensachpdf.com/lam-ban-voi-bau-troi",
  "audio_url": "https://sachnoiviet.net/sach-noi/lam-ban-voi-bau-troi",
  "alignment_path": null
}