{
  "id": "618d2c68",
  "name": "lam-chu-cuoc-choi-thay-đoi-cuoc-đoi",
  "text_path": null,
  "audio_path": null,
  "narrator": {
    "id": "dfeffe41",
    "name": "Việt Dũng",
    "dialect": null,
    "gender": null,
    "age": null,
    "url": "https://sachnoiviet.net/giong-doc/viet-dung",
    "tone": null,
    "volume": null,
    "speed": null,
    "pitch": null
  },
  "duration": 6.3744,
  "author": "Weldon Long",
  "text_url": "https://thuviensachpdf.com/lam-chu-cuoc-choi-thay-doi-cuoc-doi",
  "audio_url": "https://sachnoiviet.net/sach-noi/lam-chu-cuoc-choi-thay-doi-cuoc-doi",
  "alignment_path": null
}