{
  "id": "136185bc",
  "name": "lam-chu-binh-minh-song-đoi-xuat-chung",
  "text_path": null,
  "audio_path": null,
  "narrator": {
    "id": "8acf3ef9",
    "name": "Unknown",
    "dialect": null,
    "gender": null,
    "age": null,
    "url": "Unknown",
    "tone": null,
    "volume": null,
    "speed": null,
    "pitch": null
  },
  "duration": 11.9908,
  "author": "Robin Sharma",
  "text_url": "https://thuviensachpdf.com/lam-chu-binh-minh-song-doi-xuat-chung",
  "audio_url": "https://sachnoiviet.net/sach-noi/lam-chu-binh-minh-song-doi-xuat-chung",
  "alignment_path": null
}