{
  "id": "420aebe4",
  "name": "lam-đi",
  "text_path": null,
  "audio_path": null,
  "narrator": [
    {
      "id": "03cab276",
      "name": "Quốc Thịnh",
      "dialect": null,
      "gender": null,
      "age": null,
      "url": "https://sachnoiviet.net/giong-doc/quoc-thinh",
      "tone": null,
      "volume": null,
      "speed": null,
      "pitch": null
    },
    {
      "id": "39dbb1ee",
      "name": "Thanh Trúc",
      "dialect": null,
      "gender": null,
      "age": null,
      "url": "https://sachnoiviet.net/giong-doc/thanh-truc",
      "tone": null,
      "volume": null,
      "speed": null,
      "pitch": null
    },
    {
      "id": "3830d757",
      "name": "Trần Ngọc San",
      "dialect": null,
      "gender": null,
      "age": null,
      "url": "https://sachnoiviet.net/giong-doc/tran-ngoc-san",
      "tone": null,
      "volume": null,
      "speed": null,
      "pitch": null
    }
  ],
  "duration": 5.0667,
  "author": "Vũ Trọng Phụng",
  "text_url": "https://thuviensachpdf.com/lam-di",
  "audio_url": "https://sachnoiviet.net/sach-noi/lam-di",
  "alignment_path": null
}