{
  "id": "241111fd",
  "name": "lang-nghe-trong-gio",
  "text_path": null,
  "audio_path": null,
  "narrator": {
    "id": "24afa775",
    "name": "Lạc Lạc",
    "dialect": null,
    "gender": null,
    "age": null,
    "url": "https://sachnoiviet.net/giong-doc/lac-lac",
    "tone": null,
    "volume": null,
    "speed": null,
    "pitch": null
  },
  "duration": 11.0567,
  "author": "Mạch Gia",
  "text_url": "https://thuviensachpdf.com/lang-nghe-trong-gio",
  "audio_url": "https://sachnoiviet.net/sach-noi/lang-nghe-trong-gio",
  "alignment_path": null
}