{
  "id": "f2900e89",
  "name": "lanh-đao-ban-hang-chuyen-nghiep",
  "text_path": null,
  "audio_path": null,
  "narrator": {
    "id": "1db268dd",
    "name": "Unknown",
    "dialect": null,
    "gender": null,
    "age": null,
    "url": "Unknown",
    "tone": null,
    "volume": null,
    "speed": null,
    "pitch": null
  },
  "duration": 9.1506,
  "author": "Eith Rosen",
  "text_url": "https://thuviensachpdf.com/lanh-dao-ban-hang-chuyen-nghiep",
  "audio_url": "https://sachnoiviet.net/sach-noi/lanh-dao-ban-hang-chuyen-nghiep",
  "alignment_path": null
}