{
  "id": "16db8e16",
  "name": "lanh-đao-phong-cach-barack-obama",
  "text_path": null,
  "audio_path": null,
  "narrator": {
    "id": "0fa2e0cc",
    "name": "Hồng Hà",
    "dialect": null,
    "gender": null,
    "age": null,
    "url": "https://sachnoiviet.net/giong-doc/hong-ha",
    "tone": null,
    "volume": null,
    "speed": null,
    "pitch": null
  },
  "duration": 9.1083,
  "author": "Shel Leanne",
  "text_url": "https://thuviensachpdf.com/lanh-dao-phong-cach-barack-obama",
  "audio_url": "https://sachnoiviet.net/sach-noi/lanh-dao-phong-cach-barack-obama",
  "alignment_path": null
}