{
  "id": "331f8b03",
  "name": "lao-tu-đao-đuc-kinh",
  "text_path": null,
  "audio_path": null,
  "narrator": {
    "id": "68045e68",
    "name": "Thương Huyền",
    "dialect": null,
    "gender": null,
    "age": null,
    "url": "https://sachnoiviet.net/giong-doc/thuong-huyen",
    "tone": null,
    "volume": null,
    "speed": null,
    "pitch": null
  },
  "duration": 6.1236,
  "author": "Nguyễn Duy Cần",
  "text_url": "https://thuviensachpdf.com/lao-tu-dao-duc-kinh",
  "audio_url": "https://sachnoiviet.net/sach-noi/lao-tu-dao-duc-kinh",
  "alignment_path": null
}