{
  "id": "bd45004d",
  "name": "lau-đai-nguoi-ban-non",
  "text_path": null,
  "audio_path": null,
  "narrator": {
    "id": "2df6b68c",
    "name": "Lê Duyên",
    "dialect": null,
    "gender": null,
    "age": null,
    "url": "https://sachnoiviet.net/giong-doc/le-duyen",
    "tone": null,
    "volume": null,
    "speed": null,
    "pitch": null
  },
  "duration": 21.8367,
  "author": "Archibald Joseph Cronin",
  "text_url": "https://thuviensachpdf.com/lau-dai-nguoi-ban-non",
  "audio_url": "https://sachnoiviet.net/sach-noi/lau-dai-nguoi-ban-non",
  "alignment_path": null
}