{
  "id": "1326493b",
  "name": "lay-tinh-tham-ma-đoi-đau-bac",
  "text_path": null,
  "audio_path": null,
  "narrator": {
    "id": "3d47c455",
    "name": "Thùy Uyên",
    "dialect": null,
    "gender": null,
    "age": null,
    "url": "https://sachnoiviet.net/giong-doc/thuy-uyen",
    "tone": null,
    "volume": null,
    "speed": null,
    "pitch": null
  },
  "duration": 8.3861,
  "author": "Vãn Tình",
  "text_url": "https://thuviensachpdf.com/lay-tinh-tham-ma-doi-dau-bac",
  "audio_url": "https://sachnoiviet.net/sach-noi/lay-tinh-tham-ma-doi-dau-bac",
  "alignment_path": null
}