{
  "id": "2d3f4d48",
  "name": "lich-su-khan-hoang-mien-nam",
  "text_path": null,
  "audio_path": null,
  "narrator": {
    "id": "d2aca095",
    "name": "Xuân Hùng",
    "dialect": null,
    "gender": null,
    "age": null,
    "url": "https://sachnoiviet.net/giong-doc/xuan-hung",
    "tone": null,
    "volume": null,
    "speed": null,
    "pitch": null
  },
  "duration": 8.7533,
  "author": "Sơn Nam",
  "text_url": "https://thuviensachpdf.com/lich-su-khan-hoang-mien-nam",
  "audio_url": "https://sachnoiviet.net/sach-noi/lich-su-khan-hoang-mien-nam",
  "alignment_path": null
}