{
  "id": "352bca84",
  "name": "lich-su-van-minh-the-gioi",
  "text_path": null,
  "audio_path": null,
  "narrator": {
    "id": "8b981495",
    "name": "Kim Duyên",
    "dialect": null,
    "gender": null,
    "age": null,
    "url": "https://sachnoiviet.net/giong-doc/kim-duyen",
    "tone": null,
    "volume": null,
    "speed": null,
    "pitch": null
  },
  "duration": 14.6056,
  "author": "Vũ Dương Ninh",
  "text_url": "https://thuviensachpdf.com/lich-su-van-minh-the-gioi",
  "audio_url": "https://sachnoiviet.net/sach-noi/lich-su-van-minh-the-gioi",
  "alignment_path": null
}