{
  "id": "839d3820",
  "name": "lich-su-bi-mat-đe-che-hoa-ky",
  "text_path": null,
  "audio_path": null,
  "narrator": {
    "id": "c675e459",
    "name": "Trần Huỳnh Phương Trang",
    "dialect": null,
    "gender": null,
    "age": null,
    "url": "https://sachnoiviet.net/giong-doc/tran-huy-phuong-trang",
    "tone": null,
    "volume": null,
    "speed": null,
    "pitch": null
  },
  "duration": 13.0222,
  "author": "John Perkins",
  "text_url": "https://thuviensachpdf.com/lich-su-bi-mat-de-che-hoa-ky",
  "audio_url": "https://sachnoiviet.net/sach-noi/lich-su-bi-mat-de-che-hoa-ky",
  "alignment_path": null
}