{
  "id": "8908ccf2",
  "name": "lien-thanh-quyet",
  "text_path": null,
  "audio_path": null,
  "narrator": {
    "id": "64123c46",
    "name": "VOV Giao Thông",
    "dialect": null,
    "gender": null,
    "age": null,
    "url": "https://sachnoiviet.net/giong-doc/vov-giao-thong",
    "tone": null,
    "volume": null,
    "speed": null,
    "pitch": null
  },
  "duration": 17.1725,
  "author": "Kim Dung",
  "text_url": "https://thuviensachpdf.com/lien-thanh-quyet",
  "audio_url": "https://sachnoiviet.net/sach-noi/lien-thanh-quyet",
  "alignment_path": null
}