{
  "id": "639055e1",
  "name": "linh-hon-cua-tien",
  "text_path": null,
  "audio_path": null,
  "narrator": {
    "id": "76156e86",
    "name": "Việt Dũng",
    "dialect": null,
    "gender": null,
    "age": null,
    "url": "https://sachnoiviet.net/giong-doc/viet-dung",
    "tone": null,
    "volume": null,
    "speed": null,
    "pitch": null
  },
  "duration": 9.3217,
  "author": "Lynne Twist",
  "text_url": "https://thuviensachpdf.com/linh-hon-cua-tien",
  "audio_url": "https://sachnoiviet.net/sach-noi/linh-hon-cua-tien",
  "alignment_path": null
}