{
  "id": "c563d99e",
  "name": "lot-xac-đe-tro-thanh-nha-đau-tu-gia-tri",
  "text_path": null,
  "audio_path": null,
  "narrator": {
    "id": "ddc16676",
    "name": "Trí Tuệ Nhân Tạo",
    "dialect": null,
    "gender": null,
    "age": null,
    "url": "https://sachnoiviet.net/giong-doc/tri-tue-nhan-tao",
    "tone": null,
    "volume": null,
    "speed": null,
    "pitch": null
  },
  "duration": 6.8817,
  "author": "Guy Spier",
  "text_url": "https://thuviensachpdf.com/lot-xac-de-tro-thanh-nha-dau-tu-gia-tri",
  "audio_url": "https://sachnoiviet.net/sach-noi/lot-xac-de-tro-thanh-nha-dau-tu-gia-tri",
  "alignment_path": null
}