{
  "id": "016e33bb",
  "name": "luc-xi",
  "text_path": null,
  "audio_path": null,
  "narrator": {
    "id": "68daa7f0",
    "name": "Lê Duyên",
    "dialect": null,
    "gender": null,
    "age": null,
    "url": "https://sachnoiviet.net/giong-doc/le-duyen",
    "tone": null,
    "volume": null,
    "speed": null,
    "pitch": null
  },
  "duration": 4.2125,
  "author": "Vũ Trọng Phụng",
  "text_url": "https://thuviensachpdf.com/lu%cc%a3c-xi",
  "audio_url": "https://sachnoiviet.net/sach-noi/lu%cc%a3c-xi",
  "alignment_path": null
}