{
  "id": "70e88cc1",
  "name": "lu-đoan-mong-đen",
  "text_path": null,
  "audio_path": null,
  "narrator": {
    "id": "3b96942e",
    "name": "Trái Táo",
    "dialect": null,
    "gender": null,
    "age": null,
    "url": "https://sachnoiviet.net/giong-doc/trai-tao",
    "tone": null,
    "volume": null,
    "speed": null,
    "pitch": null
  },
  "duration": 10.9725,
  "author": "Bình Nguyên Lộc",
  "text_url": "https://thuviensachpdf.com/lu-doan-mong-den",
  "audio_url": "https://sachnoiviet.net/sach-noi/lu-doan-mong-den",
  "alignment_path": null
}