{
  "id": "ad4e3cb1",
  "name": "lua-thieu-rung-hanh",
  "text_path": null,
  "audio_path": null,
  "narrator": {
    "id": "33adcb6d",
    "name": "Unknown",
    "dialect": null,
    "gender": null,
    "age": null,
    "url": "Unknown",
    "tone": null,
    "volume": null,
    "speed": null,
    "pitch": null
  },
  "duration": 13.5222,
  "author": "Tùng Ưng",
  "text_url": "https://thuviensachpdf.com/lua-thieu-rung-hanh",
  "audio_url": "https://sachnoiviet.net/sach-noi/lua-thieu-rung-hanh",
  "alignment_path": null
}