{
  "id": "d38343b7",
  "name": "luoc-truyen-đuc-phat-thich-ca",
  "text_path": null,
  "audio_path": null,
  "narrator": {
    "id": "383dbe47",
    "name": "Chiếu Thành",
    "dialect": null,
    "gender": null,
    "age": null,
    "url": "https://sachnoiviet.net/giong-doc/chieu-thanh",
    "tone": null,
    "volume": null,
    "speed": null,
    "pitch": null
  },
  "duration": 2.49,
  "author": "Jonathan Landaw",
  "text_url": "https://thuviensachpdf.com/luoc-truyen-duc-phat-thich-ca",
  "audio_url": "https://sachnoiviet.net/sach-noi/luoc-truyen-duc-phat-thich-ca",
  "alignment_path": null
}