{
  "id": "1a6d222d",
  "name": "luoc-su-kinh-te-hoc",
  "text_path": null,
  "audio_path": null,
  "narrator": {
    "id": "2e0c4864",
    "name": "Trí Tuệ Nhân Tạo",
    "dialect": null,
    "gender": null,
    "age": null,
    "url": "https://sachnoiviet.net/giong-doc/tri-tue-nhan-tao",
    "tone": null,
    "volume": null,
    "speed": null,
    "pitch": null
  },
  "duration": 7.4758,
  "author": "Niall Kishtainy",
  "text_url": "https://thuviensachpdf.com/luoc-su-kinh-te-hoc",
  "audio_url": "https://sachnoiviet.net/sach-noi/luoc-su-kinh-te-hoc",
  "alignment_path": null
}