{
  "id": "8942f522",
  "name": "luong-van-can--xay-dung-đao-kinh-doanh-cho-nguoi-viet",
  "text_path": null,
  "audio_path": null,
  "narrator": {
    "id": "8817a5f8",
    "name": "Thùy Duyên",
    "dialect": null,
    "gender": null,
    "age": null,
    "url": "https://sachnoiviet.net/giong-doc/thuy-duyen",
    "tone": null,
    "volume": null,
    "speed": null,
    "pitch": null
  },
  "duration": 3.8792,
  "author": "Nguyễn Hồng Dung",
  "text_url": "https://thuviensachpdf.com/luong-van-can-xay-dung-dao-kinh-doanh-cho-nguoi-viet",
  "audio_url": "https://sachnoiviet.net/sach-noi/luong-van-can-xay-dung-dao-kinh-doanh-cho-nguoi-viet",
  "alignment_path": null
}