{
  "id": "ee512e2d",
  "name": "mac-ke-no-lam-toi-đi",
  "text_path": null,
  "audio_path": null,
  "narrator": {
    "id": "95b88341",
    "name": "Nguyễn Nguyệt Ánh",
    "dialect": null,
    "gender": null,
    "age": null,
    "url": "https://sachnoiviet.net/giong-doc/nguyen-nguyet-anh",
    "tone": null,
    "volume": null,
    "speed": null,
    "pitch": null
  },
  "duration": 7.2192,
  "author": "Richard Branson",
  "text_url": "https://thuviensachpdf.com/mac-ke-no-lam-toi-di",
  "audio_url": "https://sachnoiviet.net/sach-noi/mac-ke-no-lam-toi-di",
  "alignment_path": null
}