{
  "id": "b81bc6ce",
  "name": "madam-nhu-tran-le-xuan--quyen-luc-ba-rong",
  "text_path": null,
  "audio_path": null,
  "narrator": {
    "id": "99fdca14",
    "name": "Kim Phượng",
    "dialect": null,
    "gender": null,
    "age": null,
    "url": "https://sachnoiviet.net/giong-doc/kim-phuong",
    "tone": null,
    "volume": null,
    "speed": null,
    "pitch": null
  },
  "duration": 10.84,
  "author": "Monique Brinson Demery",
  "text_url": "https://thuviensachpdf.com/madam-nhu-tran-le-xuan-quyen-luc-ba-rong",
  "audio_url": "https://sachnoiviet.net/sach-noi/madam-nhu-tran-le-xuan-quyen-luc-ba-rong",
  "alignment_path": null
}