{
  "id": "bd113588",
  "name": "mai-mai-la-bao-xa",
  "text_path": null,
  "audio_path": null,
  "narrator": {
    "id": "af7d5ff0",
    "name": "Matean",
    "dialect": null,
    "gender": null,
    "age": null,
    "url": "https://sachnoiviet.net/giong-doc/matean",
    "tone": null,
    "volume": null,
    "speed": null,
    "pitch": null
  },
  "duration": 17.9172,
  "author": "Diệp Lạc Vô Tâm",
  "text_url": "https://thuviensachpdf.com/mai-mai-la-bao-xa",
  "audio_url": "https://sachnoiviet.net/sach-noi/mai-mai-la-bao-xa",
  "alignment_path": null
}