{
  "id": "9b32e101",
  "name": "manh-tu",
  "text_path": null,
  "audio_path": null,
  "narrator": {
    "id": "9e45fe50",
    "name": "Phương Anh",
    "dialect": null,
    "gender": null,
    "age": null,
    "url": "https://sachnoiviet.net/giong-doc/phuong-anh",
    "tone": null,
    "volume": null,
    "speed": null,
    "pitch": null
  },
  "duration": 5.2019,
  "author": "Nguyễn Hiến Lê",
  "text_url": "https://thuviensachpdf.com/manh-tu",
  "audio_url": "https://sachnoiviet.net/sach-noi/manh-tu",
  "alignment_path": null
}