{
  "id": "ada74590",
  "name": "masayoshi-ty-phu-lieu-an-nhieu",
  "text_path": null,
  "audio_path": null,
  "narrator": {
    "id": "b33fa2aa",
    "name": "Unknown",
    "dialect": null,
    "gender": null,
    "age": null,
    "url": "Unknown",
    "tone": null,
    "volume": null,
    "speed": null,
    "pitch": null
  },
  "duration": 8.5378,
  "author": "Onishi Takahiro",
  "text_url": "https://thuviensachpdf.com/masayoshi-ty-phu-lieu-an-nhieu",
  "audio_url": "https://sachnoiviet.net/sach-noi/masayoshi-ty-phu-lieu-an-nhieu",
  "alignment_path": null
}