{
  "id": "acd8f145",
  "name": "mat-troi-đem",
  "text_path": null,
  "audio_path": null,
  "narrator": {
    "id": "4809be7f",
    "name": "Thái Hoàng Phi",
    "dialect": null,
    "gender": null,
    "age": null,
    "url": "https://sachnoiviet.net/giong-doc/thai-hoang-phi",
    "tone": null,
    "volume": null,
    "speed": null,
    "pitch": null
  },
  "duration": 12.3944,
  "author": "Lê Xuyên",
  "text_url": "https://thuviensachpdf.com/mat-troi-dem",
  "audio_url": "https://sachnoiviet.net/sach-noi/mat-troi-dem",
  "alignment_path": null
}