{
  "id": "5549d57a",
  "name": "mat-troi-luc-nua-đem",
  "text_path": null,
  "audio_path": null,
  "narrator": {
    "id": "ff51de74",
    "name": "Mr Thu",
    "dialect": null,
    "gender": null,
    "age": null,
    "url": "https://sachnoiviet.net/giong-doc/mr-thu",
    "tone": null,
    "volume": null,
    "speed": null,
    "pitch": null
  },
  "duration": 6.0658,
  "author": "Kat Martin",
  "text_url": "https://thuviensachpdf.com/mat-troi-luc-nua-dem",
  "audio_url": "https://sachnoiviet.net/sach-noi/mat-troi-luc-nua-dem",
  "alignment_path": null
}