{
  "id": "b25d49df",
  "name": "mat-day-tam-đen",
  "text_path": null,
  "audio_path": null,
  "narrator": {
    "id": "53ac848f",
    "name": "Trương Thị Đệ",
    "dialect": null,
    "gender": null,
    "age": null,
    "url": "https://sachnoiviet.net/giong-doc/truong-thi-de",
    "tone": null,
    "volume": null,
    "speed": null,
    "pitch": null
  },
  "duration": 12.0558,
  "author": "Chin-Ning Chu",
  "text_url": "https://thuviensachpdf.com/mat-day-tam-den",
  "audio_url": "https://sachnoiviet.net/sach-noi/mat-day-tam-den",
  "alignment_path": null
}