{
  "id": "413b9ce7",
  "name": "may-tren-đong-bay-mai",
  "text_path": null,
  "audio_path": null,
  "narrator": {
    "id": "d8f58b54",
    "name": "Trầm Radio",
    "dialect": null,
    "gender": null,
    "age": null,
    "url": "https://sachnoiviet.net/giong-doc/tram-radio",
    "tone": null,
    "volume": null,
    "speed": null,
    "pitch": null
  },
  "duration": 14.0222,
  "author": "An Dĩ Mạch",
  "text_url": "https://thuviensachpdf.com/may-tren-dong-bay-mai",
  "audio_url": "https://sachnoiviet.net/sach-noi/may-tren-dong-bay-mai",
  "alignment_path": null
}