{
  "id": "9c858d4e",
  "name": "me-min-bo-min",
  "text_path": null,
  "audio_path": null,
  "narrator": {
    "id": "f08e18f8",
    "name": "Ngô Hồng",
    "dialect": null,
    "gender": null,
    "age": null,
    "url": "https://sachnoiviet.net/giong-doc/ngo-hong",
    "tone": null,
    "volume": null,
    "speed": null,
    "pitch": null
  },
  "duration": 3.5233,
  "author": "Tô Hoài",
  "text_url": "https://thuviensachpdf.com/me-min-bo-min",
  "audio_url": "https://sachnoiviet.net/sach-noi/me-min-bo-min",
  "alignment_path": null
}