{
  "id": "502da9fa",
  "name": "me-tu-hong",
  "text_path": null,
  "audio_path": null,
  "narrator": {
    "id": "78440d17",
    "name": "Hồng Hà",
    "dialect": null,
    "gender": null,
    "age": null,
    "url": "https://sachnoiviet.net/giong-doc/hong-ha",
    "tone": null,
    "volume": null,
    "speed": null,
    "pitch": null
  },
  "duration": 9.2778,
  "author": "Nguyễn Ngọc Tiến",
  "text_url": "https://thuviensachpdf.com/me-tu-hong",
  "audio_url": "https://sachnoiviet.net/sach-noi/me-tu-hong",
  "alignment_path": null
}