{
  "id": "6f75698d",
  "name": "mieng-ngon-ha-noi",
  "text_path": null,
  "audio_path": null,
  "narrator": {
    "id": "bb147d6e",
    "name": "Hà Thái",
    "dialect": null,
    "gender": null,
    "age": null,
    "url": "https://sachnoiviet.net/giong-doc/ha-thai",
    "tone": null,
    "volume": null,
    "speed": null,
    "pitch": null
  },
  "duration": 3.4722,
  "author": "Vũ Bằng",
  "text_url": "https://thuviensachpdf.com/mieng-ngon-ha-noi",
  "audio_url": "https://sachnoiviet.net/sach-noi/mieng-ngon-ha-noi",
  "alignment_path": null
}