{
  "id": "e53ab671",
  "name": "mien-tay",
  "text_path": null,
  "audio_path": null,
  "narrator": {
    "id": "43c4132b",
    "name": "Trung Nghị",
    "dialect": null,
    "gender": null,
    "age": null,
    "url": "https://sachnoiviet.net/giong-doc/trung-nghi",
    "tone": null,
    "volume": null,
    "speed": null,
    "pitch": null
  },
  "duration": 6.6889,
  "author": "Tô Hoài",
  "text_url": "https://thuviensachpdf.com/mien-tay",
  "audio_url": "https://sachnoiviet.net/sach-noi/mien-tay",
  "alignment_path": null
}