{
  "id": "0f88fb0e",
  "name": "minh-triet-trong-đoi-song",
  "text_path": null,
  "audio_path": null,
  "narrator": {
    "id": "131a87c3",
    "name": "Trần Ngọc San",
    "dialect": null,
    "gender": null,
    "age": null,
    "url": "https://sachnoiviet.net/giong-doc/tran-ngoc-san",
    "tone": null,
    "volume": null,
    "speed": null,
    "pitch": null
  },
  "duration": 6.1228,
  "author": "Nguyên Phong",
  "text_url": "https://thuviensachpdf.com/minh-triet-trong-doi-song",
  "audio_url": "https://sachnoiviet.net/sach-noi/minh-triet-trong-doi-song",
  "alignment_path": null
}