{
  "id": "5a7f58cc",
  "name": "mot-lan-toi-nhan-gian-phai-song-đoi-ruc-ro",
  "text_path": null,
  "audio_path": null,
  "narrator": {
    "id": "1c63ab93",
    "name": "Mộc",
    "dialect": null,
    "gender": null,
    "age": null,
    "url": "https://sachnoiviet.net/giong-doc/moc",
    "tone": null,
    "volume": null,
    "speed": null,
    "pitch": null
  },
  "duration": 8.7392,
  "author": "Lương Sảng",
  "text_url": "https://thuviensachpdf.com/mot-lan-toi-nhan-gian-phai-song-doi-ruc-ro",
  "audio_url": "https://sachnoiviet.net/sach-noi/mot-lan-toi-nhan-gian-phai-song-doi-ruc-ro",
  "alignment_path": null
}