{
  "id": "5cff9ed5",
  "name": "mot-đoi-đang-gia-đung-song-qua-loa",
  "text_path": null,
  "audio_path": null,
  "narrator": {
    "id": "4e2dbb20",
    "name": "Mộc",
    "dialect": null,
    "gender": null,
    "age": null,
    "url": "https://sachnoiviet.net/giong-doc/moc",
    "tone": null,
    "volume": null,
    "speed": null,
    "pitch": null
  },
  "duration": 4.0567,
  "author": "Tinh Vân Đại Sư",
  "text_url": "https://thuviensachpdf.com/mot-doi-dang-gia-dung-song-qua-loa",
  "audio_url": "https://sachnoiviet.net/sach-noi/mot-doi-dang-gia-dung-song-qua-loa",
  "alignment_path": null
}