{
  "id": "71994e04",
  "name": "mot-chuyen-chep-o-benh-vien",
  "text_path": null,
  "audio_path": null,
  "narrator": {
    "id": "5d3e54ff",
    "name": "Kim Phượng",
    "dialect": null,
    "gender": null,
    "age": null,
    "url": "https://sachnoiviet.net/giong-doc/kim-phuong",
    "tone": null,
    "volume": null,
    "speed": null,
    "pitch": null
  },
  "duration": 6.7506,
  "author": "Anh Đức",
  "text_url": "https://thuviensachpdf.com/mot-chuyen-chep-o-benh-vien",
  "audio_url": "https://sachnoiviet.net/sach-noi/mot-chuyen-chep-o-benh-vien",
  "alignment_path": null
}