{
  "id": "f0f7eb87",
  "name": "mua-tom",
  "text_path": null,
  "audio_path": null,
  "narrator": {
    "id": "a44f7302",
    "name": "Hoàng Anh",
    "dialect": null,
    "gender": null,
    "age": null,
    "url": "https://sachnoiviet.net/giong-doc/hoang-anh",
    "tone": null,
    "volume": null,
    "speed": null,
    "pitch": null
  },
  "duration": 6.8392,
  "author": "Thakazhi Sivasankara Pillai",
  "text_url": "https://thuviensachpdf.com/mua-tom",
  "audio_url": "https://sachnoiviet.net/sach-noi/mua-tom",
  "alignment_path": null
}