{
  "id": "e9a64e62",
  "name": "mua-thu-la-bay",
  "text_path": null,
  "audio_path": null,
  "narrator": [
    {
      "id": "a956dfff",
      "name": "Thanh Trúc",
      "dialect": null,
      "gender": null,
      "age": null,
      "url": "https://sachnoiviet.net/giong-doc/thanh-truc",
      "tone": null,
      "volume": null,
      "speed": null,
      "pitch": null
    },
    {
      "id": "c6a45ec0",
      "name": "Trần Ngọc San",
      "dialect": null,
      "gender": null,
      "age": null,
      "url": "https://sachnoiviet.net/giong-doc/tran-ngoc-san",
      "tone": null,
      "volume": null,
      "speed": null,
      "pitch": null
    }
  ],
  "duration": 8.3517,
  "author": "Quỳnh Dao",
  "text_url": "https://thuviensachpdf.com/mua-thu-la-bay",
  "audio_url": "https://sachnoiviet.net/sach-noi/mua-thu-la-bay",
  "alignment_path": null
}