{
  "id": "7633d1f4",
  "name": "muoi-nam",
  "text_path": null,
  "audio_path": null,
  "narrator": {
    "id": "538c125c",
    "name": "Nguyễn Thị Xuân",
    "dialect": null,
    "gender": null,
    "age": null,
    "url": "https://sachnoiviet.net/giong-doc/nguye%cc%83n-thi%cc%a3-xuan",
    "tone": null,
    "volume": null,
    "speed": null,
    "pitch": null
  },
  "duration": 9.5558,
  "author": "Tô Hoài",
  "text_url": "https://thuviensachpdf.com/muoi-nam",
  "audio_url": "https://sachnoiviet.net/sach-noi/muoi-nam",
  "alignment_path": null
}