{
  "id": "2ad6848f",
  "name": "muoi-le-mot-đem",
  "text_path": null,
  "audio_path": null,
  "narrator": {
    "id": "905f7b60",
    "name": "Công Tuấn",
    "dialect": null,
    "gender": null,
    "age": null,
    "url": "https://sachnoiviet.net/giong-doc/cong-tuan",
    "tone": null,
    "volume": null,
    "speed": null,
    "pitch": null
  },
  "duration": 7.5328,
  "author": "Hồ Anh Thái",
  "text_url": "https://thuviensachpdf.com/muoi-le-mot-dem",
  "audio_url": "https://sachnoiviet.net/sach-noi/muoi-le-mot-dem",
  "alignment_path": null
}