{
  "id": "1aca807d",
  "name": "muon-kiep-nhan-sinh--tap-2",
  "text_path": null,
  "audio_path": null,
  "narrator": {
    "id": "b67e13aa",
    "name": "Đông Quân",
    "dialect": null,
    "gender": null,
    "age": null,
    "url": "https://sachnoiviet.net/giong-doc/dong-quan",
    "tone": null,
    "volume": null,
    "speed": null,
    "pitch": null
  },
  "duration": 17.1719,
  "author": "Nguyên Phong",
  "text_url": "https://thuviensachpdf.com/muon-kiep-nhan-sinh-tap-2",
  "audio_url": "https://sachnoiviet.net/sach-noi/muon-kiep-nhan-sinh-tap-2",
  "alignment_path": null
}