{
  "id": "20159799",
  "name": "nam-thang-tinh-lang-kiep-nay-binh-yen",
  "text_path": null,
  "audio_path": null,
  "narrator": {
    "id": "e3b8c7a4",
    "name": "Mộc",
    "dialect": null,
    "gender": null,
    "age": null,
    "url": "https://sachnoiviet.net/giong-doc/moc",
    "tone": null,
    "volume": null,
    "speed": null,
    "pitch": null
  },
  "duration": 8.2389,
  "author": "Bạch Lạc Mai",
  "text_url": "https://thuviensachpdf.com/nam-thang-tinh-lang-kiep-nay-binh-yen",
  "audio_url": "https://sachnoiviet.net/sach-noi/nam-thang-tinh-lang-kiep-nay-binh-yen",
  "alignment_path": null
}