{
  "id": "d4785d3c",
  "name": "nen-kinh-te-cam-on",
  "text_path": null,
  "audio_path": null,
  "narrator": {
    "id": "14f1a4b8",
    "name": "Lê Yến",
    "dialect": null,
    "gender": null,
    "age": null,
    "url": "https://sachnoiviet.net/giong-doc/le-yen",
    "tone": null,
    "volume": null,
    "speed": null,
    "pitch": null
  },
  "duration": 6.25,
  "author": "Gary Vaynerchuk",
  "text_url": "https://thuviensachpdf.com/nen-kinh-te-cam-on",
  "audio_url": "https://sachnoiviet.net/sach-noi/nen-kinh-te-cam-on",
  "alignment_path": null
}