{
  "id": "e4f0786d",
  "name": "neo-ve-cua-y",
  "text_path": null,
  "audio_path": null,
  "narrator": [
    {
      "id": "9270b67a",
      "name": "Đức Uy",
      "dialect": null,
      "gender": null,
      "age": null,
      "url": "https://sachnoiviet.net/giong-doc/duc-uy",
      "tone": null,
      "volume": null,
      "speed": null,
      "pitch": null
    },
    {
      "id": "9636c996",
      "name": "Huy Hồ",
      "dialect": null,
      "gender": null,
      "age": null,
      "url": "https://sachnoiviet.net/giong-doc/huy-ho",
      "tone": null,
      "volume": null,
      "speed": null,
      "pitch": null
    },
    {
      "id": "302dae51",
      "name": "Kim Phượng",
      "dialect": null,
      "gender": null,
      "age": null,
      "url": "https://sachnoiviet.net/giong-doc/kim-phuong",
      "tone": null,
      "volume": null,
      "speed": null,
      "pitch": null
    }
  ],
  "duration": 7.1289,
  "author": "Thích Nhất Hạnh",
  "text_url": "https://thuviensachpdf.com/neo-ve-cua-y",
  "audio_url": "https://sachnoiviet.net/sach-noi/neo-ve-cua-y",
  "alignment_path": null
}