{
  "id": "43d05f4e",
  "name": "neu-con-co-ngay-mai",
  "text_path": null,
  "audio_path": null,
  "narrator": {
    "id": "69ae4e84",
    "name": "Lê Duyên",
    "dialect": null,
    "gender": null,
    "age": null,
    "url": "https://sachnoiviet.net/giong-doc/le-duyen",
    "tone": null,
    "volume": null,
    "speed": null,
    "pitch": null
  },
  "duration": 14.6889,
  "author": "Sidney Sheldon",
  "text_url": "https://thuviensachpdf.com/neu-con-co-ngay-mai",
  "audio_url": "https://sachnoiviet.net/sach-noi/neu-con-co-ngay-mai",
  "alignment_path": null
}