{
  "id": "bd32ccf3",
  "name": "ngan-nam-cho-đoi",
  "text_path": null,
  "audio_path": null,
  "narrator": {
    "id": "2d26ecbc",
    "name": "Huệ Leo",
    "dialect": null,
    "gender": null,
    "age": null,
    "url": "https://sachnoiviet.net/giong-doc/hue-leo",
    "tone": null,
    "volume": null,
    "speed": null,
    "pitch": null
  },
  "duration": 2.1828,
  "author": "Diệp Lạc Vô Tâm",
  "text_url": "https://thuviensachpdf.com/ngan-nam-cho-doi",
  "audio_url": "https://sachnoiviet.net/sach-noi/ngan-nam-cho-doi",
  "alignment_path": null
}