{
  "id": "505bd4c8",
  "name": "ngay-xua-co-mot-chuyen-tinh",
  "text_path": null,
  "audio_path": null,
  "narrator": {
    "id": "7449af94",
    "name": "Trần Ngọc San",
    "dialect": null,
    "gender": null,
    "age": null,
    "url": "https://sachnoiviet.net/giong-doc/tran-ngoc-san",
    "tone": null,
    "volume": null,
    "speed": null,
    "pitch": null
  },
  "duration": 5.9275,
  "author": "Nguyễn Nhật Ánh",
  "text_url": "https://thuviensachpdf.com/ngay-xua-co-mot-chuyen-tinh",
  "audio_url": "https://sachnoiviet.net/sach-noi/ngay-xua-co-mot-chuyen-tinh",
  "alignment_path": null
}