{
  "id": "f2c913f9",
  "name": "ngay-ca-buffett-cung-khong-hoan-hao",
  "text_path": null,
  "audio_path": null,
  "narrator": {
    "id": "00a92bcb",
    "name": "Đàm Thanh Phượng",
    "dialect": null,
    "gender": null,
    "age": null,
    "url": "https://sachnoiviet.net/giong-doc/dam-thanh-phuong",
    "tone": null,
    "volume": null,
    "speed": null,
    "pitch": null
  },
  "duration": 8.0364,
  "author": "Vahan Janjigian",
  "text_url": "https://thuviensachpdf.com/ngay-ca-buffett-cung-khong-hoan-hao",
  "audio_url": "https://sachnoiviet.net/sach-noi/ngay-ca-buffett-cung-khong-hoan-hao",
  "alignment_path": null
}