{
  "id": "1e0f0ada",
  "name": "ngay-cuoi-cung-cua-mot-tu-tu",
  "text_path": null,
  "audio_path": null,
  "narrator": {
    "id": "7781bfa0",
    "name": "Thủy Tiên",
    "dialect": null,
    "gender": null,
    "age": null,
    "url": "https://sachnoiviet.net/giong-doc/thuy-tien",
    "tone": null,
    "volume": null,
    "speed": null,
    "pitch": null
  },
  "duration": 3.0758,
  "author": "Victor Hugo",
  "text_url": "https://thuviensachpdf.com/ngay-cuoi-cung-cua-mot-tu-tu",
  "audio_url": "https://sachnoiviet.net/sach-noi/ngay-cuoi-cung-cua-mot-tu-tu",
  "alignment_path": null
}