{
  "id": "2d9bfee7",
  "name": "ngay-tam-ta-an-song-gio-se-tan",
  "text_path": null,
  "audio_path": null,
  "narrator": {
    "id": "299bb7a9",
    "name": "Mộc",
    "dialect": null,
    "gender": null,
    "age": null,
    "url": "https://sachnoiviet.net/giong-doc/moc",
    "tone": null,
    "volume": null,
    "speed": null,
    "pitch": null
  },
  "duration": 4.425,
  "author": "Lý Lê",
  "text_url": "https://thuviensachpdf.com/ngay-tam-ta-an-song-gio-se-tan",
  "audio_url": "https://sachnoiviet.net/sach-noi/ngay-tam-ta-an-song-gio-se-tan",
  "alignment_path": null
}