{
  "id": "308fde93",
  "name": "nghe-thuat-giao-tiep-đe-thanh-cong",
  "text_path": null,
  "audio_path": null,
  "narrator": {
    "id": "5a6ac5cb",
    "name": "Như Minh",
    "dialect": null,
    "gender": null,
    "age": null,
    "url": "https://sachnoiviet.net/giong-doc/nhu-minh",
    "tone": null,
    "volume": null,
    "speed": null,
    "pitch": null
  },
  "duration": 7.7256,
  "author": "Leil Lowndes",
  "text_url": "https://thuviensachpdf.com/nghe-thuat-giao-tiep-de-thanh-cong",
  "audio_url": "https://sachnoiviet.net/sach-noi/nghe-thuat-giao-tiep-de-thanh-cong",
  "alignment_path": null
}