{
  "id": "5b86f2d7",
  "name": "nghe-thuat-đam-phan",
  "text_path": null,
  "audio_path": null,
  "narrator": {
    "id": "ed088034",
    "name": "Việt Dũng",
    "dialect": null,
    "gender": null,
    "age": null,
    "url": "https://sachnoiviet.net/giong-doc/viet-dung",
    "tone": null,
    "volume": null,
    "speed": null,
    "pitch": null
  },
  "duration": 8.3156,
  "author": "Donald J. Trump",
  "text_url": "https://thuviensachpdf.com/nghe-thuat-dam-phan",
  "audio_url": "https://sachnoiviet.net/sach-noi/nghe-thuat-dam-phan",
  "alignment_path": null
}