{
  "id": "32a76056",
  "name": "nghin-le-mot-đem",
  "text_path": null,
  "audio_path": null,
  "narrator": {
    "id": "e098b7c5",
    "name": "Quỳnh Giang",
    "dialect": null,
    "gender": null,
    "age": null,
    "url": "https://sachnoiviet.net/giong-doc/quynh-giang",
    "tone": null,
    "volume": null,
    "speed": null,
    "pitch": null
  },
  "duration": 8.4417,
  "author": "Antonie Galand",
  "text_url": "https://thuviensachpdf.com/nghin-le-mot-dem",
  "audio_url": "https://sachnoiviet.net/sach-noi/nghin-le-mot-dem",
  "alignment_path": null
}