{
  "id": "40f84af5",
  "name": "nghi-nhu-mot-ty-phu",
  "text_path": null,
  "audio_path": null,
  "narrator": {
    "id": "3ea6490d",
    "name": "Hiền Lương",
    "dialect": null,
    "gender": null,
    "age": null,
    "url": "https://sachnoiviet.net/giong-doc/hien-luong",
    "tone": null,
    "volume": null,
    "speed": null,
    "pitch": null
  },
  "duration": 4.6867,
  "author": "Donald J. Trump",
  "text_url": "https://thuviensachpdf.com/nghi-nhu-mot-ty-phu",
  "audio_url": "https://sachnoiviet.net/sach-noi/nghi-nhu-mot-ty-phu",
  "alignment_path": null
}