{
  "id": "3c3aa88c",
  "name": "nghi-tu-trai-tim",
  "text_path": null,
  "audio_path": null,
  "narrator": {
    "id": "cba97af3",
    "name": "Phú Cường",
    "dialect": null,
    "gender": null,
    "age": null,
    "url": "https://sachnoiviet.net/giong-doc/phu-cuong",
    "tone": null,
    "volume": null,
    "speed": null,
    "pitch": null
  },
  "duration": 3.215,
  "author": "Đỗ Hồng Ngọc",
  "text_url": "https://thuviensachpdf.com/nghi-tu-trai-tim",
  "audio_url": "https://sachnoiviet.net/sach-noi/nghi-tu-trai-tim",
  "alignment_path": null
}