{
  "id": "229095f1",
  "name": "ngoc-sang-trong-hoa-sen",
  "text_path": null,
  "audio_path": null,
  "narrator": {
    "id": "99231da7",
    "name": "Tâm Kiến Chánh",
    "dialect": null,
    "gender": null,
    "age": null,
    "url": "https://sachnoiviet.net/giong-doc/tam-kien-chanh",
    "tone": null,
    "volume": null,
    "speed": null,
    "pitch": null
  },
  "duration": 11.8958,
  "author": "Nguyên Phong",
  "text_url": "https://thuviensachpdf.com/ngoc-sang-trong-hoa-sen",
  "audio_url": "https://sachnoiviet.net/sach-noi/ngoc-sang-trong-hoa-sen",
  "alignment_path": null
}