{
  "id": "b3b32cf3",
  "name": "ngoi-truong-moi-khi",
  "text_path": null,
  "audio_path": null,
  "narrator": {
    "id": "14aad27d",
    "name": "Nguyễn Nguyễn",
    "dialect": null,
    "gender": null,
    "age": null,
    "url": "https://sachnoiviet.net/giong-doc/nguyen-nguyen",
    "tone": null,
    "volume": null,
    "speed": null,
    "pitch": null
  },
  "duration": 3.7861,
  "author": "Nguyễn Nhật Ánh",
  "text_url": "https://thuviensachpdf.com/ngoi-truong-moi-khi",
  "audio_url": "https://sachnoiviet.net/sach-noi/ngoi-truong-moi-khi",
  "alignment_path": null
}