{
  "id": "ee8ca504",
  "name": "ngoi-lang-co-mo",
  "text_path": null,
  "audio_path": null,
  "narrator": {
    "id": "e7b79d66",
    "name": "Bibimbap Bắp",
    "dialect": null,
    "gender": null,
    "age": null,
    "url": "https://sachnoiviet.net/giong-doc/bibimbap-bap",
    "tone": null,
    "volume": null,
    "speed": null,
    "pitch": null
  },
  "duration": 4.8361,
  "author": "Thục Linh",
  "text_url": "https://thuviensachpdf.com/ngoi-lang-co-mo",
  "audio_url": "https://sachnoiviet.net/sach-noi/ngoi-lang-co-mo",
  "alignment_path": null
}