{
  "id": "15985fcb",
  "name": "ngon-ngu-cua-chua",
  "text_path": null,
  "audio_path": null,
  "narrator": {
    "id": "bf1f66d6",
    "name": "Agne Minh Lý",
    "dialect": null,
    "gender": null,
    "age": null,
    "url": "https://sachnoiviet.net/giong-doc/agne-minh-ly",
    "tone": null,
    "volume": null,
    "speed": null,
    "pitch": null
  },
  "duration": 11.3583,
  "author": "Francis S. Collins",
  "text_url": "https://thuviensachpdf.com/ngon-ngu-cua-chua",
  "audio_url": "https://sachnoiviet.net/sach-noi/ngon-ngu-cua-chua",
  "alignment_path": null
}