{
  "id": "589b76e3",
  "name": "ngon-đen-khong-tat",
  "text_path": null,
  "audio_path": null,
  "narrator": [
    {
      "id": "eae8f572",
      "name": "Anh Chi",
      "dialect": null,
      "gender": null,
      "age": null,
      "url": "https://sachnoiviet.net/giong-doc/anh-chi",
      "tone": null,
      "volume": null,
      "speed": null,
      "pitch": null
    },
    {
      "id": "fa5cbfcd",
      "name": "Sài Gòn Voice",
      "dialect": null,
      "gender": null,
      "age": null,
      "url": "https://sachnoiviet.net/giong-doc/sai-gon-voice",
      "tone": null,
      "volume": null,
      "speed": null,
      "pitch": null
    },
    {
      "id": "91a7e7f8",
      "name": "SHI",
      "dialect": null,
      "gender": null,
      "age": null,
      "url": "https://sachnoiviet.net/giong-doc/shi",
      "tone": null,
      "volume": null,
      "speed": null,
      "pitch": null
    }
  ],
  "duration": 1.4425,
  "author": "Nguyễn Ngọc Tư",
  "text_url": "https://thuviensachpdf.com/ngon-den-khong-tat",
  "audio_url": "https://sachnoiviet.net/sach-noi/ngon-den-khong-tat",
  "alignment_path": null
}