{
  "id": "529b875e",
  "name": "ngu-cung-nguoi-chet",
  "text_path": null,
  "audio_path": null,
  "narrator": {
    "id": "ead8567b",
    "name": "Bibimbap Bắp",
    "dialect": null,
    "gender": null,
    "age": null,
    "url": "https://sachnoiviet.net/giong-doc/bibimbap-bap",
    "tone": null,
    "volume": null,
    "speed": null,
    "pitch": null
  },
  "duration": 12.3111,
  "author": "Thảo Trang",
  "text_url": "https://thuviensachpdf.com/ngu-cung-nguoi-chet",
  "audio_url": "https://sachnoiviet.net/sach-noi/ngu-cung-nguoi-chet",
  "alignment_path": null
}