{
  "id": "b7f930a1",
  "name": "nguoi-that-chi",
  "text_path": null,
  "audio_path": null,
  "narrator": {
    "id": "8f04613d",
    "name": "Nào Đi Thôi",
    "dialect": null,
    "gender": null,
    "age": null,
    "url": "https://sachnoiviet.net/giong-doc/nao-di-thoi",
    "tone": null,
    "volume": null,
    "speed": null,
    "pitch": null
  },
  "duration": 2.9161,
  "author": "Hồ Biểu Chánh",
  "text_url": "https://thuviensachpdf.com/nguoi-that-chi",
  "audio_url": "https://sachnoiviet.net/sach-noi/nguoi-that-chi",
  "alignment_path": null
}