{
  "id": "ccd7de97",
  "name": "nguoi-đuc-day-con-hoc-cac-quy-tac",
  "text_path": null,
  "audio_path": null,
  "narrator": {
    "id": "8c6e52d0",
    "name": "Lê Yến",
    "dialect": null,
    "gender": null,
    "age": null,
    "url": "https://sachnoiviet.net/giong-doc/le-yen",
    "tone": null,
    "volume": null,
    "speed": null,
    "pitch": null
  },
  "duration": 4.1989,
  "author": "Annette Kast-Zahn",
  "text_url": "https://thuviensachpdf.com/nguoi-duc-day-con-hoc-cac-quy-tac",
  "audio_url": "https://sachnoiviet.net/sach-noi/nguoi-duc-day-con-hoc-cac-quy-tac",
  "alignment_path": null
}