{
  "id": "ada2137c",
  "name": "nguoi-dam-cho-đi",
  "text_path": null,
  "audio_path": null,
  "narrator": {
    "id": "2d1b9038",
    "name": "Trần Diệu Lan",
    "dialect": null,
    "gender": null,
    "age": null,
    "url": "https://sachnoiviet.net/giong-doc/tran-dieu-lan",
    "tone": null,
    "volume": null,
    "speed": null,
    "pitch": null
  },
  "duration": 3.0094,
  "author": "Bob Burg",
  "text_url": "https://thuviensachpdf.com/nguoi-dam-cho-di",
  "audio_url": "https://sachnoiviet.net/sach-noi/nguoi-dam-cho-di",
  "alignment_path": null
}