{
  "id": "e5b00d05",
  "name": "nguoi-cha-tot-hon-la-nguoi-thay-tot",
  "text_path": null,
  "audio_path": null,
  "narrator": {
    "id": "7c831d9c",
    "name": "Lê Yến",
    "dialect": null,
    "gender": null,
    "age": null,
    "url": "https://sachnoiviet.net/giong-doc/le-yen",
    "tone": null,
    "volume": null,
    "speed": null,
    "pitch": null
  },
  "duration": 11.5161,
  "author": "Đông Tử",
  "text_url": "https://thuviensachpdf.com/nguoi-cha-tot-hon-la-nguoi-thay-tot",
  "audio_url": "https://sachnoiviet.net/sach-noi/nguoi-cha-tot-hon-la-nguoi-thay-tot",
  "alignment_path": null
}