{
  "id": "9b27ec90",
  "name": "nguoi-van-chuyen",
  "text_path": null,
  "audio_path": null,
  "narrator": {
    "id": "d80a6fce",
    "name": "Nguyễn Huy",
    "dialect": null,
    "gender": null,
    "age": null,
    "url": "https://sachnoiviet.net/giong-doc/nguyen-huy",
    "tone": null,
    "volume": null,
    "speed": null,
    "pitch": null
  },
  "duration": 7.5889,
  "author": "Lê Tuấn",
  "text_url": "https://thuviensachpdf.com/nguoi-van-chuyen",
  "audio_url": "https://sachnoiviet.net/sach-noi/nguoi-van-chuyen",
  "alignment_path": null
}