{
  "id": "d136b292",
  "name": "nguoi-quang-đi-an-mi-quang",
  "text_path": null,
  "audio_path": null,
  "narrator": {
    "id": "7fe4273f",
    "name": "Minh Hoàng",
    "dialect": null,
    "gender": null,
    "age": null,
    "url": "https://sachnoiviet.net/giong-doc/minh-hoang",
    "tone": null,
    "volume": null,
    "speed": null,
    "pitch": null
  },
  "duration": 3.6756,
  "author": "Nguyễn Nhật Ánh",
  "text_url": "https://thuviensachpdf.com/nguoi-quang-di-an-mi-quang",
  "audio_url": "https://sachnoiviet.net/sach-noi/nguoi-quang-di-an-mi-quang",
  "alignment_path": null
}