{
  "id": "76ca08ee",
  "name": "nguoi-đuc-day-con-tu-kiem-soat-ban-than",
  "text_path": null,
  "audio_path": null,
  "narrator": {
    "id": "a7d3d5bf",
    "name": "Unknown",
    "dialect": null,
    "gender": null,
    "age": null,
    "url": "Unknown",
    "tone": null,
    "volume": null,
    "speed": null,
    "pitch": null
  },
  "duration": 4.1389,
  "author": "Annette Kast-Zahn",
  "text_url": "https://thuviensachpdf.com/nguoi-duc-day-con-tu-kiem-soat-ban-than",
  "audio_url": "https://sachnoiviet.net/sach-noi/nguoi-duc-day-con-tu-kiem-soat-ban-than",
  "alignment_path": null
}