{
  "id": "31351b6d",
  "name": "nguoi-nam-cham--bi-mat-cua-luat-hap-dan",
  "text_path": null,
  "audio_path": null,
  "narrator": {
    "id": "24aab4b0",
    "name": "Trần Ngọc San",
    "dialect": null,
    "gender": null,
    "age": null,
    "url": "https://sachnoiviet.net/giong-doc/tran-ngoc-san",
    "tone": null,
    "volume": null,
    "speed": null,
    "pitch": null
  },
  "duration": 3.3658,
  "author": "Jack Canfield",
  "text_url": "https://thuviensachpdf.com/nguoi-nam-cham-bi-mat-cua-luat-hap-dan",
  "audio_url": "https://sachnoiviet.net/sach-noi/nguoi-nam-cham-bi-mat-cua-luat-hap-dan",
  "alignment_path": null
}