{
  "id": "5cb93941",
  "name": "nguoi-me-cam-sung",
  "text_path": null,
  "audio_path": null,
  "narrator": {
    "id": "9f844419",
    "name": "Trần Ngọc San",
    "dialect": null,
    "gender": null,
    "age": null,
    "url": "https://sachnoiviet.net/giong-doc/tran-ngoc-san",
    "tone": null,
    "volume": null,
    "speed": null,
    "pitch": null
  },
  "duration": 1.8083,
  "author": "Nguyễn Thi",
  "text_url": "https://thuviensachpdf.com/nguoi-me-cam-sung",
  "audio_url": "https://sachnoiviet.net/sach-noi/nguoi-me-cam-sung",
  "alignment_path": null
}