{
  "id": "6fa609e7",
  "name": "nguoi-đuc-day-con-tren-ban-an",
  "text_path": null,
  "audio_path": null,
  "narrator": {
    "id": "4adfe0f5",
    "name": "Unknown",
    "dialect": null,
    "gender": null,
    "age": null,
    "url": "Unknown",
    "tone": null,
    "volume": null,
    "speed": null,
    "pitch": null
  },
  "duration": 4.6767,
  "author": "Annette Kast-Zahn",
  "text_url": "https://thuviensachpdf.com/nguoi-duc-day-con-tren-ban-an",
  "audio_url": "https://sachnoiviet.net/sach-noi/nguoi-duc-day-con-tren-ban-an",
  "alignment_path": null
}