{
  "id": "15e1598a",
  "name": "nha-nang-o-canh-nha-toi",
  "text_path": null,
  "audio_path": null,
  "narrator": {
    "id": "c99ead38",
    "name": "Trần Ngọc San",
    "dialect": null,
    "gender": null,
    "age": null,
    "url": "https://sachnoiviet.net/giong-doc/tran-ngoc-san",
    "tone": null,
    "volume": null,
    "speed": null,
    "pitch": null
  },
  "duration": 6.4017,
  "author": "Lini Thông Minh",
  "text_url": "https://thuviensachpdf.com/nha-nang-o-canh-nha-toi",
  "audio_url": "https://sachnoiviet.net/sach-noi/nha-nang-o-canh-nha-toi",
  "alignment_path": null
}