{
  "id": "1660b606",
  "name": "nha-tien-tri-cuoi-cung",
  "text_path": null,
  "audio_path": null,
  "narrator": {
    "id": "20be1cdf",
    "name": "MC Thu Trang",
    "dialect": null,
    "gender": null,
    "age": null,
    "url": "https://sachnoiviet.net/giong-doc/mc-thu-trang",
    "tone": null,
    "volume": null,
    "speed": null,
    "pitch": null
  },
  "duration": 17.2556,
  "author": "James Rollins",
  "text_url": "https://thuviensachpdf.com/nha-tien-tri-cuoi-cung",
  "audio_url": "https://sachnoiviet.net/sach-noi/nha-tien-tri-cuoi-cung",
  "alignment_path": null
}