{
  "id": "7850e879",
  "name": "nha-gia-kim",
  "text_path": null,
  "audio_path": null,
  "narrator": [
    {
      "id": "5e740628",
      "name": "Bình Nguyên",
      "dialect": null,
      "gender": null,
      "age": null,
      "url": "https://sachnoiviet.net/giong-doc/binh-nguyen",
      "tone": null,
      "volume": null,
      "speed": null,
      "pitch": null
    },
    {
      "id": "12e1fbe1",
      "name": "Trần Ngọc San",
      "dialect": null,
      "gender": null,
      "age": null,
      "url": "https://sachnoiviet.net/giong-doc/tran-ngoc-san",
      "tone": null,
      "volume": null,
      "speed": null,
      "pitch": null
    }
  ],
  "duration": 4.0331,
  "author": "Paulo Coelho",
  "text_url": "https://thuviensachpdf.com/nha-gia-kim",
  "audio_url": "https://sachnoiviet.net/sach-noi/nha-gia-kim",
  "alignment_path": null
}