{
  "id": "f089d8a4",
  "name": "nhat-ky-son-moi",
  "text_path": null,
  "audio_path": null,
  "narrator": {
    "id": "b26964b5",
    "name": "MC Thu Trang",
    "dialect": null,
    "gender": null,
    "age": null,
    "url": "https://sachnoiviet.net/giong-doc/mc-thu-trang",
    "tone": null,
    "volume": null,
    "speed": null,
    "pitch": null
  },
  "duration": 3.6708,
  "author": "Gào",
  "text_url": "https://thuviensachpdf.com/nhat-ky-son-moi",
  "audio_url": "https://sachnoiviet.net/sach-noi/nhat-ky-son-moi",
  "alignment_path": null
}