{
  "id": "a2d0fb24",
  "name": "nho-ai-đo-đen-kiet-que",
  "text_path": null,
  "audio_path": null,
  "narrator": {
    "id": "4bf49b3b",
    "name": "Đình Soạn",
    "dialect": null,
    "gender": null,
    "age": null,
    "url": "https://sachnoiviet.net/giong-doc/dinh-soa%cc%a3n",
    "tone": null,
    "volume": null,
    "speed": null,
    "pitch": null
  },
  "duration": 14.2722,
  "author": "Sưu Tầm",
  "text_url": "https://thuviensachpdf.com/nho-ai-do-den-kiet-que",
  "audio_url": "https://sachnoiviet.net/sach-noi/nho-ai-do-den-kiet-que",
  "alignment_path": null
}