{
  "id": "a5a80b5d",
  "name": "nhung-khoang-lang-cuoc-song",
  "text_path": null,
  "audio_path": null,
  "narrator": [
    {
      "id": "beb0d56c",
      "name": "Ái Hòa",
      "dialect": null,
      "gender": null,
      "age": null,
      "url": "https://sachnoiviet.net/giong-doc/ai-hoa",
      "tone": null,
      "volume": null,
      "speed": null,
      "pitch": null
    },
    {
      "id": "e839abc2",
      "name": "Tuấn Anh",
      "dialect": null,
      "gender": null,
      "age": null,
      "url": "https://sachnoiviet.net/giong-doc/tuan-anh",
      "tone": null,
      "volume": null,
      "speed": null,
      "pitch": null
    }
  ],
  "duration": 2.6889,
  "author": "Nhiều Tác Giả",
  "text_url": "https://thuviensachpdf.com/nhung-khoang-lang-cuoc-song",
  "audio_url": "https://sachnoiviet.net/sach-noi/nhung-khoang-lang-cuoc-song",
  "alignment_path": null
}