{
  "id": "7cb0996f",
  "name": "nhung-buoc-đon-gian-đen-uoc-mo",
  "text_path": null,
  "audio_path": null,
  "narrator": {
    "id": "c938c1e5",
    "name": "Trương Thị Đệ",
    "dialect": null,
    "gender": null,
    "age": null,
    "url": "https://sachnoiviet.net/giong-doc/truong-thi-de",
    "tone": null,
    "volume": null,
    "speed": null,
    "pitch": null
  },
  "duration": 10.4753,
  "author": "Steven K. Scott",
  "text_url": "https://thuviensachpdf.com/nhung-buoc-don-gian-den-uoc-mo",
  "audio_url": "https://sachnoiviet.net/sach-noi/nhung-buoc-don-gian-den-uoc-mo",
  "alignment_path": null
}