{
  "id": "9433bdea",
  "name": "nhung-đua-tre-mac-zich",
  "text_path": null,
  "audio_path": null,
  "narrator": {
    "id": "1526f196",
    "name": "Vân An",
    "dialect": null,
    "gender": null,
    "age": null,
    "url": "https://sachnoiviet.net/giong-doc/van-an",
    "tone": null,
    "volume": null,
    "speed": null,
    "pitch": null
  },
  "duration": 4.9722,
  "author": "Trần Nhã Thụy",
  "text_url": "https://thuviensachpdf.com/nhung-dua-tre-mac-zich",
  "audio_url": "https://sachnoiviet.net/sach-noi/nhung-dua-tre-mac-zich",
  "alignment_path": null
}