{
  "id": "0e381872",
  "name": "nhung-xac-chet-cam-lang",
  "text_path": null,
  "audio_path": null,
  "narrator": {
    "id": "65c714d3",
    "name": "Lê Duyên",
    "dialect": null,
    "gender": null,
    "age": null,
    "url": "https://sachnoiviet.net/giong-doc/le-duyen",
    "tone": null,
    "volume": null,
    "speed": null,
    "pitch": null
  },
  "duration": 6.6858,
  "author": "James Hadley Chase",
  "text_url": "https://thuviensachpdf.com/nhung-xac-chet-cam-lang",
  "audio_url": "https://sachnoiviet.net/sach-noi/nhung-xac-chet-cam-lang",
  "alignment_path": null
}