{
  "id": "1e586301",
  "name": "nhung-thieu-nu-co-đon",
  "text_path": null,
  "audio_path": null,
  "narrator": {
    "id": "1f267a31",
    "name": "Lê Duyên",
    "dialect": null,
    "gender": null,
    "age": null,
    "url": "https://sachnoiviet.net/giong-doc/le-duyen",
    "tone": null,
    "volume": null,
    "speed": null,
    "pitch": null
  },
  "duration": 12.275,
  "author": "Sidney Sheldon",
  "text_url": "https://thuviensachpdf.com/nhung-thieu-nu-co-don",
  "audio_url": "https://sachnoiviet.net/sach-noi/nhung-thieu-nu-co-don",
  "alignment_path": null
}