{
  "id": "5cd9d53a",
  "name": "nhung-con-quy-sa-tang-co-đon",
  "text_path": null,
  "audio_path": null,
  "narrator": {
    "id": "7df4cb5a",
    "name": "Trần Ngọc San",
    "dialect": null,
    "gender": null,
    "age": null,
    "url": "https://sachnoiviet.net/giong-doc/tran-ngoc-san",
    "tone": null,
    "volume": null,
    "speed": null,
    "pitch": null
  },
  "duration": 7.1403,
  "author": "Mộc Đồng",
  "text_url": "https://thuviensachpdf.com/nhung-con-quy-sa-tang-co-don",
  "audio_url": "https://sachnoiviet.net/sach-noi/nhung-con-quy-sa-tang-co-don",
  "alignment_path": null
}