{
  "id": "42aefd7f",
  "name": "nhung-chang-trai-xau-tinh",
  "text_path": null,
  "audio_path": null,
  "narrator": {
    "id": "36e812e7",
    "name": "Văn Tài",
    "dialect": null,
    "gender": null,
    "age": null,
    "url": "https://sachnoiviet.net/giong-doc/van-tai",
    "tone": null,
    "volume": null,
    "speed": null,
    "pitch": null
  },
  "duration": 3.1728,
  "author": "Nguyễn Nhật Ánh",
  "text_url": "https://thuviensachpdf.com/nhung-chang-trai-xau-tinh",
  "audio_url": "https://sachnoiviet.net/sach-noi/nhung-chang-trai-xau-tinh",
  "alignment_path": null
}