{
  "id": "b0ae6203",
  "name": "nhung-quy-tac-trong-cuoc-song",
  "text_path": null,
  "audio_path": null,
  "narrator": {
    "id": "6b6e1d62",
    "name": "Hằng Lê",
    "dialect": null,
    "gender": null,
    "age": null,
    "url": "https://sachnoiviet.net/giong-doc/hang-le",
    "tone": null,
    "volume": null,
    "speed": null,
    "pitch": null
  },
  "duration": 10.0131,
  "author": "Richard Templar",
  "text_url": "https://thuviensachpdf.com/nhung-quy-tac-trong-cuoc-song",
  "audio_url": "https://sachnoiviet.net/sach-noi/nhung-quy-tac-trong-cuoc-song",
  "alignment_path": null
}