{
  "id": "5c2ae8d2",
  "name": "nhung-chiec-đong-ho-ky-la",
  "text_path": null,
  "audio_path": null,
  "narrator": {
    "id": "ff348e57",
    "name": "Đồng Linh",
    "dialect": null,
    "gender": null,
    "age": null,
    "url": "https://sachnoiviet.net/giong-doc/dong-linh",
    "tone": null,
    "volume": null,
    "speed": null,
    "pitch": null
  },
  "duration": 8.3889,
  "author": "Agatha Christie",
  "text_url": "https://thuviensachpdf.com/nhung-chiec-dong-ho-ky-la",
  "audio_url": "https://sachnoiviet.net/sach-noi/nhung-chiec-dong-ho-ky-la",
  "alignment_path": null
}