{
  "id": "b2510e38",
  "name": "nhung-co-em-gai",
  "text_path": null,
  "audio_path": null,
  "narrator": {
    "id": "5b118af6",
    "name": "Nguyễn Nguyễn",
    "dialect": null,
    "gender": null,
    "age": null,
    "url": "https://sachnoiviet.net/giong-doc/nguyen-nguyen",
    "tone": null,
    "volume": null,
    "speed": null,
    "pitch": null
  },
  "duration": 3.7633,
  "author": "Nguyễn Nhật Ánh",
  "text_url": "https://thuviensachpdf.com/nhung-co-em-gai",
  "audio_url": "https://sachnoiviet.net/sach-noi/nhung-co-em-gai",
  "alignment_path": null
}