{
  "id": "9e301b22",
  "name": "nhung-chiec-cau-o-quan-madison",
  "text_path": null,
  "audio_path": null,
  "narrator": {
    "id": "fc2b20f8",
    "name": "Hà Diễm",
    "dialect": null,
    "gender": null,
    "age": null,
    "url": "https://sachnoiviet.net/giong-doc/ha-diem",
    "tone": null,
    "volume": null,
    "speed": null,
    "pitch": null
  },
  "duration": 3.7161,
  "author": "Robert James Waller",
  "text_url": "https://thuviensachpdf.com/nhung-chiec-cau-o-quan-madison",
  "audio_url": "https://sachnoiviet.net/sach-noi/nhung-chiec-cau-o-quan-madison",
  "alignment_path": null
}