{
  "id": "f7971739",
  "name": "noi-đau-cua-đom-đom",
  "text_path": null,
  "audio_path": null,
  "narrator": {
    "id": "a5768cb5",
    "name": "Huỳnh Bi",
    "dialect": null,
    "gender": null,
    "age": null,
    "url": "https://sachnoiviet.net/giong-doc/huynh-bi",
    "tone": null,
    "volume": null,
    "speed": null,
    "pitch": null
  },
  "duration": 20.5533,
  "author": "Quỷ Cổ Nữ",
  "text_url": "https://thuviensachpdf.com/noi-dau-cua-dom-dom",
  "audio_url": "https://sachnoiviet.net/sach-noi/noi-dau-cua-dom-dom",
  "alignment_path": null
}