{
  "id": "6618b01b",
  "name": "noi-the-nao-đe-đuoc-chao-đon-lam-the-nao-đe-đuoc-ghi-nhan",
  "text_path": null,
  "audio_path": null,
  "narrator": {
    "id": "2f9cb639",
    "name": "Mỹ Hiền",
    "dialect": null,
    "gender": null,
    "age": null,
    "url": "https://sachnoiviet.net/giong-doc/my-hien",
    "tone": null,
    "volume": null,
    "speed": null,
    "pitch": null
  },
  "duration": 8.2772,
  "author": "Trịnh Tiểu Lan",
  "text_url": "https://thuviensachpdf.com/noi-the-nao-de-duoc-chao-don-lam-the-nao-de-duoc-ghi-nhan",
  "audio_url": "https://sachnoiviet.net/sach-noi/noi-the-nao-de-duoc-chao-don-lam-the-nao-de-duoc-ghi-nhan",
  "alignment_path": null
}