{
  "id": "b4a10d14",
  "name": "noi-ngoai-đeu-thuong",
  "text_path": null,
  "audio_path": null,
  "narrator": {
    "id": "6e9ee7ef",
    "name": "Phương Minh",
    "dialect": null,
    "gender": null,
    "age": null,
    "url": "https://sachnoiviet.net/giong-doc/phuong-minh",
    "tone": null,
    "volume": null,
    "speed": null,
    "pitch": null
  },
  "duration": 2.6764,
  "author": "Khiêm Cung",
  "text_url": "https://thuviensachpdf.com/noi-ngoai-deu-thuong",
  "audio_url": "https://sachnoiviet.net/sach-noi/noi-ngoai-deu-thuong",
  "alignment_path": null
}