{
  "id": "e0b26934",
  "name": "noi-sao-cho-tre-nghe-loi",
  "text_path": null,
  "audio_path": null,
  "narrator": {
    "id": "fe46d2f7",
    "name": "Thùy Uyên",
    "dialect": null,
    "gender": null,
    "age": null,
    "url": "https://sachnoiviet.net/giong-doc/thuy-uyen",
    "tone": null,
    "volume": null,
    "speed": null,
    "pitch": null
  },
  "duration": 5.5717,
  "author": "Hoa Dương",
  "text_url": "https://thuviensachpdf.com/noi-sao-cho-tre-nghe-loi",
  "audio_url": "https://sachnoiviet.net/sach-noi/noi-sao-cho-tre-nghe-loi",
  "alignment_path": null
}