{
  "id": "37a9d39c",
  "name": "nua-đoi-huong-phan",
  "text_path": null,
  "audio_path": null,
  "narrator": [
    {
      "id": "46df391f",
      "name": "Phương Minh",
      "dialect": null,
      "gender": null,
      "age": null,
      "url": "https://sachnoiviet.net/giong-doc/phuong-minh",
      "tone": null,
      "volume": null,
      "speed": null,
      "pitch": null
    },
    {
      "id": "e5673c1f",
      "name": "Thanh Trúc",
      "dialect": null,
      "gender": null,
      "age": null,
      "url": "https://sachnoiviet.net/giong-doc/thanh-truc",
      "tone": null,
      "volume": null,
      "speed": null,
      "pitch": null
    },
    {
      "id": "bbe62e96",
      "name": "Trần Ngọc San",
      "dialect": null,
      "gender": null,
      "age": null,
      "url": "https://sachnoiviet.net/giong-doc/tran-ngoc-san",
      "tone": null,
      "volume": null,
      "speed": null,
      "pitch": null
    }
  ],
  "duration": 3.6142,
  "author": "Hà Triều Hoa Phương",
  "text_url": "https://thuviensachpdf.com/nua-doi-huong-phan",
  "audio_url": "https://sachnoiviet.net/sach-noi/nua-doi-huong-phan",
  "alignment_path": null
}