{
  "id": "50272651",
  "name": "on-nhu-cung-la-quyen-ru",
  "text_path": null,
  "audio_path": null,
  "narrator": {
    "id": "36bea63c",
    "name": "Mộc",
    "dialect": null,
    "gender": null,
    "age": null,
    "url": "https://sachnoiviet.net/giong-doc/moc",
    "tone": null,
    "volume": null,
    "speed": null,
    "pitch": null
  },
  "duration": 5.6244,
  "author": "Cổ Minh",
  "text_url": "https://thuviensachpdf.com/on-nhu-cung-la-quyen-ru",
  "audio_url": "https://sachnoiviet.net/sach-noi/on-nhu-cung-la-quyen-ru",
  "alignment_path": null
}