{
  "id": "78ab2406",
  "name": "ong-ngoai",
  "text_path": null,
  "audio_path": null,
  "narrator": {
    "id": "82163be8",
    "name": "Nguyễn Kim Mai Thư",
    "dialect": null,
    "gender": null,
    "age": null,
    "url": "https://sachnoiviet.net/giong-doc/nguyen-kim-mai-thu",
    "tone": null,
    "volume": null,
    "speed": null,
    "pitch": null
  },
  "duration": 2.0614,
  "author": "Nguyễn Ngọc Tư",
  "text_url": "https://thuviensachpdf.com/ong-ngoai",
  "audio_url": "https://sachnoiviet.net/sach-noi/ong-ngoai",
  "alignment_path": null
}