{
  "id": "3529b0e0",
  "name": "oxford-thuong-yeu",
  "text_path": null,
  "audio_path": null,
  "narrator": {
    "id": "24989f1b",
    "name": "Unknown",
    "dialect": null,
    "gender": null,
    "age": null,
    "url": "Unknown",
    "tone": null,
    "volume": null,
    "speed": null,
    "pitch": null
  },
  "duration": 7.1756,
  "author": "Dương Thụy",
  "text_url": "https://thuviensachpdf.com/oxford-thuong-yeu",
  "audio_url": "https://sachnoiviet.net/sach-noi/oxford-thuong-yeu",
  "alignment_path": null
}