{
  "id": "a4ca5d49",
  "name": "papillon--nguoi-tu-kho-sai",
  "text_path": null,
  "audio_path": null,
  "narrator": {
    "id": "93c7aa3b",
    "name": "Quang Điền",
    "dialect": null,
    "gender": null,
    "age": null,
    "url": "https://sachnoiviet.net/giong-doc/quang-dien",
    "tone": null,
    "volume": null,
    "speed": null,
    "pitch": null
  },
  "duration": 27.3183,
  "author": "Henri Charrière",
  "text_url": "https://thuviensachpdf.com/papillon-nguoi-tu-kho-sai",
  "audio_url": "https://sachnoiviet.net/sach-noi/papillon-nguoi-tu-kho-sai",
  "alignment_path": null
}