{
  "id": "d98086a1",
  "name": "phai-trai-đung-sai",
  "text_path": null,
  "audio_path": null,
  "narrator": {
    "id": "51759601",
    "name": "Unknown",
    "dialect": null,
    "gender": null,
    "age": null,
    "url": "Unknown",
    "tone": null,
    "volume": null,
    "speed": null,
    "pitch": null
  },
  "duration": 10.6389,
  "author": "Michael Sandel",
  "text_url": "https://thuviensachpdf.com/phai-trai-dung-sai",
  "audio_url": "https://sachnoiviet.net/sach-noi/phai-trai-dung-sai",
  "alignment_path": null
}