{
  "id": "c675ff5b",
  "name": "phan-thanh-gian--noi-đau-tram-nam",
  "text_path": null,
  "audio_path": null,
  "narrator": {
    "id": "446c3572",
    "name": "Nguyễn Nam Dương",
    "dialect": null,
    "gender": null,
    "age": null,
    "url": "https://sachnoiviet.net/giong-doc/nguyen-nam-duong",
    "tone": null,
    "volume": null,
    "speed": null,
    "pitch": null
  },
  "duration": 6.6889,
  "author": "Hoang Lai Giang",
  "text_url": "https://thuviensachpdf.com/phan-thanh-gian-noi-dau-tram-nam",
  "audio_url": "https://sachnoiviet.net/sach-noi/phan-thanh-gian-noi-dau-tram-nam",
  "alignment_path": null
}