{
  "id": "c34d069f",
  "name": "phat-hoc-tinh-hoa",
  "text_path": null,
  "audio_path": null,
  "narrator": {
    "id": "629decec",
    "name": "Thanh Kiều",
    "dialect": null,
    "gender": null,
    "age": null,
    "url": "https://sachnoiviet.net/giong-doc/thanh-kieu",
    "tone": null,
    "volume": null,
    "speed": null,
    "pitch": null
  },
  "duration": 4.925,
  "author": "Nguyễn Duy Cần",
  "text_url": "https://thuviensachpdf.com/phat-hoc-tinh-hoa",
  "audio_url": "https://sachnoiviet.net/sach-noi/phat-hoc-tinh-hoa",
  "alignment_path": null
}