{
  "id": "1c9d8f72",
  "name": "phep-mau",
  "text_path": null,
  "audio_path": null,
  "narrator": {
    "id": "a27688e6",
    "name": "Unknown",
    "dialect": null,
    "gender": null,
    "age": null,
    "url": "Unknown",
    "tone": null,
    "volume": null,
    "speed": null,
    "pitch": null
  },
  "duration": 4.9439,
  "author": "Lâu Doanh Doanh",
  "text_url": "https://thuviensachpdf.com/phep-mau",
  "audio_url": "https://sachnoiviet.net/sach-noi/phep-mau",
  "alignment_path": null
}