{
  "id": "ec098676",
  "name": "phi-ly-tri",
  "text_path": null,
  "audio_path": null,
  "narrator": {
    "id": "9d830840",
    "name": "Unknown",
    "dialect": null,
    "gender": null,
    "age": null,
    "url": "Unknown",
    "tone": null,
    "volume": null,
    "speed": null,
    "pitch": null
  },
  "duration": 5.1733,
  "author": "Dan Ariely",
  "text_url": "https://thuviensachpdf.com/phi-ly-tri",
  "audio_url": "https://sachnoiviet.net/sach-noi/phi-ly-tri",
  "alignment_path": null
}