{
  "id": "06643e91",
  "name": "phong-tro-ba-nguoi",
  "text_path": null,
  "audio_path": null,
  "narrator": {
    "id": "60a4e704",
    "name": "Nguyễn Nguyễn",
    "dialect": null,
    "gender": null,
    "age": null,
    "url": "https://sachnoiviet.net/giong-doc/nguyen-nguyen",
    "tone": null,
    "volume": null,
    "speed": null,
    "pitch": null
  },
  "duration": 4.7503,
  "author": "Nguyễn Nhật Ánh",
  "text_url": "https://thuviensachpdf.com/phong-tro-ba-nguoi",
  "audio_url": "https://sachnoiviet.net/sach-noi/phong-tro-ba-nguoi",
  "alignment_path": null
}