{
  "id": "de43ad99",
  "name": "phu-nu-hieu-biet-se-co-cuoc-song-đang-cap-hon",
  "text_path": null,
  "audio_path": null,
  "narrator": {
    "id": "c5110ce9",
    "name": "Mộc",
    "dialect": null,
    "gender": null,
    "age": null,
    "url": "https://sachnoiviet.net/giong-doc/moc",
    "tone": null,
    "volume": null,
    "speed": null,
    "pitch": null
  },
  "duration": 7.2928,
  "author": "Jenny Kiều",
  "text_url": "https://thuviensachpdf.com/phu-nu-hieu-biet-se-co-cuoc-song-dang-cap-hon",
  "audio_url": "https://sachnoiviet.net/sach-noi/phu-nu-hieu-biet-se-co-cuoc-song-dang-cap-hon",
  "alignment_path": null
}