{
  "id": "9a05760b",
  "name": "phuong-phap-wyckoff",
  "text_path": null,
  "audio_path": null,
  "narrator": {
    "id": "4952d0bc",
    "name": "Unknown",
    "dialect": null,
    "gender": null,
    "age": null,
    "url": "Unknown",
    "tone": null,
    "volume": null,
    "speed": null,
    "pitch": null
  },
  "duration": 5.9592,
  "author": "Wyckoff",
  "text_url": "https://thuviensachpdf.com/phuong-phap-wyckoff",
  "audio_url": "https://sachnoiviet.net/sach-noi/phuong-phap-wyckoff",
  "alignment_path": null
}