{
  "id": "74c52a5f",
  "name": "plato-va-con-thu-mo-vit-buoc-vao-quan-bar",
  "text_path": null,
  "audio_path": null,
  "narrator": {
    "id": "5c8dd241",
    "name": "An Đồng",
    "dialect": null,
    "gender": null,
    "age": null,
    "url": "https://sachnoiviet.net/giong-doc/an-dong",
    "tone": null,
    "volume": null,
    "speed": null,
    "pitch": null
  },
  "duration": 4.6392,
  "author": "Thomas Cathcart",
  "text_url": "https://thuviensachpdf.com/plato-va-con-thu-mo-vit-buoc-vao-quan-bar",
  "audio_url": "https://sachnoiviet.net/sach-noi/plato-va-con-thu-mo-vit-buoc-vao-quan-bar",
  "alignment_path": null
}