{
  "id": "fe124974",
  "name": "qua-cua-bo",
  "text_path": null,
  "audio_path": null,
  "narrator": {
    "id": "87dfa9cb",
    "name": "Trọng Thanh",
    "dialect": null,
    "gender": null,
    "age": null,
    "url": "https://sachnoiviet.net/giong-doc/trong-thanh",
    "tone": null,
    "volume": null,
    "speed": null,
    "pitch": null
  },
  "duration": 3.1056,
  "author": "Trần Đình Dũng",
  "text_url": "https://thuviensachpdf.com/qua-cua-bo",
  "audio_url": "https://sachnoiviet.net/sach-noi/qua-cua-bo",
  "alignment_path": null
}