{
  "id": "c9968a07",
  "name": "quan-go-đi-len",
  "text_path": null,
  "audio_path": null,
  "narrator": {
    "id": "dd322301",
    "name": "Bình Nguyên",
    "dialect": null,
    "gender": null,
    "age": null,
    "url": "https://sachnoiviet.net/giong-doc/binh-nguyen",
    "tone": null,
    "volume": null,
    "speed": null,
    "pitch": null
  },
  "duration": 4.7133,
  "author": "Nguyễn Nhật Ánh",
  "text_url": "https://thuviensachpdf.com/quan-go-di-len",
  "audio_url": "https://sachnoiviet.net/sach-noi/quan-go-di-len",
  "alignment_path": null
}