{
  "id": "4fa8b662",
  "name": "quang-ganh-lo-đi-va-vui-song",
  "text_path": null,
  "audio_path": null,
  "narrator": {
    "id": "7fb74c75",
    "name": "Phương Minh",
    "dialect": null,
    "gender": null,
    "age": null,
    "url": "https://sachnoiviet.net/giong-doc/phuong-minh",
    "tone": null,
    "volume": null,
    "speed": null,
    "pitch": null
  },
  "duration": 7.02,
  "author": "Dale Carnegie",
  "text_url": "https://thuviensachpdf.com/quang-ganh-lo-di-va-vui-song",
  "audio_url": "https://sachnoiviet.net/sach-noi/quang-ganh-lo-di-va-vui-song",
  "alignment_path": null
}