{
  "id": "a421aaf7",
  "name": "que-ngoai",
  "text_path": null,
  "audio_path": null,
  "narrator": {
    "id": "3636ed9f",
    "name": "Hoàng Thúy",
    "dialect": null,
    "gender": null,
    "age": null,
    "url": "https://sachnoiviet.net/giong-doc/hoang-thuy",
    "tone": null,
    "volume": null,
    "speed": null,
    "pitch": null
  },
  "duration": 3.7114,
  "author": "Nguyễn Thị Thanh Bình",
  "text_url": "https://thuviensachpdf.com/que-ngoai",
  "audio_url": "https://sachnoiviet.net/sach-noi/que-ngoai",
  "alignment_path": null
}