{
  "id": "ff70151c",
  "name": "que-noi",
  "text_path": null,
  "audio_path": null,
  "narrator": [
    {
      "id": "5efa4e7c",
      "name": "Đức Huy",
      "dialect": null,
      "gender": null,
      "age": null,
      "url": "https://sachnoiviet.net/giong-doc/duc-huy",
      "tone": null,
      "volume": null,
      "speed": null,
      "pitch": null
    },
    {
      "id": "1d8a7474",
      "name": "Kim Phượng",
      "dialect": null,
      "gender": null,
      "age": null,
      "url": "https://sachnoiviet.net/giong-doc/kim-phuong",
      "tone": null,
      "volume": null,
      "speed": null,
      "pitch": null
    }
  ],
  "duration": 7.0139,
  "author": "Võ Quảng",
  "text_url": "https://thuviensachpdf.com/que-noi",
  "audio_url": "https://sachnoiviet.net/sach-noi/que-noi",
  "alignment_path": null
}