{
  "id": "c46fa26c",
  "name": "quoc-gia-khoi-nghiep",
  "text_path": null,
  "audio_path": null,
  "narrator": {
    "id": "77b49cfe",
    "name": "Trương Thị Đệ",
    "dialect": null,
    "gender": null,
    "age": null,
    "url": "https://sachnoiviet.net/giong-doc/truong-thi-de",
    "tone": null,
    "volume": null,
    "speed": null,
    "pitch": null
  },
  "duration": 8.9422,
  "author": "Dan Senor",
  "text_url": "https://thuviensachpdf.com/quoc-gia-khoi-nghiep",
  "audio_url": "https://sachnoiviet.net/sach-noi/quoc-gia-khoi-nghiep",
  "alignment_path": null
}