{
  "id": "89992a73",
  "name": "quy-co-tao-nha",
  "text_path": null,
  "audio_path": null,
  "narrator": {
    "id": "6c4ffa37",
    "name": "Mộc",
    "dialect": null,
    "gender": null,
    "age": null,
    "url": "https://sachnoiviet.net/giong-doc/moc",
    "tone": null,
    "volume": null,
    "speed": null,
    "pitch": null
  },
  "duration": 5.8089,
  "author": "Lotte Jeffs",
  "text_url": "https://thuviensachpdf.com/quy-co-tao-nha",
  "audio_url": "https://sachnoiviet.net/sach-noi/quy-co-tao-nha",
  "alignment_path": null
}