{
  "id": "94f5ed53",
  "name": "rat-thich-rat-thich-em",
  "text_path": null,
  "audio_path": null,
  "narrator": {
    "id": "1dfba30b",
    "name": "Unknown",
    "dialect": null,
    "gender": null,
    "age": null,
    "url": "Unknown",
    "tone": null,
    "volume": null,
    "speed": null,
    "pitch": null
  },
  "duration": 12.0272,
  "author": "Vãn Tình",
  "text_url": "https://thuviensachpdf.com/rat-thich-rat-thich-em",
  "audio_url": "https://sachnoiviet.net/sach-noi/rat-thich-rat-thich-em",
  "alignment_path": null
}