{
  "id": "55cab013",
  "name": "ren-luyen-tinh-cam",
  "text_path": null,
  "audio_path": null,
  "narrator": {
    "id": "c6f25d4b",
    "name": "Minh Trung",
    "dialect": null,
    "gender": null,
    "age": null,
    "url": "https://sachnoiviet.net/giong-doc/minh-trung",
    "tone": null,
    "volume": null,
    "speed": null,
    "pitch": null
  },
  "duration": 2.4411,
  "author": "Nguyễn Hiến Lê",
  "text_url": "https://thuviensachpdf.com/ren-luyen-tinh-cam",
  "audio_url": "https://sachnoiviet.net/sach-noi/ren-luyen-tinh-cam",
  "alignment_path": null
}