{
  "id": "cdbb2482",
  "name": "sach-đen-ve-tinh-than-doanh-nhan",
  "text_path": null,
  "audio_path": null,
  "narrator": {
    "id": "e9856ee2",
    "name": "Hiếu Hạnh",
    "dialect": null,
    "gender": null,
    "age": null,
    "url": "https://sachnoiviet.net/giong-doc/hieu-hanh",
    "tone": null,
    "volume": null,
    "speed": null,
    "pitch": null
  },
  "duration": 4.1733,
  "author": "Fernando Trías De Bes",
  "text_url": "https://thuviensachpdf.com/sach-den-ve-tinh-than-doanh-nhan",
  "audio_url": "https://sachnoiviet.net/sach-noi/sach-den-ve-tinh-than-doanh-nhan",
  "alignment_path": null
}