{
  "id": "8bde8d90",
  "name": "sai-gon-nam-xua",
  "text_path": null,
  "audio_path": null,
  "narrator": {
    "id": "88e6b75d",
    "name": "Yên Như",
    "dialect": null,
    "gender": null,
    "age": null,
    "url": "https://sachnoiviet.net/giong-doc/yen-nhu",
    "tone": null,
    "volume": null,
    "speed": null,
    "pitch": null
  },
  "duration": 8.2389,
  "author": "Vương Hồng Sển",
  "text_url": "https://thuviensachpdf.com/sai-gon-nam-xua",
  "audio_url": "https://sachnoiviet.net/sach-noi/sai-gon-nam-xua",
  "alignment_path": null
}