{
  "id": "384f968c",
  "name": "sai-gon-xua-an-tuong-300-nam-va-tiep-can-voi-đong-bang-song-cuu-long",
  "text_path": null,
  "audio_path": null,
  "narrator": {
    "id": "92ac9367",
    "name": "Thủy Tiên",
    "dialect": null,
    "gender": null,
    "age": null,
    "url": "https://sachnoiviet.net/giong-doc/thuy-tien",
    "tone": null,
    "volume": null,
    "speed": null,
    "pitch": null
  },
  "duration": 9.1889,
  "author": "Sơn Nam",
  "text_url": "https://thuviensachpdf.com/sai-gon-xua-an-tuong-300-nam-va-tiep-can-voi-dong-bang-song-cuu-long",
  "audio_url": "https://sachnoiviet.net/sach-noi/sai-gon-xua-an-tuong-300-nam-va-tiep-can-voi-dong-bang-song-cuu-long",
  "alignment_path": null
}