{
  "id": "a663dfa8",
  "name": "sakichi-toyoda-va-toyota--thay-đoi-cong-thuc-cua-khat-vong",
  "text_path": null,
  "audio_path": null,
  "narrator": {
    "id": "fd0f5361",
    "name": "Thùy Duyên",
    "dialect": null,
    "gender": null,
    "age": null,
    "url": "https://sachnoiviet.net/giong-doc/thuy-duyen",
    "tone": null,
    "volume": null,
    "speed": null,
    "pitch": null
  },
  "duration": 4.2197,
  "author": "Toyoda Sakichi",
  "text_url": "https://thuviensachpdf.com/sakichi-toyoda-va-toyota-thay-doi-cong-thuc-cua-khat-vong",
  "audio_url": "https://sachnoiviet.net/sach-noi/sakichi-toyoda-va-toyota-thay-doi-cong-thuc-cua-khat-vong",
  "alignment_path": null
}