{
  "id": "495c8056",
  "name": "sen-no-troi-phuong-ngoai",
  "text_path": null,
  "audio_path": null,
  "narrator": [
    {
      "id": "779bf091",
      "name": "Đức Uy",
      "dialect": null,
      "gender": null,
      "age": null,
      "url": "https://sachnoiviet.net/giong-doc/duc-uy",
      "tone": null,
      "volume": null,
      "speed": null,
      "pitch": null
    },
    {
      "id": "2e0da92b",
      "name": "Huy Hồ",
      "dialect": null,
      "gender": null,
      "age": null,
      "url": "https://sachnoiviet.net/giong-doc/huy-ho",
      "tone": null,
      "volume": null,
      "speed": null,
      "pitch": null
    },
    {
      "id": "ca298a19",
      "name": "Kim Phượng",
      "dialect": null,
      "gender": null,
      "age": null,
      "url": "https://sachnoiviet.net/giong-doc/kim-phuong",
      "tone": null,
      "volume": null,
      "speed": null,
      "pitch": null
    }
  ],
  "duration": 9.0822,
  "author": "Thích Nhất Hạnh",
  "text_url": "https://thuviensachpdf.com/sen-no-troi-phuong-ngoa%cc%a3i",
  "audio_url": "https://sachnoiviet.net/sach-noi/sen-no-troi-phuong-ngoa%cc%a3i",
  "alignment_path": null
}