{
  "id": "83d1ef2c",
  "name": "so-đo",
  "text_path": null,
  "audio_path": null,
  "narrator": [
    {
      "id": "93de8e64",
      "name": "Bình Nguyên",
      "dialect": null,
      "gender": null,
      "age": null,
      "url": "https://sachnoiviet.net/giong-doc/binh-nguyen",
      "tone": null,
      "volume": null,
      "speed": null,
      "pitch": null
    },
    {
      "id": "97540529",
      "name": "Thanh Trúc",
      "dialect": null,
      "gender": null,
      "age": null,
      "url": "https://sachnoiviet.net/giong-doc/thanh-truc",
      "tone": null,
      "volume": null,
      "speed": null,
      "pitch": null
    },
    {
      "id": "1e61c9cb",
      "name": "Trần Ngọc San",
      "dialect": null,
      "gender": null,
      "age": null,
      "url": "https://sachnoiviet.net/giong-doc/tran-ngoc-san",
      "tone": null,
      "volume": null,
      "speed": null,
      "pitch": null
    }
  ],
  "duration": 5.0653,
  "author": "Vũ Trọng Phụng",
  "text_url": "https://thuviensachpdf.com/so-do",
  "audio_url": "https://sachnoiviet.net/sach-noi/so-do",
  "alignment_path": null
}