{
  "id": "c5b63162",
  "name": "song-that-bao-nhieu-hanh-phuc-bay-nhieu",
  "text_path": null,
  "audio_path": null,
  "narrator": {
    "id": "26f28a8a",
    "name": "Thùy Uyên",
    "dialect": null,
    "gender": null,
    "age": null,
    "url": "https://sachnoiviet.net/giong-doc/thuy-uyen",
    "tone": null,
    "volume": null,
    "speed": null,
    "pitch": null
  },
  "duration": 5.9892,
  "author": "David R. Hamilton",
  "text_url": "https://thuviensachpdf.com/song-that-bao-nhieu-hanh-phuc-bay-nhieu",
  "audio_url": "https://sachnoiviet.net/sach-noi/song-that-bao-nhieu-hanh-phuc-bay-nhieu",
  "alignment_path": null
}