{
  "id": "ef747727",
  "name": "song-cham-lai-roi-moi-chuyen-se-on-thoi",
  "text_path": null,
  "audio_path": null,
  "narrator": {
    "id": "b55e4661",
    "name": "Tâm Hồn Của Sách",
    "dialect": null,
    "gender": null,
    "age": null,
    "url": "https://sachnoiviet.net/giong-doc/tam-hon-cua-sach",
    "tone": null,
    "volume": null,
    "speed": null,
    "pitch": null
  },
  "duration": 3.4828,
  "author": "Alpha Books",
  "text_url": "https://thuviensachpdf.com/song-cham-lai-roi-moi-chuyen-se-on-thoi",
  "audio_url": "https://sachnoiviet.net/sach-noi/song-cham-lai-roi-moi-chuyen-se-on-thoi",
  "alignment_path": null
}