{
  "id": "3f7346d3",
  "name": "su-ky-tu-ma-thien",
  "text_path": null,
  "audio_path": null,
  "narrator": {
    "id": "45d2050b",
    "name": "Thủy Tiên",
    "dialect": null,
    "gender": null,
    "age": null,
    "url": "https://sachnoiviet.net/giong-doc/thuy-tien",
    "tone": null,
    "volume": null,
    "speed": null,
    "pitch": null
  },
  "duration": 19.9025,
  "author": "Phạm Hồng",
  "text_url": "https://thuviensachpdf.com/su-ky-tu-ma-thien",
  "audio_url": "https://sachnoiviet.net/sach-noi/su-ky-tu-ma-thien",
  "alignment_path": null
}