{
  "id": "cde688e5",
  "name": "su-menh-yeu-thuong",
  "text_path": null,
  "audio_path": null,
  "narrator": {
    "id": "3e2f71aa",
    "name": "Minh Hoàng",
    "dialect": null,
    "gender": null,
    "age": null,
    "url": "https://sachnoiviet.net/giong-doc/minh-hoang",
    "tone": null,
    "volume": null,
    "speed": null,
    "pitch": null
  },
  "duration": 4.0389,
  "author": "Roger Cole",
  "text_url": "https://thuviensachpdf.com/su-menh-yeu-thuong",
  "audio_url": "https://sachnoiviet.net/sach-noi/su-menh-yeu-thuong",
  "alignment_path": null
}