{
  "id": "ed70db7f",
  "name": "su-that-bi-hai-ve-the-gioi-kinh-doanh",
  "text_path": null,
  "audio_path": null,
  "narrator": {
    "id": "06cdedd6",
    "name": "Việt Dũng",
    "dialect": null,
    "gender": null,
    "age": null,
    "url": "https://sachnoiviet.net/giong-doc/viet-dung",
    "tone": null,
    "volume": null,
    "speed": null,
    "pitch": null
  },
  "duration": 11.14,
  "author": "Guy Kawasaki",
  "text_url": "https://thuviensachpdf.com/su-that-bi-hai-ve-the-gioi-kinh-doanh",
  "audio_url": "https://sachnoiviet.net/sach-noi/su-that-bi-hai-ve-the-gioi-kinh-doanh",
  "alignment_path": null
}