{
  "id": "7ef5b85a",
  "name": "suc-manh-cua-su-tu-te",
  "text_path": null,
  "audio_path": null,
  "narrator": {
    "id": "d8361d6d",
    "name": "Tâm An",
    "dialect": null,
    "gender": null,
    "age": null,
    "url": "https://sachnoiviet.net/giong-doc/tam-an",
    "tone": null,
    "volume": null,
    "speed": null,
    "pitch": null
  },
  "duration": 4.4917,
  "author": "Linda Kaplan Thaler",
  "text_url": "https://thuviensachpdf.com/suc-manh-cua-su-tu-te",
  "audio_url": "https://sachnoiviet.net/sach-noi/suc-manh-cua-su-tu-te",
  "alignment_path": null
}