{
  "id": "9ada0857",
  "name": "suc-manh-tinh-yeu",
  "text_path": null,
  "audio_path": null,
  "narrator": {
    "id": "28931a72",
    "name": "Ái Hòa",
    "dialect": null,
    "gender": null,
    "age": null,
    "url": "https://sachnoiviet.net/giong-doc/ai-hoa",
    "tone": null,
    "volume": null,
    "speed": null,
    "pitch": null
  },
  "duration": 7.2722,
  "author": "Cecelia Ahern",
  "text_url": "https://thuviensachpdf.com/suc-manh-tinh-yeu",
  "audio_url": "https://sachnoiviet.net/sach-noi/suc-manh-tinh-yeu",
  "alignment_path": null
}