{
  "id": "3ca81345",
  "name": "suc-manh-cua-tri-tue-tam-linh",
  "text_path": null,
  "audio_path": null,
  "narrator": {
    "id": "1c2468d3",
    "name": "Huỳnh Hữu Thiên Ân",
    "dialect": null,
    "gender": null,
    "age": null,
    "url": "https://sachnoiviet.net/giong-doc/huynh-huu-thien-an",
    "tone": null,
    "volume": null,
    "speed": null,
    "pitch": null
  },
  "duration": 2.8439,
  "author": "Tony Buzan",
  "text_url": "https://thuviensachpdf.com/suc-manh-cua-tri-tue-tam-linh",
  "audio_url": "https://sachnoiviet.net/sach-noi/suc-manh-cua-tri-tue-tam-linh",
  "alignment_path": null
}