{
  "id": "5cbbbb17",
  "name": "suc-manh-cua-tinh-lang",
  "text_path": null,
  "audio_path": null,
  "narrator": {
    "id": "8e655af2",
    "name": "Trường Tân",
    "dialect": null,
    "gender": null,
    "age": null,
    "url": "https://sachnoiviet.net/giong-doc/truong-tan",
    "tone": null,
    "volume": null,
    "speed": null,
    "pitch": null
  },
  "duration": 3.6742,
  "author": "Eckhart Tolle",
  "text_url": "https://thuviensachpdf.com/suc-manh-cua-tinh-lang",
  "audio_url": "https://sachnoiviet.net/sach-noi/suc-manh-cua-tinh-lang",
  "alignment_path": null
}