{
  "id": "f7583e48",
  "name": "suc-manh-cua-ngon-tu",
  "text_path": null,
  "audio_path": null,
  "narrator": {
    "id": "e95a9195",
    "name": "Unknown",
    "dialect": null,
    "gender": null,
    "age": null,
    "url": "Unknown",
    "tone": null,
    "volume": null,
    "speed": null,
    "pitch": null
  },
  "duration": 1.8675,
  "author": "Don Gabor",
  "text_url": "https://thuviensachpdf.com/suc-manh-cua-ngon-tu",
  "audio_url": "https://sachnoiviet.net/sach-noi/suc-manh-cua-ngon-tu",
  "alignment_path": null
}