{
  "id": "97daa2b0",
  "name": "suoi-nguon-tam-linh",
  "text_path": null,
  "audio_path": null,
  "narrator": [
    {
      "id": "e08ad550",
      "name": "Kiều Hạnh",
      "dialect": null,
      "gender": null,
      "age": null,
      "url": "https://sachnoiviet.net/giong-doc/kieu-hanh",
      "tone": null,
      "volume": null,
      "speed": null,
      "pitch": null
    },
    {
      "id": "b1653fee",
      "name": "Kiều Phương",
      "dialect": null,
      "gender": null,
      "age": null,
      "url": "https://sachnoiviet.net/giong-doc/kieu-phuong",
      "tone": null,
      "volume": null,
      "speed": null,
      "pitch": null
    }
  ],
  "duration": 15.8017,
  "author": "Ajahn Chah",
  "text_url": "https://thuviensachpdf.com/suoi-nguon-tam-linh",
  "audio_url": "https://sachnoiviet.net/sach-noi/suoi-nguon-tam-linh",
  "alignment_path": null
}