{
  "id": "e1167cc3",
  "name": "suong-khoi-que-nha",
  "text_path": null,
  "audio_path": null,
  "narrator": {
    "id": "d18b2c97",
    "name": "Xuân Hùng",
    "dialect": null,
    "gender": null,
    "age": null,
    "url": "https://sachnoiviet.net/giong-doc/xuan-hung",
    "tone": null,
    "volume": null,
    "speed": null,
    "pitch": null
  },
  "duration": 4.0494,
  "author": "Nguyễn Nhật Ánh",
  "text_url": "https://thuviensachpdf.com/suong-khoi-que-nha",
  "audio_url": "https://sachnoiviet.net/sach-noi/suong-khoi-que-nha",
  "alignment_path": null
}