{
  "id": "03d56fc8",
  "name": "tai-sao-cac-quoc-gia-that-bai",
  "text_path": null,
  "audio_path": null,
  "narrator": {
    "id": "e45d9c31",
    "name": "Đọc Sách & Thảo Luận",
    "dialect": null,
    "gender": null,
    "age": null,
    "url": "https://sachnoiviet.net/giong-doc/doc-sach-thao-luan",
    "tone": null,
    "volume": null,
    "speed": null,
    "pitch": null
  },
  "duration": 45.9428,
  "author": "Daron Acemoglu - James A. Robinson",
  "text_url": "https://thuviensachpdf.com/tai-sao-cac-quoc-gia-that-bai",
  "audio_url": "https://sachnoiviet.net/sach-noi/tai-sao-cac-quoc-gia-that-bai",
  "alignment_path": null
}