{
  "id": "a717e276",
  "name": "talmud--tinh-hoa-tri-tue-do-thai",
  "text_path": null,
  "audio_path": null,
  "narrator": {
    "id": "5b314169",
    "name": "Trương Thị Đệ",
    "dialect": null,
    "gender": null,
    "age": null,
    "url": "https://sachnoiviet.net/giong-doc/truong-thi-de",
    "tone": null,
    "volume": null,
    "speed": null,
    "pitch": null
  },
  "duration": 6.1725,
  "author": "Từ Quang Á",
  "text_url": "https://thuviensachpdf.com/talmud-tinh-hoa-tri-tue-do-thai",
  "audio_url": "https://sachnoiviet.net/sach-noi/talmud-tinh-hoa-tri-tue-do-thai",
  "alignment_path": null
}