{
  "id": "b831e1d2",
  "name": "tam-the",
  "text_path": null,
  "audio_path": null,
  "narrator": {
    "id": "a019ee25",
    "name": "MC Rin",
    "dialect": null,
    "gender": null,
    "age": null,
    "url": "https://sachnoiviet.net/giong-doc/mc-rin",
    "tone": null,
    "volume": null,
    "speed": null,
    "pitch": null
  },
  "duration": 15.0244,
  "author": "Lưu Từ Hân",
  "text_url": "https://thuviensachpdf.com/tam-the",
  "audio_url": "https://sachnoiviet.net/sach-noi/tam-the",
  "alignment_path": null
}