{
  "id": "9875d4bb",
  "name": "tam-ly-thi-truong-chung-khoan",
  "text_path": null,
  "audio_path": null,
  "narrator": {
    "id": "34efb7b0",
    "name": "Unknown",
    "dialect": null,
    "gender": null,
    "age": null,
    "url": "Unknown",
    "tone": null,
    "volume": null,
    "speed": null,
    "pitch": null
  },
  "duration": 2.2239,
  "author": "George Selden",
  "text_url": "https://thuviensachpdf.com/tam-ly-thi-truong-chung-khoan",
  "audio_url": "https://sachnoiviet.net/sach-noi/tam-ly-thi-truong-chung-khoan",
  "alignment_path": null
}