{
  "id": "aac13164",
  "name": "tam-buong-bo-đoi-binh-an",
  "text_path": null,
  "audio_path": null,
  "narrator": {
    "id": "7f051840",
    "name": "Mộc",
    "dialect": null,
    "gender": null,
    "age": null,
    "url": "https://sachnoiviet.net/giong-doc/moc",
    "tone": null,
    "volume": null,
    "speed": null,
    "pitch": null
  },
  "duration": 3.9569,
  "author": "Natori Hougen",
  "text_url": "https://thuviensachpdf.com/tam-buong-bo-doi-binh-an",
  "audio_url": "https://sachnoiviet.net/sach-noi/tam-buong-bo-doi-binh-an",
  "alignment_path": null
}