{
  "id": "ba8a9ba0",
  "name": "tam-nguyen-cuoi-cung",
  "text_path": null,
  "audio_path": null,
  "narrator": {
    "id": "7c025d0d",
    "name": "Phú Cường",
    "dialect": null,
    "gender": null,
    "age": null,
    "url": "https://sachnoiviet.net/giong-doc/phu-cuong",
    "tone": null,
    "volume": null,
    "speed": null,
    "pitch": null
  },
  "duration": 21.1728,
  "author": "Lôi Mễ",
  "text_url": "https://thuviensachpdf.com/tam-nguyen-cuoi-cung",
  "audio_url": "https://sachnoiviet.net/sach-noi/tam-nguyen-cuoi-cung",
  "alignment_path": null
}