{
  "id": "a0af086e",
  "name": "tan-phong-nu-si",
  "text_path": null,
  "audio_path": null,
  "narrator": {
    "id": "a61f3ba1",
    "name": "Nào Đi Thôi",
    "dialect": null,
    "gender": null,
    "age": null,
    "url": "https://sachnoiviet.net/giong-doc/nao-di-thoi",
    "tone": null,
    "volume": null,
    "speed": null,
    "pitch": null
  },
  "duration": 3.9017,
  "author": "Hồ Biểu Chánh",
  "text_url": "https://thuviensachpdf.com/tan-phong-nu-si",
  "audio_url": "https://sachnoiviet.net/sach-noi/tan-phong-nu-si",
  "alignment_path": null
}