{
  "id": "0006a470",
  "name": "tan-cung-la-cai-chet",
  "text_path": null,
  "audio_path": null,
  "narrator": {
    "id": "e4375292",
    "name": "Hoàng Anh",
    "dialect": null,
    "gender": null,
    "age": null,
    "url": "https://sachnoiviet.net/giong-doc/hoang-anh",
    "tone": null,
    "volume": null,
    "speed": null,
    "pitch": null
  },
  "duration": 7.5125,
  "author": "Agatha Christie",
  "text_url": "https://thuviensachpdf.com/tan-cung-la-cai-chet",
  "audio_url": "https://sachnoiviet.net/sach-noi/tan-cung-la-cai-chet",
  "alignment_path": null
}