{
  "id": "f99ccdb1",
  "name": "tao-thao",
  "text_path": null,
  "audio_path": null,
  "narrator": {
    "id": "046af197",
    "name": "Diên Vỹ",
    "dialect": null,
    "gender": null,
    "age": null,
    "url": "https://sachnoiviet.net/giong-doc/dien-vy",
    "tone": null,
    "volume": null,
    "speed": null,
    "pitch": null
  },
  "duration": 2.075,
  "author": "Tào Trọng Hoài",
  "text_url": "https://thuviensachpdf.com/tao-thao",
  "audio_url": "https://sachnoiviet.net/sach-noi/tao-thao",
  "alignment_path": null
}