{
  "id": "da556e0b",
  "name": "tat-lua-long",
  "text_path": null,
  "audio_path": null,
  "narrator": {
    "id": "530b5004",
    "name": "Bình Nguyên",
    "dialect": null,
    "gender": null,
    "age": null,
    "url": "https://sachnoiviet.net/giong-doc/binh-nguyen",
    "tone": null,
    "volume": null,
    "speed": null,
    "pitch": null
  },
  "duration": 4.8344,
  "author": "Nguyễn Công Hoan",
  "text_url": "https://thuviensachpdf.com/tat-lua-long",
  "audio_url": "https://sachnoiviet.net/sach-noi/tat-lua-long",
  "alignment_path": null
}