{
  "id": "be32fe96",
  "name": "tay-khong-gay-dung-co-đo",
  "text_path": null,
  "audio_path": null,
  "narrator": [
    {
      "id": "08f989b5",
      "name": "Ái Hòa",
      "dialect": null,
      "gender": null,
      "age": null,
      "url": "https://sachnoiviet.net/giong-doc/ai-hoa",
      "tone": null,
      "volume": null,
      "speed": null,
      "pitch": null
    },
    {
      "id": "ff51f6a1",
      "name": "Xuân Khoa",
      "dialect": null,
      "gender": null,
      "age": null,
      "url": "https://sachnoiviet.net/giong-doc/xuan-khoa",
      "tone": null,
      "volume": null,
      "speed": null,
      "pitch": null
    }
  ],
  "duration": 4.4339,
  "author": "Vikrom Kromadit",
  "text_url": "https://thuviensachpdf.com/tay-khong-gay-dung-co-do",
  "audio_url": "https://sachnoiviet.net/sach-noi/tay-khong-gay-dung-co-do",
  "alignment_path": null
}