{
  "id": "b67165f7",
  "name": "thanh-lich-kieu-phap",
  "text_path": null,
  "audio_path": null,
  "narrator": {
    "id": "a776a03f",
    "name": "Mộc",
    "dialect": null,
    "gender": null,
    "age": null,
    "url": "https://sachnoiviet.net/giong-doc/moc",
    "tone": null,
    "volume": null,
    "speed": null,
    "pitch": null
  },
  "duration": 3.7556,
  "author": "Isabelle Thomas",
  "text_url": "https://thuviensachpdf.com/thanh-lich-kieu-phap",
  "audio_url": "https://sachnoiviet.net/sach-noi/thanh-lich-kieu-phap",
  "alignment_path": null
}