{
  "id": "3005e372",
  "name": "than-thoai-bac-au",
  "text_path": null,
  "audio_path": null,
  "narrator": {
    "id": "0f2d1fc2",
    "name": "Lâm Thanh Toàn",
    "dialect": null,
    "gender": null,
    "age": null,
    "url": "https://sachnoiviet.net/giong-doc/lam-thanh-toan",
    "tone": null,
    "volume": null,
    "speed": null,
    "pitch": null
  },
  "duration": 1.4467,
  "author": "Nhiều Tác Giả",
  "text_url": "https://thuviensachpdf.com/than-thoai-bac-au",
  "audio_url": "https://sachnoiviet.net/sach-noi/than-thoai-bac-au",
  "alignment_path": null
}