{
  "id": "d6c18b74",
  "name": "than-đieu-hiep-lu",
  "text_path": null,
  "audio_path": null,
  "narrator": {
    "id": "e91a6ffd",
    "name": "VOV Giao Thông",
    "dialect": null,
    "gender": null,
    "age": null,
    "url": "https://sachnoiviet.net/giong-doc/vov-giao-thong",
    "tone": null,
    "volume": null,
    "speed": null,
    "pitch": null
  },
  "duration": 71.0236,
  "author": "Kim Dung",
  "text_url": "https://thuviensachpdf.com/than-dieu-hiep-lu",
  "audio_url": "https://sachnoiviet.net/sach-noi/than-dieu-hiep-lu",
  "alignment_path": null
}