{
  "id": "e6a62f78",
  "name": "thanh-tinh-đao",
  "text_path": null,
  "audio_path": null,
  "narrator": [
    {
      "id": "75a10360",
      "name": "Bình Nguyên",
      "dialect": null,
      "gender": null,
      "age": null,
      "url": "https://sachnoiviet.net/giong-doc/binh-nguyen",
      "tone": null,
      "volume": null,
      "speed": null,
      "pitch": null
    },
    {
      "id": "34dbc77a",
      "name": "Thy Mai",
      "dialect": null,
      "gender": null,
      "age": null,
      "url": "https://sachnoiviet.net/giong-doc/thy-mai",
      "tone": null,
      "volume": null,
      "speed": null,
      "pitch": null
    },
    {
      "id": "6bffb47d",
      "name": "Trần Ngọc San",
      "dialect": null,
      "gender": null,
      "age": null,
      "url": "https://sachnoiviet.net/giong-doc/tran-ngoc-san",
      "tone": null,
      "volume": null,
      "speed": null,
      "pitch": null
    }
  ],
  "duration": 35.8519,
  "author": "Bhadantacariya Buddhaghosa",
  "text_url": "https://thuviensachpdf.com/thanh-tinh-dao",
  "audio_url": "https://sachnoiviet.net/sach-noi/thanh-tinh-dao",
  "alignment_path": null
}