{
  "id": "5721e0d8",
  "name": "thanh-cong-khong-con-la-bi-mat",
  "text_path": null,
  "audio_path": null,
  "narrator": {
    "id": "1bcc13ef",
    "name": "Phạm Ngọc Đông",
    "dialect": null,
    "gender": null,
    "age": null,
    "url": "https://sachnoiviet.net/giong-doc/pham-ngoc-dong",
    "tone": null,
    "volume": null,
    "speed": null,
    "pitch": null
  },
  "duration": 5.8678,
  "author": "Noah St. John",
  "text_url": "https://thuviensachpdf.com/thanh-cong-khong-con-la-bi-mat",
  "audio_url": "https://sachnoiviet.net/sach-noi/thanh-cong-khong-con-la-bi-mat",
  "alignment_path": null
}