{
  "id": "164e28ad",
  "name": "thanh-gia-rong",
  "text_path": null,
  "audio_path": null,
  "narrator": {
    "id": "d7cd887a",
    "name": "Bách Diệp",
    "dialect": null,
    "gender": null,
    "age": null,
    "url": "https://sachnoiviet.net/giong-doc/bach-diep",
    "tone": null,
    "volume": null,
    "speed": null,
    "pitch": null
  },
  "duration": 10.4106,
  "author": "Higashino Keigo",
  "text_url": "https://thuviensachpdf.com/thanh-gia-rong",
  "audio_url": "https://sachnoiviet.net/sach-noi/thanh-gia-rong",
  "alignment_path": null
}