{
  "id": "caa42321",
  "name": "thang-gu-nha-tho-đuc-ba",
  "text_path": null,
  "audio_path": null,
  "narrator": {
    "id": "60a0b0a6",
    "name": "Thủy Tiên",
    "dialect": null,
    "gender": null,
    "age": null,
    "url": "https://sachnoiviet.net/giong-doc/thuy-tien",
    "tone": null,
    "volume": null,
    "speed": null,
    "pitch": null
  },
  "duration": 19.5594,
  "author": "Victor Hugo",
  "text_url": "https://thuviensachpdf.com/thang-gu-nha-tho-duc-ba",
  "audio_url": "https://sachnoiviet.net/sach-noi/thang-gu-nha-tho-duc-ba",
  "alignment_path": null
}