{
  "id": "5864e256",
  "name": "that-tich-khong-mua",
  "text_path": null,
  "audio_path": null,
  "narrator": {
    "id": "03a8f82f",
    "name": "Trần Ngọc San",
    "dialect": null,
    "gender": null,
    "age": null,
    "url": "https://sachnoiviet.net/giong-doc/tran-ngoc-san",
    "tone": null,
    "volume": null,
    "speed": null,
    "pitch": null
  },
  "duration": 4.1725,
  "author": "Lâu Vũ Tình",
  "text_url": "https://thuviensachpdf.com/that-tich-khong-mua",
  "audio_url": "https://sachnoiviet.net/sach-noi/that-tich-khong-mua",
  "alignment_path": null
}