{
  "id": "4f8028fb",
  "name": "that-lac-coi-nguoi",
  "text_path": null,
  "audio_path": null,
  "narrator": {
    "id": "758e0489",
    "name": "Phương Ocean",
    "dialect": null,
    "gender": null,
    "age": null,
    "url": "https://sachnoiviet.net/giong-doc/phuong-ocean",
    "tone": null,
    "volume": null,
    "speed": null,
    "pitch": null
  },
  "duration": 3.0625,
  "author": "Dazai Osamu",
  "text_url": "https://thuviensachpdf.com/that-lac-coi-nguoi",
  "audio_url": "https://sachnoiviet.net/sach-noi/that-lac-coi-nguoi",
  "alignment_path": null
}