{
  "id": "1235cab9",
  "name": "thay-lang",
  "text_path": null,
  "audio_path": null,
  "narrator": {
    "id": "42e54512",
    "name": "Cao Hương",
    "dialect": null,
    "gender": null,
    "age": null,
    "url": "https://sachnoiviet.net/giong-doc/cao-huong",
    "tone": null,
    "volume": null,
    "speed": null,
    "pitch": null
  },
  "duration": 12.2778,
  "author": "Tadeusz Dołęga-Mostowicz",
  "text_url": "https://thuviensachpdf.com/thay-lang",
  "audio_url": "https://sachnoiviet.net/sach-noi/thay-lang",
  "alignment_path": null
}