{
  "id": "09ed5e3f",
  "name": "thay-đoi-cau-hoi-thay-đoi-cuoc-đoi",
  "text_path": null,
  "audio_path": null,
  "narrator": {
    "id": "6a858785",
    "name": "Lê Yến",
    "dialect": null,
    "gender": null,
    "age": null,
    "url": "https://sachnoiviet.net/giong-doc/le-yen",
    "tone": null,
    "volume": null,
    "speed": null,
    "pitch": null
  },
  "duration": 3.7631,
  "author": "Marilee Adams",
  "text_url": "https://thuviensachpdf.com/thay-doi-cau-hoi-thay-doi-cuoc-doi",
  "audio_url": "https://sachnoiviet.net/sach-noi/thay-doi-cau-hoi-thay-doi-cuoc-doi",
  "alignment_path": null
}