{
  "id": "ba06c332",
  "name": "thi-nhan-viet-nam",
  "text_path": null,
  "audio_path": null,
  "narrator": {
    "id": "21ca2436",
    "name": "Hồng Hà",
    "dialect": null,
    "gender": null,
    "age": null,
    "url": "https://sachnoiviet.net/giong-doc/hong-ha",
    "tone": null,
    "volume": null,
    "speed": null,
    "pitch": null
  },
  "duration": 9.5033,
  "author": "Hoài Thanh",
  "text_url": "https://thuviensachpdf.com/thi-nhan-viet-nam",
  "audio_url": "https://sachnoiviet.net/sach-noi/thi-nhan-viet-nam",
  "alignment_path": null
}