{
  "id": "d4065333",
  "name": "thien-can-ban",
  "text_path": null,
  "audio_path": null,
  "narrator": [
    {
      "id": "85e8c221",
      "name": "Kim Phượng",
      "dialect": null,
      "gender": null,
      "age": null,
      "url": "https://sachnoiviet.net/giong-doc/kim-phuong",
      "tone": null,
      "volume": null,
      "speed": null,
      "pitch": null
    },
    {
      "id": "1b8d2d6b",
      "name": "Thy Mai",
      "dialect": null,
      "gender": null,
      "age": null,
      "url": "https://sachnoiviet.net/giong-doc/thy-mai",
      "tone": null,
      "volume": null,
      "speed": null,
      "pitch": null
    }
  ],
  "duration": 6.0483,
  "author": "Trí Khải",
  "text_url": "https://thuviensachpdf.com/thien-can-ban",
  "audio_url": "https://sachnoiviet.net/sach-noi/thien-can-ban",
  "alignment_path": null
}