{
  "id": "d8a9d097",
  "name": "thien-linh-cai",
  "text_path": null,
  "audio_path": null,
  "narrator": {
    "id": "6ceb9fd6",
    "name": "Bình Nguyên",
    "dialect": null,
    "gender": null,
    "age": null,
    "url": "https://sachnoiviet.net/giong-doc/binh-nguyen",
    "tone": null,
    "volume": null,
    "speed": null,
    "pitch": null
  },
  "duration": 2.1469,
  "author": "Trương Thanh Thùy",
  "text_url": "https://thuviensachpdf.com/thien-linh-cai",
  "audio_url": "https://sachnoiviet.net/sach-noi/thien-linh-cai",
  "alignment_path": null
}