{
  "id": "a2f2cb3b",
  "name": "tho-phi",
  "text_path": null,
  "audio_path": null,
  "narrator": {
    "id": "d5ddc7f6",
    "name": "Hoàng Yến",
    "dialect": null,
    "gender": null,
    "age": null,
    "url": "https://sachnoiviet.net/giong-doc/hoang-yen",
    "tone": null,
    "volume": null,
    "speed": null,
    "pitch": null
  },
  "duration": 16.4694,
  "author": "Đoàn Hữu Nam",
  "text_url": "https://thuviensachpdf.com/tho-phi",
  "audio_url": "https://sachnoiviet.net/sach-noi/tho-phi",
  "alignment_path": null
}