{
  "id": "0090a000",
  "name": "thoi-khac-đinh-menh",
  "text_path": null,
  "audio_path": null,
  "narrator": {
    "id": "102b14a5",
    "name": "Đồng Linh",
    "dialect": null,
    "gender": null,
    "age": null,
    "url": "https://sachnoiviet.net/giong-doc/dong-linh",
    "tone": null,
    "volume": null,
    "speed": null,
    "pitch": null
  },
  "duration": 6.3567,
  "author": "Agatha Christie",
  "text_url": "https://thuviensachpdf.com/thoi-khac-dinh-menh",
  "audio_url": "https://sachnoiviet.net/sach-noi/thoi-khac-dinh-menh",
  "alignment_path": null
}