{
  "id": "7d2173d0",
  "name": "thong-reo-ngan-hong",
  "text_path": null,
  "audio_path": null,
  "narrator": {
    "id": "160b2b18",
    "name": "Trung Nghị",
    "dialect": null,
    "gender": null,
    "age": null,
    "url": "https://sachnoiviet.net/giong-doc/trung-nghi",
    "tone": null,
    "volume": null,
    "speed": null,
    "pitch": null
  },
  "duration": 17.7233,
  "author": "Nguyễn Thế Quang",
  "text_url": "https://thuviensachpdf.com/thong-reo-ngan-hong",
  "audio_url": "https://sachnoiviet.net/sach-noi/thong-reo-ngan-hong",
  "alignment_path": null
}