{
  "id": "b3c4bdd8",
  "name": "thu-gui-nguoi-đan-ba-khong-quen-biet",
  "text_path": null,
  "audio_path": null,
  "narrator": {
    "id": "691b44b5",
    "name": "Mộc",
    "dialect": null,
    "gender": null,
    "age": null,
    "url": "https://sachnoiviet.net/giong-doc/moc",
    "tone": null,
    "volume": null,
    "speed": null,
    "pitch": null
  },
  "duration": 2.1436,
  "author": "André Maurois",
  "text_url": "https://thuviensachpdf.com/thu-gui-nguoi-dan-ba-khong-quen-biet",
  "audio_url": "https://sachnoiviet.net/sach-noi/thu-gui-nguoi-dan-ba-khong-quen-biet",
  "alignment_path": null
}