{
  "id": "f62e0d0f",
  "name": "thuong-nho-tra-long",
  "text_path": null,
  "audio_path": null,
  "narrator": {
    "id": "13d54d9f",
    "name": "Nguyễn Nguyễn",
    "dialect": null,
    "gender": null,
    "age": null,
    "url": "https://sachnoiviet.net/giong-doc/nguyen-nguyen",
    "tone": null,
    "volume": null,
    "speed": null,
    "pitch": null
  },
  "duration": 4.04,
  "author": "Nguyễn Nhật Ánh",
  "text_url": "https://thuviensachpdf.com/thuong-nho-tra-long",
  "audio_url": "https://sachnoiviet.net/sach-noi/thuong-nho-tra-long",
  "alignment_path": null
}