{
  "id": "a81be319",
  "name": "thuyen-truong-tuoi-15",
  "text_path": null,
  "audio_path": null,
  "narrator": {
    "id": "ac4237e3",
    "name": "Xuân Hùng",
    "dialect": null,
    "gender": null,
    "age": null,
    "url": "https://sachnoiviet.net/giong-doc/xuan-hung",
    "tone": null,
    "volume": null,
    "speed": null,
    "pitch": null
  },
  "duration": 6.6556,
  "author": "Jules Verne",
  "text_url": "https://thuviensachpdf.com/thuyen-truong-tuoi-15",
  "audio_url": "https://sachnoiviet.net/sach-noi/thuyen-truong-tuoi-15",
  "alignment_path": null
}