{
  "id": "20255d41",
  "name": "tieng-hat-nguoi-ca",
  "text_path": null,
  "audio_path": null,
  "narrator": {
    "id": "0ebc3a3d",
    "name": "Kim Phượng",
    "dialect": null,
    "gender": null,
    "age": null,
    "url": "https://sachnoiviet.net/giong-doc/kim-phuong",
    "tone": null,
    "volume": null,
    "speed": null,
    "pitch": null
  },
  "duration": 8.3292,
  "author": "Masatsugu Ono",
  "text_url": "https://thuviensachpdf.com/tieng-hat-nguoi-ca",
  "audio_url": "https://sachnoiviet.net/sach-noi/tieng-hat-nguoi-ca",
  "alignment_path": null
}