{
  "id": "c75c4386",
  "name": "tien-đe-ra-tien",
  "text_path": null,
  "audio_path": null,
  "narrator": {
    "id": "e0c340f8",
    "name": "Unknown",
    "dialect": null,
    "gender": null,
    "age": null,
    "url": "Unknown",
    "tone": null,
    "volume": null,
    "speed": null,
    "pitch": null
  },
  "duration": 5.8853,
  "author": "Duncan Bannatyne",
  "text_url": "https://thuviensachpdf.com/tien-de-ra-tien",
  "audio_url": "https://sachnoiviet.net/sach-noi/tien-de-ra-tien",
  "alignment_path": null
}