{
  "id": "90a1dc02",
  "name": "tinh-the-hiem-ngheo",
  "text_path": null,
  "audio_path": null,
  "narrator": {
    "id": "68eead8b",
    "name": "MC Thu Trang",
    "dialect": null,
    "gender": null,
    "age": null,
    "url": "https://sachnoiviet.net/giong-doc/mc-thu-trang",
    "tone": null,
    "volume": null,
    "speed": null,
    "pitch": null
  },
  "duration": 12.7025,
  "author": "Jonathan Kellerman",
  "text_url": "https://thuviensachpdf.com/tinh-the-hiem-ngheo",
  "audio_url": "https://sachnoiviet.net/sach-noi/tinh-the-hiem-ngheo",
  "alignment_path": null
}