{
  "id": "5f4050d0",
  "name": "tinh-yeu-phu-thuy",
  "text_path": null,
  "audio_path": null,
  "narrator": {
    "id": "89a4382e",
    "name": "Ngọc Như",
    "dialect": null,
    "gender": null,
    "age": null,
    "url": "https://sachnoiviet.net/giong-doc/ngoc-nhu",
    "tone": null,
    "volume": null,
    "speed": null,
    "pitch": null
  },
  "duration": 7.0328,
  "author": "Agatha Christie",
  "text_url": "https://thuviensachpdf.com/tinh-yeu-phu-thuy",
  "audio_url": "https://sachnoiviet.net/sach-noi/tinh-yeu-phu-thuy",
  "alignment_path": null
}