{
  "id": "db80f0fb",
  "name": "tinh-mong",
  "text_path": null,
  "audio_path": null,
  "narrator": {
    "id": "e5b243af",
    "name": "Xuân Hiếu",
    "dialect": null,
    "gender": null,
    "age": null,
    "url": "https://sachnoiviet.net/giong-doc/xuan-hieu",
    "tone": null,
    "volume": null,
    "speed": null,
    "pitch": null
  },
  "duration": 3.6658,
  "author": "Hồ Biểu Chánh",
  "text_url": "https://thuviensachpdf.com/tinh-mong",
  "audio_url": "https://sachnoiviet.net/sach-noi/tinh-mong",
  "alignment_path": null
}