{
  "id": "6f77ee66",
  "name": "toi-ac-duoi-anh-mat-troi",
  "text_path": null,
  "audio_path": null,
  "narrator": {
    "id": "c91cb15e",
    "name": "Ngọc Như",
    "dialect": null,
    "gender": null,
    "age": null,
    "url": "https://sachnoiviet.net/giong-doc/ngoc-nhu",
    "tone": null,
    "volume": null,
    "speed": null,
    "pitch": null
  },
  "duration": 5.5694,
  "author": "Agatha Christie",
  "text_url": "https://thuviensachpdf.com/toi-ac-duoi-anh-mat-troi",
  "audio_url": "https://sachnoiviet.net/sach-noi/toi-ac-duoi-anh-mat-troi",
  "alignment_path": null
}