{
  "id": "e4be0cad",
  "name": "toi-la-beto",
  "text_path": null,
  "audio_path": null,
  "narrator": {
    "id": "b29ab18d",
    "name": "Bình Nguyên",
    "dialect": null,
    "gender": null,
    "age": null,
    "url": "https://sachnoiviet.net/giong-doc/binh-nguyen",
    "tone": null,
    "volume": null,
    "speed": null,
    "pitch": null
  },
  "duration": 1.9536,
  "author": "Nguyễn Nhật Ánh",
  "text_url": "https://thuviensachpdf.com/toi-la-beto",
  "audio_url": "https://sachnoiviet.net/sach-noi/toi-la-beto",
  "alignment_path": null
}