{
  "id": "07b26063",
  "name": "toi-thay-hoa-vang-tren-co-xanh",
  "text_path": null,
  "audio_path": null,
  "narrator": [
    {
      "id": "b69bee68",
      "name": "Đạt Phi",
      "dialect": null,
      "gender": null,
      "age": null,
      "url": "https://sachnoiviet.net/giong-doc/dat-phi",
      "tone": null,
      "volume": null,
      "speed": null,
      "pitch": null
    },
    {
      "id": "2b14733e",
      "name": "Nguyễn Ngọc",
      "dialect": null,
      "gender": null,
      "age": null,
      "url": "https://sachnoiviet.net/giong-doc/nguyen-ngoc",
      "tone": null,
      "volume": null,
      "speed": null,
      "pitch": null
    }
  ],
  "duration": 5.9894,
  "author": "Nguyễn Nhật Ánh",
  "text_url": "https://thuviensachpdf.com/toi-thay-hoa-vang-tren-co-xanh",
  "audio_url": "https://sachnoiviet.net/sach-noi/toi-thay-hoa-vang-tren-co-xanh",
  "alignment_path": null
}