{
  "id": "de948278",
  "name": "toi-quyet-đinh-song-cho-chinh-toi",
  "text_path": null,
  "audio_path": null,
  "narrator": {
    "id": "3ad3b9e9",
    "name": "Mộc",
    "dialect": null,
    "gender": null,
    "age": null,
    "url": "https://sachnoiviet.net/giong-doc/moc",
    "tone": null,
    "volume": null,
    "speed": null,
    "pitch": null
  },
  "duration": 3.1058,
  "author": "Kim Suhyun",
  "text_url": "https://thuviensachpdf.com/toi-quyet-dinh-song-cho-chinh-toi",
  "audio_url": "https://sachnoiviet.net/sach-noi/toi-quyet-dinh-song-cho-chinh-toi",
  "alignment_path": null
}