{
  "id": "5225e35a",
  "name": "toi-la-điem-tua-cua-chinh-minh",
  "text_path": null,
  "audio_path": null,
  "narrator": {
    "id": "7461ed52",
    "name": "Mộc",
    "dialect": null,
    "gender": null,
    "age": null,
    "url": "https://sachnoiviet.net/giong-doc/moc",
    "tone": null,
    "volume": null,
    "speed": null,
    "pitch": null
  },
  "duration": 5.0756,
  "author": "Gabrielle Bernstein",
  "text_url": "https://thuviensachpdf.com/toi-la-diem-tua-cua-chinh-minh",
  "audio_url": "https://sachnoiviet.net/sach-noi/toi-la-diem-tua-cua-chinh-minh",
  "alignment_path": null
}