{
  "id": "bb1697f4",
  "name": "tong-thong-abraham-lincoln",
  "text_path": null,
  "audio_path": null,
  "narrator": {
    "id": "dd9b74fe",
    "name": "Bạch Lý",
    "dialect": null,
    "gender": null,
    "age": null,
    "url": "https://sachnoiviet.net/giong-doc/bach-ly",
    "tone": null,
    "volume": null,
    "speed": null,
    "pitch": null
  },
  "duration": 5.8994,
  "author": "Trần Thu Phàm",
  "text_url": "https://thuviensachpdf.com/tong-thong-abraham-lincoln",
  "audio_url": "https://sachnoiviet.net/sach-noi/tong-thong-abraham-lincoln",
  "alignment_path": null
}