{
  "id": "633aada0",
  "name": "tottochan-ben-cua-so",
  "text_path": null,
  "audio_path": null,
  "narrator": {
    "id": "20065c65",
    "name": "Nhật Ngữ Minh Việt",
    "dialect": null,
    "gender": null,
    "age": null,
    "url": "https://sachnoiviet.net/giong-doc/nhat-ngu-minh-viet",
    "tone": null,
    "volume": null,
    "speed": null,
    "pitch": null
  },
  "duration": 5.3394,
  "author": "Kuroyanagi Tetsuko",
  "text_url": "https://thuviensachpdf.com/totto-chan-ben-cua-so",
  "audio_url": "https://sachnoiviet.net/sach-noi/totto-chan-ben-cua-so",
  "alignment_path": null
}