{
  "id": "d96333e8",
  "name": "trai-đat-tron-long-nguoi-goc-canh",
  "text_path": null,
  "audio_path": null,
  "narrator": [
    {
      "id": "12b7a868",
      "name": "An Nhiên",
      "dialect": null,
      "gender": null,
      "age": null,
      "url": "https://sachnoiviet.net/giong-doc/an-nhien",
      "tone": null,
      "volume": null,
      "speed": null,
      "pitch": null
    },
    {
      "id": "6a3aedef",
      "name": "Tiểu Thiện Linh",
      "dialect": null,
      "gender": null,
      "age": null,
      "url": "https://sachnoiviet.net/giong-doc/tieu-thien-linh",
      "tone": null,
      "volume": null,
      "speed": null,
      "pitch": null
    }
  ],
  "duration": 8.3764,
  "author": "Minh Mẫn",
  "text_url": "https://thuviensachpdf.com/trai-dat-tron-long-nguoi-goc-canh",
  "audio_url": "https://sachnoiviet.net/sach-noi/trai-dat-tron-long-nguoi-goc-canh",
  "alignment_path": null
}