{
  "id": "6301b7e1",
  "name": "trai-tim-cua-but",
  "text_path": null,
  "audio_path": null,
  "narrator": [
    {
      "id": "dbacccde",
      "name": "Huy Hồ",
      "dialect": null,
      "gender": null,
      "age": null,
      "url": "https://sachnoiviet.net/giong-doc/huy-ho",
      "tone": null,
      "volume": null,
      "speed": null,
      "pitch": null
    },
    {
      "id": "c1ff7f7e",
      "name": "Kim Phụng",
      "dialect": null,
      "gender": null,
      "age": null,
      "url": "https://sachnoiviet.net/giong-doc/kim-phung",
      "tone": null,
      "volume": null,
      "speed": null,
      "pitch": null
    },
    {
      "id": "50d084c2",
      "name": "Tuấn Anh",
      "dialect": null,
      "gender": null,
      "age": null,
      "url": "https://sachnoiviet.net/giong-doc/tuan-anh",
      "tone": null,
      "volume": null,
      "speed": null,
      "pitch": null
    }
  ],
  "duration": 16.2431,
  "author": "Thích Nhất Hạnh",
  "text_url": "https://thuviensachpdf.com/trai-tim-cua-but",
  "audio_url": "https://sachnoiviet.net/sach-noi/trai-tim-cua-but",
  "alignment_path": null
}