{
  "id": "1eb34be0",
  "name": "trai-hoa-vang",
  "text_path": null,
  "audio_path": null,
  "narrator": {
    "id": "b5d13533",
    "name": "Trần Ngọc San",
    "dialect": null,
    "gender": null,
    "age": null,
    "url": "https://sachnoiviet.net/giong-doc/tran-ngoc-san",
    "tone": null,
    "volume": null,
    "speed": null,
    "pitch": null
  },
  "duration": 5.1269,
  "author": "Nguyễn Nhật Ánh",
  "text_url": "https://thuviensachpdf.com/trai-hoa-vang",
  "audio_url": "https://sachnoiviet.net/sach-noi/trai-hoa-vang",
  "alignment_path": null
}