{
  "id": "b8dcfd6c",
  "name": "tran-trui-giua-bay-soi",
  "text_path": null,
  "audio_path": null,
  "narrator": {
    "id": "385942d9",
    "name": "Hà Phương",
    "dialect": null,
    "gender": null,
    "age": null,
    "url": "https://sachnoiviet.net/giong-doc/ha-phuong",
    "tone": null,
    "volume": null,
    "speed": null,
    "pitch": null
  },
  "duration": 20.63,
  "author": "Bruno Apitz",
  "text_url": "https://thuviensachpdf.com/tran-trui-giua-bay-soi",
  "audio_url": "https://sachnoiviet.net/sach-noi/tran-trui-giua-bay-soi",
  "alignment_path": null
}