{
  "id": "84b618d6",
  "name": "tren-buc-giang",
  "text_path": null,
  "audio_path": null,
  "narrator": {
    "id": "234fb482",
    "name": "Minh Hoàng",
    "dialect": null,
    "gender": null,
    "age": null,
    "url": "https://sachnoiviet.net/giong-doc/minh-hoang",
    "tone": null,
    "volume": null,
    "speed": null,
    "pitch": null
  },
  "duration": 6.3875,
  "author": "Brad Cohen",
  "text_url": "https://thuviensachpdf.com/tren-buc-giang",
  "audio_url": "https://sachnoiviet.net/sach-noi/tren-buc-giang",
  "alignment_path": null
}