{
  "id": "69a767eb",
  "name": "tri-thong-minh-cua-su-tinh-te",
  "text_path": null,
  "audio_path": null,
  "narrator": {
    "id": "6e9d95d7",
    "name": "Mộc",
    "dialect": null,
    "gender": null,
    "age": null,
    "url": "https://sachnoiviet.net/giong-doc/moc",
    "tone": null,
    "volume": null,
    "speed": null,
    "pitch": null
  },
  "duration": 3.4483,
  "author": "Tô Mạn",
  "text_url": "https://thuviensachpdf.com/tri-thong-minh-cua-su-tinh-te",
  "audio_url": "https://sachnoiviet.net/sach-noi/tri-thong-minh-cua-su-tinh-te",
  "alignment_path": null
}