{
  "id": "d86e2f18",
  "name": "tri-tue-kinh-doanh-va-ly-thuyet-tro-choi",
  "text_path": null,
  "audio_path": null,
  "narrator": {
    "id": "1fb6ac38",
    "name": "Nguyễn Nguyệt Ánh",
    "dialect": null,
    "gender": null,
    "age": null,
    "url": "https://sachnoiviet.net/giong-doc/nguyen-nguyet-anh",
    "tone": null,
    "volume": null,
    "speed": null,
    "pitch": null
  },
  "duration": 4.6903,
  "author": "Túc Xuân Lễ",
  "text_url": "https://thuviensachpdf.com/tri-tue-kinh-doanh-va-ly-thuyet-tro-choi",
  "audio_url": "https://sachnoiviet.net/sach-noi/tri-tue-kinh-doanh-va-ly-thuyet-tro-choi",
  "alignment_path": null
}