{
  "id": "98825a37",
  "name": "trieu-phu-bat-đong-san-tu-than",
  "text_path": null,
  "audio_path": null,
  "narrator": {
    "id": "24d7e59d",
    "name": "Unknown",
    "dialect": null,
    "gender": null,
    "age": null,
    "url": "Unknown",
    "tone": null,
    "volume": null,
    "speed": null,
    "pitch": null
  },
  "duration": 5.9694,
  "author": "David Bach",
  "text_url": "https://thuviensachpdf.com/trieu-phu-bat-dong-san-tu-than",
  "audio_url": "https://sachnoiviet.net/sach-noi/trieu-phu-bat-dong-san-tu-than",
  "alignment_path": null
}