{
  "id": "c65eb158",
  "name": "tro-ve-tu-coi-sang",
  "text_path": null,
  "audio_path": null,
  "narrator": {
    "id": "16aec437",
    "name": "Bình Nguyên",
    "dialect": null,
    "gender": null,
    "age": null,
    "url": "https://sachnoiviet.net/giong-doc/binh-nguyen",
    "tone": null,
    "volume": null,
    "speed": null,
    "pitch": null
  },
  "duration": 3.9475,
  "author": "Nguyên Phong",
  "text_url": "https://thuviensachpdf.com/tro-ve-tu-coi-sang",
  "audio_url": "https://sachnoiviet.net/sach-noi/tro-ve-tu-coi-sang",
  "alignment_path": null
}