{
  "id": "27468973",
  "name": "tro-ve-tu-xu-tuyet",
  "text_path": null,
  "audio_path": null,
  "narrator": {
    "id": "93a6d376",
    "name": "Unknown",
    "dialect": null,
    "gender": null,
    "age": null,
    "url": "Unknown",
    "tone": null,
    "volume": null,
    "speed": null,
    "pitch": null
  },
  "duration": 5.6225,
  "author": "Nguyên Phong",
  "text_url": "https://thuviensachpdf.com/tro-ve-tu-xu-tuyet",
  "audio_url": "https://sachnoiviet.net/sach-noi/tro-ve-tu-xu-tuyet",
  "alignment_path": null
}