{
  "id": "f9e9d5af",
  "name": "trom-lay-co-may-tu-van-rui",
  "text_path": null,
  "audio_path": null,
  "narrator": {
    "id": "fc8ba068",
    "name": "Tâm Hồn Của Sách",
    "dialect": null,
    "gender": null,
    "age": null,
    "url": "https://sachnoiviet.net/giong-doc/tam-hon-cua-sach",
    "tone": null,
    "volume": null,
    "speed": null,
    "pitch": null
  },
  "duration": 5.0386,
  "author": "Ryan Holiday",
  "text_url": "https://thuviensachpdf.com/trom-lay-co-may-tu-van-rui",
  "audio_url": "https://sachnoiviet.net/sach-noi/trom-lay-co-may-tu-van-rui",
  "alignment_path": null
}