{
  "id": "3814b5b2",
  "name": "trong-chop-mat",
  "text_path": null,
  "audio_path": null,
  "narrator": {
    "id": "7e9882f3",
    "name": "Đi và Đọc",
    "dialect": null,
    "gender": null,
    "age": null,
    "url": "https://sachnoiviet.net/giong-doc/di-va-doc",
    "tone": null,
    "volume": null,
    "speed": null,
    "pitch": null
  },
  "duration": 1.7083,
  "author": "Malcolm Gladwell",
  "text_url": "https://thuviensachpdf.com/trong-chop-mat",
  "audio_url": "https://sachnoiviet.net/sach-noi/trong-chop-mat",
  "alignment_path": null
}