{
  "id": "86729337",
  "name": "trong-đep-la-loi-the-song-đep-la-ban-linh",
  "text_path": null,
  "audio_path": null,
  "narrator": {
    "id": "859dfcda",
    "name": "Mộc",
    "dialect": null,
    "gender": null,
    "age": null,
    "url": "https://sachnoiviet.net/giong-doc/moc",
    "tone": null,
    "volume": null,
    "speed": null,
    "pitch": null
  },
  "duration": 5.4483,
  "author": "Cách Tỷ",
  "text_url": "https://thuviensachpdf.com/trong-dep-la-loi-the-song-dep-la-ban-linh",
  "audio_url": "https://sachnoiviet.net/sach-noi/trong-dep-la-loi-the-song-dep-la-ban-linh",
  "alignment_path": null
}