{
  "id": "02148735",
  "name": "truoc-khi-nham-mat",
  "text_path": null,
  "audio_path": null,
  "narrator": {
    "id": "e165016f",
    "name": "Unknown",
    "dialect": null,
    "gender": null,
    "age": null,
    "url": "Unknown",
    "tone": null,
    "volume": null,
    "speed": null,
    "pitch": null
  },
  "duration": 10.0625,
  "author": "Higashino Keigo",
  "text_url": "https://thuviensachpdf.com/truoc-khi-nham-mat",
  "audio_url": "https://sachnoiviet.net/sach-noi/truoc-khi-nham-mat",
  "alignment_path": null
}