{
  "id": "6b561481",
  "name": "truoc-vong-chung-ket",
  "text_path": null,
  "audio_path": null,
  "narrator": {
    "id": "f1a6ec52",
    "name": "Phương Minh",
    "dialect": null,
    "gender": null,
    "age": null,
    "url": "https://sachnoiviet.net/giong-doc/phuong-minh",
    "tone": null,
    "volume": null,
    "speed": null,
    "pitch": null
  },
  "duration": 5.2225,
  "author": "Nguyễn Nhật Ánh",
  "text_url": "https://thuviensachpdf.com/truoc-vong-chung-ket",
  "audio_url": "https://sachnoiviet.net/sach-noi/truoc-vong-chung-ket",
  "alignment_path": null
}