{
  "id": "2f7036af",
  "name": "tu-bi-thanh",
  "text_path": null,
  "audio_path": null,
  "narrator": {
    "id": "62dac61d",
    "name": "Lê Duyên",
    "dialect": null,
    "gender": null,
    "age": null,
    "url": "https://sachnoiviet.net/giong-doc/le-duyen",
    "tone": null,
    "volume": null,
    "speed": null,
    "pitch": null
  },
  "duration": 21.5428,
  "author": "Đinh Mặc",
  "text_url": "https://thuviensachpdf.com/tu-bi-thanh",
  "audio_url": "https://sachnoiviet.net/sach-noi/tu-bi-thanh",
  "alignment_path": null
}