{
  "id": "d89b6858",
  "name": "tu-dieu-đe",
  "text_path": null,
  "audio_path": null,
  "narrator": {
    "id": "8c5582ab",
    "name": "Hướng Dương",
    "dialect": null,
    "gender": null,
    "age": null,
    "url": "https://sachnoiviet.net/giong-doc/huong-duong",
    "tone": null,
    "volume": null,
    "speed": null,
    "pitch": null
  },
  "duration": 6.3597,
  "author": "Ajahn Sumedho",
  "text_url": "https://thuviensachpdf.com/tu-dieu-de",
  "audio_url": "https://sachnoiviet.net/sach-noi/tu-dieu-de",
  "alignment_path": null
}