{
  "id": "42a08ad8",
  "name": "tu-đai-quyen-luc",
  "text_path": null,
  "audio_path": null,
  "narrator": {
    "id": "b0580609",
    "name": "Unknown",
    "dialect": null,
    "gender": null,
    "age": null,
    "url": "Unknown",
    "tone": null,
    "volume": null,
    "speed": null,
    "pitch": null
  },
  "duration": 7.1725,
  "author": "Scott Galloway",
  "text_url": "https://thuviensachpdf.com/tu-dai-quyen-luc",
  "audio_url": "https://sachnoiviet.net/sach-noi/tu-dai-quyen-luc",
  "alignment_path": null
}