{
  "id": "c72dab2a",
  "name": "tu-hon",
  "text_path": null,
  "audio_path": null,
  "narrator": [
    {
      "id": "d28daada",
      "name": "Kim Phượng",
      "dialect": null,
      "gender": null,
      "age": null,
      "url": "https://sachnoiviet.net/giong-doc/kim-phuong",
      "tone": null,
      "volume": null,
      "speed": null,
      "pitch": null
    },
    {
      "id": "d673c979",
      "name": "Thy Mai",
      "dialect": null,
      "gender": null,
      "age": null,
      "url": "https://sachnoiviet.net/giong-doc/thy-mai",
      "tone": null,
      "volume": null,
      "speed": null,
      "pitch": null
    }
  ],
  "duration": 2.7592,
  "author": "Hồ Biểu Chánh",
  "text_url": "https://thuviensachpdf.com/tu-hon",
  "audio_url": "https://sachnoiviet.net/sach-noi/tu-hon",
  "alignment_path": null
}