{
  "id": "3ea7983d",
  "name": "tu-ngay-mai-hay-lam-nguoi-hanh-phuc",
  "text_path": null,
  "audio_path": null,
  "narrator": {
    "id": "daaf7ad4",
    "name": "Mộc",
    "dialect": null,
    "gender": null,
    "age": null,
    "url": "https://sachnoiviet.net/giong-doc/moc",
    "tone": null,
    "volume": null,
    "speed": null,
    "pitch": null
  },
  "duration": 4.9567,
  "author": "Toái Toái",
  "text_url": "https://thuviensachpdf.com/tu-ngay-mai-hay-lam-nguoi-hanh-phuc",
  "audio_url": "https://sachnoiviet.net/sach-noi/tu-ngay-mai-hay-lam-nguoi-hanh-phuc",
  "alignment_path": null
}