{
  "id": "7d315c00",
  "name": "tung-buoc-no-hoa-sen",
  "text_path": null,
  "audio_path": null,
  "narrator": {
    "id": "20bf20eb",
    "name": "Chiếu Thành",
    "dialect": null,
    "gender": null,
    "age": null,
    "url": "https://sachnoiviet.net/giong-doc/chieu-thanh",
    "tone": null,
    "volume": null,
    "speed": null,
    "pitch": null
  },
  "duration": 1.4914,
  "author": "Thích Nhất Hạnh",
  "text_url": "https://thuviensachpdf.com/tung-buoc-no-hoa-sen",
  "audio_url": "https://sachnoiviet.net/sach-noi/tung-buoc-no-hoa-sen",
  "alignment_path": null
}