{
  "id": "d994f629",
  "name": "tuoi-tre-khong-bao-gio-quay-lai",
  "text_path": null,
  "audio_path": null,
  "narrator": {
    "id": "72c385bf",
    "name": "Bảo Linh",
    "dialect": null,
    "gender": null,
    "age": null,
    "url": "https://sachnoiviet.net/giong-doc/bao-linh",
    "tone": null,
    "volume": null,
    "speed": null,
    "pitch": null
  },
  "duration": 5.8367,
  "author": "Nhiều Tác Giả",
  "text_url": "https://thuviensachpdf.com/tuoi-tre-khong-bao-gio-quay-lai",
  "audio_url": "https://sachnoiviet.net/sach-noi/tuoi-tre-khong-bao-gio-quay-lai",
  "alignment_path": null
}