{
  "id": "3555cfbb",
  "name": "tuyen-tap-truyen-ngan-nam-cao",
  "text_path": null,
  "audio_path": null,
  "narrator": {
    "id": "b0479ef1",
    "name": "Hồng Trinh",
    "dialect": null,
    "gender": null,
    "age": null,
    "url": "https://sachnoiviet.net/giong-doc/hong-trinh",
    "tone": null,
    "volume": null,
    "speed": null,
    "pitch": null
  },
  "duration": 11.2472,
  "author": "Nam Cao",
  "text_url": "https://thuviensachpdf.com/tuyen-tap-truyen-ngan-nam-cao",
  "audio_url": "https://sachnoiviet.net/sach-noi/tuyen-tap-truyen-ngan-nam-cao",
  "alignment_path": null
}