{
  "id": "e0bac38d",
  "name": "tuyen-tap-truyen-ngan-macxim-gorki",
  "text_path": null,
  "audio_path": null,
  "narrator": {
    "id": "073a6c6c",
    "name": "Bá Trung",
    "dialect": null,
    "gender": null,
    "age": null,
    "url": "https://sachnoiviet.net/giong-doc/ba-trung",
    "tone": null,
    "volume": null,
    "speed": null,
    "pitch": null
  },
  "duration": 12.3567,
  "author": "Macxim Gorki",
  "text_url": "https://thuviensachpdf.com/tuyen-tap-truyen-ngan-macxim-gorki",
  "audio_url": "https://sachnoiviet.net/sach-noi/tuyen-tap-truyen-ngan-macxim-gorki",
  "alignment_path": null
}