{
  "id": "d498ced0",
  "name": "tuyen-tap-truyen-ngan-hay-viet-nam-danh-cho-thieu-nhi",
  "text_path": null,
  "audio_path": null,
  "narrator": {
    "id": "e0a2e796",
    "name": "Thanh Trúc",
    "dialect": null,
    "gender": null,
    "age": null,
    "url": "https://sachnoiviet.net/giong-doc/thanh-truc",
    "tone": null,
    "volume": null,
    "speed": null,
    "pitch": null
  },
  "duration": 6.3389,
  "author": "Nhiều Tác Giả",
  "text_url": "https://thuviensachpdf.com/tuyen-tap-truyen-ngan-hay-viet-nam-danh-cho-thieu-nhi",
  "audio_url": "https://sachnoiviet.net/sach-noi/tuyen-tap-truyen-ngan-hay-viet-nam-danh-cho-thieu-nhi",
  "alignment_path": null
}