{
  "id": "faee2ab9",
  "name": "tuyet-son-phi-ho",
  "text_path": null,
  "audio_path": null,
  "narrator": {
    "id": "fddc1db2",
    "name": "VOV Giao Thông",
    "dialect": null,
    "gender": null,
    "age": null,
    "url": "https://sachnoiviet.net/giong-doc/vov-giao-thong",
    "tone": null,
    "volume": null,
    "speed": null,
    "pitch": null
  },
  "duration": 12.5131,
  "author": "Kim Dung",
  "text_url": "https://thuviensachpdf.com/tuyet-son-phi-ho",
  "audio_url": "https://sachnoiviet.net/sach-noi/tuyet-son-phi-ho",
  "alignment_path": null
}