{
  "id": "c23972ff",
  "name": "ty-phu-ban-giay",
  "text_path": null,
  "audio_path": null,
  "narrator": {
    "id": "26f44a03",
    "name": "Trần Diệu Lan",
    "dialect": null,
    "gender": null,
    "age": null,
    "url": "https://sachnoiviet.net/giong-doc/tran-dieu-lan",
    "tone": null,
    "volume": null,
    "speed": null,
    "pitch": null
  },
  "duration": 5.485,
  "author": "Tony Hsieh",
  "text_url": "https://thuviensachpdf.com/ty-phu-ban-giay",
  "audio_url": "https://sachnoiviet.net/sach-noi/ty-phu-ban-giay",
  "alignment_path": null
}