{
  "id": "b836fb06",
  "name": "uyen-uong-đao",
  "text_path": null,
  "audio_path": null,
  "narrator": {
    "id": "c57b430b",
    "name": "Thanh Sang",
    "dialect": null,
    "gender": null,
    "age": null,
    "url": "https://sachnoiviet.net/giong-doc/thanh-sang",
    "tone": null,
    "volume": null,
    "speed": null,
    "pitch": null
  },
  "duration": 2.3186,
  "author": "Kim Dung",
  "text_url": "https://thuviensachpdf.com/uyen-uong-dao",
  "audio_url": "https://sachnoiviet.net/sach-noi/uyen-uong-dao",
  "alignment_path": null
}