{
  "id": "242cada6",
  "name": "van-bai-lat-ngua",
  "text_path": null,
  "audio_path": null,
  "narrator": {
    "id": "697cda07",
    "name": "VN Youtuber",
    "dialect": null,
    "gender": null,
    "age": null,
    "url": "https://sachnoiviet.net/giong-doc/vn-youtuber",
    "tone": null,
    "volume": null,
    "speed": null,
    "pitch": null
  },
  "duration": 48.2056,
  "author": "Nguyễn Trương Thiên Lý",
  "text_url": "https://thuviensachpdf.com/van-bai-lat-ngua",
  "audio_url": "https://sachnoiviet.net/sach-noi/van-bai-lat-ngua",
  "alignment_path": null
}