{
  "id": "7c8907bc",
  "name": "vi-giam-đoc-hieu-qua",
  "text_path": null,
  "audio_path": null,
  "narrator": {
    "id": "d7f21c97",
    "name": "Ái Hòa",
    "dialect": null,
    "gender": null,
    "age": null,
    "url": "https://sachnoiviet.net/giong-doc/ai-hoa",
    "tone": null,
    "volume": null,
    "speed": null,
    "pitch": null
  },
  "duration": 2.1672,
  "author": "Ken Blanchard",
  "text_url": "https://thuviensachpdf.com/vi-giam-doc-hieu-qua",
  "audio_url": "https://sachnoiviet.net/sach-noi/vi-giam-doc-hieu-qua",
  "alignment_path": null
}