{
  "id": "c5b3f465",
  "name": "viec-lang",
  "text_path": null,
  "audio_path": null,
  "narrator": {
    "id": "c447c3a7",
    "name": "Mạc Duy Thắng",
    "dialect": null,
    "gender": null,
    "age": null,
    "url": "https://sachnoiviet.net/giong-doc/mac-duy-thang",
    "tone": null,
    "volume": null,
    "speed": null,
    "pitch": null
  },
  "duration": 2.8556,
  "author": "Ngô Tất Tố",
  "text_url": "https://thuviensachpdf.com/viec-lang",
  "audio_url": "https://sachnoiviet.net/sach-noi/viec-lang",
  "alignment_path": null
}