{
  "id": "fb76ff3d",
  "name": "viet-nam-su-luoc",
  "text_path": null,
  "audio_path": null,
  "narrator": {
    "id": "f38a37be",
    "name": "Hồng Hà",
    "dialect": null,
    "gender": null,
    "age": null,
    "url": "https://sachnoiviet.net/giong-doc/hong-ha",
    "tone": null,
    "volume": null,
    "speed": null,
    "pitch": null
  },
  "duration": 20.3056,
  "author": "Trần Trọng Kim",
  "text_url": "https://thuviensachpdf.com/viet-nam-su-luoc",
  "audio_url": "https://sachnoiviet.net/sach-noi/viet-nam-su-luoc",
  "alignment_path": null
}