{
  "id": "17d1022d",
  "name": "vo-đe",
  "text_path": null,
  "audio_path": null,
  "narrator": {
    "id": "0a9b1673",
    "name": "Dương Liễu",
    "dialect": null,
    "gender": null,
    "age": null,
    "url": "https://sachnoiviet.net/giong-doc/duong-lieu",
    "tone": null,
    "volume": null,
    "speed": null,
    "pitch": null
  },
  "duration": 7.3322,
  "author": "Vũ Trọng Phụng",
  "text_url": "https://thuviensachpdf.com/vo-de",
  "audio_url": "https://sachnoiviet.net/sach-noi/vo-de",
  "alignment_path": null
}