{
  "id": "3c9f2715",
  "name": "vo-oi-anh-biet-loi-roi",
  "text_path": null,
  "audio_path": null,
  "narrator": [
    {
      "id": "0144a5f8",
      "name": "Hoàng Tuấn",
      "dialect": null,
      "gender": null,
      "age": null,
      "url": "https://sachnoiviet.net/giong-doc/hoang-tuan",
      "tone": null,
      "volume": null,
      "speed": null,
      "pitch": null
    },
    {
      "id": "6f864e5d",
      "name": "Na Chi",
      "dialect": null,
      "gender": null,
      "age": null,
      "url": "https://sachnoiviet.net/giong-doc/na-chi",
      "tone": null,
      "volume": null,
      "speed": null,
      "pitch": null
    }
  ],
  "duration": 5.6275,
  "author": "Nguyễn Bích Hồng",
  "text_url": "https://thuviensachpdf.com/vo-oi-anh-biet-loi-roi",
  "audio_url": "https://sachnoiviet.net/sach-noi/vo-oi-anh-biet-loi-roi",
  "alignment_path": null
}