{
  "id": "5c5751f3",
  "name": "vo-thuong",
  "text_path": null,
  "audio_path": null,
  "narrator": {
    "id": "c65f5c29",
    "name": "Bình Nguyên",
    "dialect": null,
    "gender": null,
    "age": null,
    "url": "https://sachnoiviet.net/giong-doc/binh-nguyen",
    "tone": null,
    "volume": null,
    "speed": null,
    "pitch": null
  },
  "duration": 3.1514,
  "author": "Nguyễn Bảo Trung",
  "text_url": "https://thuviensachpdf.com/vo-thuong",
  "audio_url": "https://sachnoiviet.net/sach-noi/vo-thuong",
  "alignment_path": null
}