{
  "id": "15f74eed",
  "name": "vu-đieu-cua-than-chet",
  "text_path": null,
  "audio_path": null,
  "narrator": {
    "id": "e4d1d124",
    "name": "Lê Duyên",
    "dialect": null,
    "gender": null,
    "age": null,
    "url": "https://sachnoiviet.net/giong-doc/le-duyen",
    "tone": null,
    "volume": null,
    "speed": null,
    "pitch": null
  },
  "duration": 17.3392,
  "author": "Jeffery Deaver",
  "text_url": "https://thuviensachpdf.com/vu-dieu-cua-than-chet",
  "audio_url": "https://sachnoiviet.net/sach-noi/vu-dieu-cua-than-chet",
  "alignment_path": null
}