{
  "id": "d61655c6",
  "name": "vua-duy-tan-1916",
  "text_path": null,
  "audio_path": null,
  "narrator": {
    "id": "87ecfcbf",
    "name": "Hồng Hà",
    "dialect": null,
    "gender": null,
    "age": null,
    "url": "https://sachnoiviet.net/giong-doc/hong-ha",
    "tone": null,
    "volume": null,
    "speed": null,
    "pitch": null
  },
  "duration": 10.0417,
  "author": "Nguyễn Trương Đàn",
  "text_url": "https://thuviensachpdf.com/vua-duy-tan-1916",
  "audio_url": "https://sachnoiviet.net/sach-noi/vua-duy-tan-1916",
  "alignment_path": null
}