{
  "id": "7280f6b8",
  "name": "xay-dung-đe-truong-ton",
  "text_path": null,
  "audio_path": null,
  "narrator": {
    "id": "cc43ba60",
    "name": "Unknown",
    "dialect": null,
    "gender": null,
    "age": null,
    "url": "Unknown",
    "tone": null,
    "volume": null,
    "speed": null,
    "pitch": null
  },
  "duration": 8.0556,
  "author": "Jim Collins",
  "text_url": "https://thuviensachpdf.com/xay-dung-de-truong-ton",
  "audio_url": "https://sachnoiviet.net/sach-noi/xay-dung-de-truong-ton",
  "alignment_path": null
}