{
  "id": "1f17d783",
  "name": "xin-đoi-ton-thuong-lay-truong-thanh",
  "text_path": null,
  "audio_path": null,
  "narrator": {
    "id": "2f11c77b",
    "name": "Unknown",
    "dialect": null,
    "gender": null,
    "age": null,
    "url": "Unknown",
    "tone": null,
    "volume": null,
    "speed": null,
    "pitch": null
  },
  "duration": 5.3944,
  "author": "Lý Ái Linh",
  "text_url": "https://thuviensachpdf.com/xin-doi-ton-thuong-lay-truong-thanh",
  "audio_url": "https://sachnoiviet.net/sach-noi/xin-doi-ton-thuong-lay-truong-thanh",
  "alignment_path": null
}