{
  "id": "4b533c10",
  "name": "xin-chao-trung-ta-tien-sinh",
  "text_path": null,
  "audio_path": null,
  "narrator": {
    "id": "d15e369e",
    "name": "Quỳnh Anh",
    "dialect": null,
    "gender": null,
    "age": null,
    "url": "https://sachnoiviet.net/giong-doc/quynh-anh",
    "tone": null,
    "volume": null,
    "speed": null,
    "pitch": null
  },
  "duration": 13.3494,
  "author": "Mạc Oanh",
  "text_url": "https://thuviensachpdf.com/xin-chao-trung-ta-tien-sinh",
  "audio_url": "https://sachnoiviet.net/sach-noi/xin-chao-trung-ta-tien-sinh",
  "alignment_path": null
}