{
  "id": "14056cd2",
  "name": "xin-cho-tuoi-tre-can-đam-nguyen-cho-thanh-xuan-ruc-sang",
  "text_path": null,
  "audio_path": null,
  "narrator": {
    "id": "dcf1c73f",
    "name": "Mộc",
    "dialect": null,
    "gender": null,
    "age": null,
    "url": "https://sachnoiviet.net/giong-doc/moc",
    "tone": null,
    "volume": null,
    "speed": null,
    "pitch": null
  },
  "duration": 5.8439,
  "author": "Hoàng Ngọc Quân",
  "text_url": "https://thuviensachpdf.com/xin-cho-tuoi-tre-can-dam-nguyen-cho-thanh-xuan-ruc-sang",
  "audio_url": "https://sachnoiviet.net/sach-noi/xin-cho-tuoi-tre-can-dam-nguyen-cho-thanh-xuan-ruc-sang",
  "alignment_path": null
}