{
  "id": "2403a515",
  "name": "xu-so-cua-nhung-nguoi-ngap",
  "text_path": null,
  "audio_path": null,
  "narrator": {
    "id": "7c204a1c",
    "name": "Bá Trung",
    "dialect": null,
    "gender": null,
    "age": null,
    "url": "https://sachnoiviet.net/giong-doc/ba-trung",
    "tone": null,
    "volume": null,
    "speed": null,
    "pitch": null
  },
  "duration": 4.4233,
  "author": "Azit Nexin",
  "text_url": "https://thuviensachpdf.com/xu-so-cua-nhung-nguoi-ngap",
  "audio_url": "https://sachnoiviet.net/sach-noi/xu-so-cua-nhung-nguoi-ngap",
  "alignment_path": null
}