{
  "id": "c50b75ea",
  "name": "xuyen-tham",
  "text_path": null,
  "audio_path": null,
  "narrator": {
    "id": "361c36c1",
    "name": "Trái Táo",
    "dialect": null,
    "gender": null,
    "age": null,
    "url": "https://sachnoiviet.net/giong-doc/trai-tao",
    "tone": null,
    "volume": null,
    "speed": null,
    "pitch": null
  },
  "duration": 7.1722,
  "author": "Phan Hồn Nhiên",
  "text_url": "https://thuviensachpdf.com/xuyen-tham",
  "audio_url": "https://sachnoiviet.net/sach-noi/xuyen-tham",
  "alignment_path": null
}