{
  "id": "4a5e2e8b",
  "name": "y-cao-tinh-đep",
  "text_path": null,
  "audio_path": null,
  "narrator": {
    "id": "12d46032",
    "name": "Hướng Dương",
    "dialect": null,
    "gender": null,
    "age": null,
    "url": "https://sachnoiviet.net/giong-doc/huong-duong",
    "tone": null,
    "volume": null,
    "speed": null,
    "pitch": null
  },
  "duration": 6.3056,
  "author": "Nguyễn Hiến Lê",
  "text_url": "https://thuviensachpdf.com/y-cao-tinh-dep",
  "audio_url": "https://sachnoiviet.net/sach-noi/y-cao-tinh-dep",
  "alignment_path": null
}