{
  "id": "33c253f5",
  "name": "y-thien-đo-long-ky",
  "text_path": null,
  "audio_path": null,
  "narrator": {
    "id": "31b150c0",
    "name": "VOV Giao Thông",
    "dialect": null,
    "gender": null,
    "age": null,
    "url": "https://sachnoiviet.net/giong-doc/vov-giao-thong",
    "tone": null,
    "volume": null,
    "speed": null,
    "pitch": null
  },
  "duration": 77.2669,
  "author": "Kim Dung",
  "text_url": "https://thuviensachpdf.com/y-thien-do-long-ky",
  "audio_url": "https://sachnoiviet.net/sach-noi/y-thien-do-long-ky",
  "alignment_path": null
}