{
  "id": "8c398f0c",
  "name": "y-va-tinh",
  "text_path": null,
  "audio_path": null,
  "narrator": {
    "id": "1db87f65",
    "name": "Kim Xuân",
    "dialect": null,
    "gender": null,
    "age": null,
    "url": "https://sachnoiviet.net/giong-doc/kim-xuan",
    "tone": null,
    "volume": null,
    "speed": null,
    "pitch": null
  },
  "duration": 4.3619,
  "author": "Hồ Biểu Chánh",
  "text_url": "https://thuviensachpdf.com/y-va-tinh",
  "audio_url": "https://sachnoiviet.net/sach-noi/y-va-tinh",
  "alignment_path": null
}