{
  "id": "e4aa996f",
  "name": "yeu-ban-than-la-khoi-đau-cua-mot-đoi-lang-man",
  "text_path": null,
  "audio_path": null,
  "narrator": {
    "id": "57b77489",
    "name": "Mộc",
    "dialect": null,
    "gender": null,
    "age": null,
    "url": "https://sachnoiviet.net/giong-doc/moc",
    "tone": null,
    "volume": null,
    "speed": null,
    "pitch": null
  },
  "duration": 7.0578,
  "author": "Tĩnh Thính Phong",
  "text_url": "https://thuviensachpdf.com/yeu-ban-than-la-khoi-dau-cua-mot-doi-lang-man",
  "audio_url": "https://sachnoiviet.net/sach-noi/yeu-ban-than-la-khoi-dau-cua-mot-doi-lang-man",
  "alignment_path": null
}