{
  "id": "d0f51b5e",
  "name": "yeu-muon",
  "text_path": null,
  "audio_path": null,
  "narrator": {
    "id": "2f03084a",
    "name": "Thanh Nguyệt",
    "dialect": null,
    "gender": null,
    "age": null,
    "url": "https://sachnoiviet.net/giong-doc/thanh-nguyet",
    "tone": null,
    "volume": null,
    "speed": null,
    "pitch": null
  },
  "duration": 15.6392,
  "author": "Pearl S. Buck",
  "text_url": "https://thuviensachpdf.com/yeu-muon",
  "audio_url": "https://sachnoiviet.net/sach-noi/yeu-muon",
  "alignment_path": null
}