{
  "id": "a9946fed",
  "name": "you-can--khong-gi-la-khong-the",
  "text_path": null,
  "audio_path": null,
  "narrator": {
    "id": "706e4c71",
    "name": "Hằng Lê",
    "dialect": null,
    "gender": null,
    "age": null,
    "url": "https://sachnoiviet.net/giong-doc/hang-le",
    "tone": null,
    "volume": null,
    "speed": null,
    "pitch": null
  },
  "duration": 3.9528,
  "author": "George Matthew Adams",
  "text_url": "https://thuviensachpdf.com/you-can-khong-gi-la-khong-the",
  "audio_url": "https://sachnoiviet.net/sach-noi/you-can-khong-gi-la-khong-the",
  "alignment_path": null
}