0.0	26.2	1	26.2
26.2	38.04	2	11.84
38.04	45.16	3	7.119999999999997
45.16	54.4	4	9.240000000000002
54.4	61.0	5	6.600000000000001
61.0	67.64	6	6.640000000000001
67.64	75.64	7	8.0
75.64	85.2	8	9.560000000000002
85.2	100.92	9	15.719999999999999
100.92	113.16	10	12.239999999999995
113.16	122.4	11	9.240000000000009
122.4	130.44	12	8.039999999999992
130.44	139.8	13	9.360000000000014
139.8	147.44	14	7.639999999999986
147.44	155.96	15	8.52000000000001
155.96	181.48	16	25.519999999999982
181.48	196.96	17	15.480000000000018
196.96	205.56	18	8.599999999999994
205.56	215.08	19	9.52000000000001
215.08	224.88	20	9.799999999999983
224.88	235.92	21	11.039999999999992
235.92	249.12	22	13.200000000000017
249.12	259.28	23	10.159999999999968
259.28	266.2	24	6.920000000000016
266.2	280.8	25	14.600000000000023
280.8	287.92	26	7.1200000000000045
287.92	300.64	27	12.71999999999997
300.64	307.6	28	6.960000000000036
307.6	317.8	29	10.199999999999989
317.8	325.36	30	7.560000000000002
325.36	332.4	31	7.039999999999964
332.4	354.72	32	22.32000000000005
354.72	361.76	33	7.039999999999964
361.76	371.68	34	9.920000000000016
371.68	377.64	35	5.9599999999999795
377.64	385.96	36	8.319999999999993
385.96	396.2	37	10.240000000000009
396.2	403.28	38	7.079999999999984
403.28	412.04	39	8.760000000000048
412.04	418.96	40	6.919999999999959
418.96	428.64	41	9.680000000000007
428.64	444.0	42	15.360000000000014
444.0	451.56	43	7.560000000000002
451.56	462.6	44	11.04000000000002
462.6	471.28	45	8.67999999999995
471.28	487.96	46	16.680000000000007
487.96	498.56	47	10.600000000000023
498.56	508.76	48	10.199999999999989
508.76	522.96	49	14.200000000000045
522.96	536.28	50	13.319999999999936
536.28	543.2	51	6.920000000000073
543.2	552.24	52	9.039999999999964
552.24	561.2	53	8.960000000000036
561.2	571.6	54	10.399999999999977
571.6	579.08	55	7.480000000000018
579.08	585.0	56	5.919999999999959
585.0	595.04	57	10.039999999999964
595.04	607.36	58	12.32000000000005
607.36	622.48	59	15.120000000000005
622.48	637.12	60	14.639999999999986
637.12	647.64	61	10.519999999999982
647.64	657.28	62	9.639999999999986
657.28	667.36	63	10.080000000000041
667.36	673.68	64	6.319999999999936
673.68	685.08	65	11.400000000000091
685.08	696.52	66	11.43999999999994
696.52	704.88	67	8.360000000000014
704.88	713.64	68	8.759999999999991
713.64	720.52	69	6.8799999999999955
720.52	742.36	70	21.840000000000032
742.36	752.96	71	10.600000000000023
752.96	765.44	72	12.480000000000018
765.44	780.2	73	14.759999999999991
780.2	789.4	74	9.199999999999932
789.4	798.28	75	8.879999999999995
798.28	814.4	76	16.120000000000005
814.4	824.16	77	9.759999999999991
824.16	832.44	78	8.280000000000086
832.44	841.28	79	8.839999999999918
841.28	851.44	80	10.160000000000082
851.44	869.24	81	17.799999999999955
869.24	879.28	82	10.039999999999964
879.28	885.28	83	6.0
885.28	891.48	84	6.2000000000000455
891.48	939.96	85	48.48000000000002
939.96	953.88	86	13.919999999999959
953.88	963.56	87	9.67999999999995
963.56	975.32	88	11.760000000000105
975.32	984.68	89	9.3599999999999
984.68	1001.8	90	17.120000000000005
1001.8	1013.4	91	11.600000000000023
1013.4	1019.72	92	6.32000000000005
1019.72	1031.88	93	12.160000000000082
1031.88	1046.68	94	14.799999999999955
1046.68	1056.4	95	9.720000000000027
1056.4	1069.28	96	12.879999999999882
1069.28	1085.6	97	16.319999999999936
1085.6	1097.32	98	11.720000000000027
1097.32	1106.8	99	9.480000000000018
1106.8	1114.28	100	7.480000000000018
1114.28	1123.92	101	9.6400000000001
1123.92	1136.16	102	12.240000000000009
1136.16	1146.4	103	10.240000000000009
1146.4	1160.84	104	14.439999999999827
1160.84	1173.88	105	13.040000000000191
1173.88	1181.4	106	7.519999999999982
1181.4	1196.72	107	15.319999999999936
1196.72	1208.72	108	12.0
1208.72	1225.92	109	17.200000000000045
1225.92	1235.84	110	9.919999999999845
1235.84	1244.68	111	8.840000000000146
1244.68	1256.28	112	11.599999999999909
1256.28	1274.28	113	18.0
1274.28	1289.96	114	15.680000000000064
1289.96	1297.36	115	7.399999999999864
1297.36	1305.64	116	8.2800000000002
1305.64	1313.68	117	8.039999999999964
1313.68	1325.36	118	11.679999999999836
1325.36	1331.92	119	6.560000000000173
1331.92	1342.72	120	10.799999999999955
1342.72	1352.48	121	9.759999999999991
1352.48	1358.96	122	6.480000000000018
1358.96	1366.72	123	7.759999999999991
1366.72	1373.44	124	6.720000000000027
1373.44	1380.28	125	6.839999999999918
1380.28	1390.56	126	10.279999999999973
1390.56	1399.48	127	8.920000000000073
1399.48	1410.0	128	10.519999999999982
1410.0	1423.0	129	13.0
1423.0	1431.8	130	8.799999999999955
1431.8	1438.84	131	7.039999999999964
1438.84	1445.6	132	6.759999999999991
1445.6	1452.8	133	7.2000000000000455
1452.8	1462.32	134	9.519999999999982
1462.32	1470.28	135	7.960000000000036
1470.28	1479.44	136	9.160000000000082
1479.44	1484.72	137	5.279999999999973
1484.72	1496.32	138	11.599999999999909
1496.32	1502.8	139	6.480000000000018
1502.8	1510.2	140	7.400000000000091
1510.2	1518.32	141	8.11999999999989
1518.32	1522.8	142	4.480000000000018
1522.8	1530.96	143	8.160000000000082
1530.96	1541.56	144	10.599999999999909
1541.56	1550.76	145	9.200000000000045
1550.76	1558.6	146	7.839999999999918
1558.6	1566.36	147	7.759999999999991
1566.36	1572.56	148	6.2000000000000455
1572.56	1581.04	149	8.480000000000018
1581.04	1593.08	150	12.039999999999964
1593.08	1599.84	151	6.759999999999991
1599.84	1604.44	152	4.600000000000136
1604.44	1610.2	153	5.759999999999991
1610.2	1633.0	154	22.799999999999955
1633.0	1640.88	155	7.880000000000109
1640.88	1652.48	156	11.599999999999909
1652.48	1672.68	157	20.200000000000045
1672.68	1694.0	158	21.319999999999936
1694.0	1698.32	159	4.319999999999936
1698.32	1718.0	160	19.680000000000064
1718.0	1723.72	161	5.720000000000027
1723.72	1739.04	162	15.319999999999936
1739.04	1751.2	163	12.160000000000082
1751.2	1771.04	164	19.839999999999918
1771.04	1794.44	165	23.40000000000009
1794.44	1801.56	166	7.119999999999891
1801.56	1817.96	167	16.40000000000009
1817.96	1825.16	168	7.2000000000000455
1825.16	1834.68	169	9.519999999999982
1834.68	1843.04	170	8.3599999999999
1843.04	1856.92	171	13.88000000000011
1856.92	1871.32	172	14.399999999999864
1871.32	1884.84	173	13.519999999999982
1884.84	1897.0	174	12.160000000000082
1897.0	1904.32	175	7.319999999999936
1904.32	1911.76	176	7.440000000000055
1911.76	1921.12	177	9.3599999999999
1921.12	1933.92	178	12.800000000000182
1933.92	1941.84	179	7.919999999999845
1941.84	1958.72	180	16.88000000000011
1958.72	1964.52	181	5.7999999999999545
1964.52	1979.92	182	15.400000000000091
1979.92	1991.72	183	11.799999999999955
1991.72	1997.84	184	6.119999999999891
1997.84	2007.92	185	10.080000000000155
2007.92	2019.4	186	11.480000000000018
2019.4	2026.0	187	6.599999999999909
2026.0	2034.12	188	8.11999999999989
2034.12	2048.16	189	14.039999999999964
2048.16	2059.08	190	10.920000000000073
2059.08	2072.92	191	13.840000000000146
2072.92	2078.88	192	5.960000000000036
2078.88	2088.64	193	9.759999999999764
2088.64	2102.68	194	14.039999999999964
2102.68	2110.28	195	7.600000000000364
2110.28	2122.0	196	11.7199999999998
2122.0	2127.32	197	5.320000000000164
2127.32	2132.76	198	5.440000000000055
2132.76	2139.84	199	7.079999999999927
2139.84	2151.28	200	11.440000000000055
2151.28	2231.76	201	80.48000000000002
2231.76	2243.52	202	11.759999999999764
2243.52	2254.76	203	11.240000000000236
2254.76	2271.4	204	16.639999999999873
2271.4	2279.92	205	8.519999999999982
2279.92	2294.12	206	14.199999999999818
2294.12	2301.88	207	7.760000000000218
2301.88	2316.8	208	14.920000000000073
2316.8	2335.68	209	18.879999999999654
2335.68	2341.16	210	5.480000000000018
2341.16	2348.16	211	7.0
2348.16	2355.08	212	6.920000000000073
2355.08	2372.12	213	17.039999999999964
2372.12	2381.56	214	9.440000000000055
2381.56	2387.04	215	5.480000000000018
2387.04	2402.04	216	15.0
2402.04	2414.84	217	12.800000000000182
2414.84	2421.68	218	6.839999999999691
2421.68	2433.24	219	11.559999999999945
2433.24	2448.24	220	15.0
2448.24	2456.64	221	8.400000000000091
2456.64	2469.24	222	12.599999999999909
2469.24	2477.4	223	8.16000000000031
2477.4	2482.24	224	4.839999999999691
2482.24	2492.04	225	9.800000000000182
2492.04	2499.2	226	7.1599999999998545
2499.2	2517.28	227	18.080000000000382
2517.28	2526.56	228	9.279999999999745
2526.56	2530.64	229	4.079999999999927
2530.64	2540.48	230	9.840000000000146
2540.48	2554.56	231	14.079999999999927
2554.56	2567.32	232	12.760000000000218
2567.32	2577.36	233	10.039999999999964
2577.36	2591.8	234	14.440000000000055
2591.8	2613.52	235	21.7199999999998
2613.52	2625.08	236	11.559999999999945
2625.08	2630.88	237	5.800000000000182
2630.88	2637.52	238	6.639999999999873
2637.52	2644.36	239	6.8400000000001455
2644.36	2654.56	240	10.199999999999818
2654.56	2661.04	241	6.480000000000018
2661.04	2681.04	242	20.0
2681.04	2688.44	243	7.400000000000091
2688.44	2698.68	244	10.239999999999782
2698.68	2707.48	245	8.800000000000182
2707.48	2716.24	246	8.759999999999764
2716.24	2721.44	247	5.200000000000273
2721.44	2738.32	248	16.88000000000011
2738.32	2746.16	249	7.839999999999691
2746.16	2757.52	250	11.360000000000127
2757.52	2781.36	251	23.840000000000146
2781.36	2790.48	252	9.11999999999989
2790.48	2797.32	253	6.8400000000001455
2797.32	2802.44	254	5.119999999999891
2802.44	2810.4	255	7.960000000000036
2810.4	2824.2	256	13.799999999999727
2824.2	2845.96	257	21.76000000000022
2845.96	2856.68	258	10.7199999999998
2856.68	2872.16	259	15.480000000000018
2872.16	2879.16	260	7.0
2879.16	2891.84	261	12.680000000000291
2891.84	2900.88	262	9.039999999999964
2900.88	2926.44	263	25.559999999999945
2926.44	2932.88	264	6.440000000000055
2932.88	2945.88	265	13.0
2945.88	2950.96	266	5.079999999999927
2950.96	2964.28	267	13.320000000000164
2964.28	2971.24	268	6.959999999999582
2971.24	2982.04	269	10.800000000000182
2982.04	2992.0	270	9.960000000000036
2992.0	2998.48	271	6.480000000000018
2998.48	3005.72	272	7.239999999999782
3005.72	3020.72	273	15.0
3020.72	3027.76	274	7.040000000000418
3027.76	3047.08	275	19.31999999999971
3047.08	3059.0	276	11.920000000000073
3059.0	3072.32	277	13.320000000000164
3072.32	3083.0	278	10.679999999999836
3083.0	3090.68	279	7.679999999999836
3090.68	3096.96	280	6.2800000000002
3096.96	3106.04	281	9.079999999999927
3106.04	3117.6	282	11.559999999999945
3117.6	3132.4	283	14.800000000000182
3132.4	3144.36	284	11.960000000000036
3144.36	3158.84	285	14.480000000000018
3158.84	3171.0	286	12.159999999999854
3171.0	3181.52	287	10.519999999999982
3181.52	3192.2	288	10.679999999999836
3192.2	3199.36	289	7.160000000000309
3199.36	3213.68	290	14.319999999999709
3213.68	3228.04	291	14.360000000000127
3228.04	3242.16	292	14.11999999999989
3242.16	3248.84	293	6.680000000000291
3248.84	3254.8	294	5.960000000000036
3254.8	3262.36	295	7.559999999999945
3262.36	3270.84	296	8.480000000000018
3270.84	3283.32	297	12.480000000000018
3283.32	3290.96	298	7.639999999999873
3290.96	3298.2	299	7.239999999999782
3298.2	3306.56	300	8.360000000000127
3306.56	3321.16	301	14.599999999999909
3321.16	3330.68	302	9.519999999999982
3330.68	3344.4	303	13.720000000000255
3344.4	3355.68	304	11.279999999999745
3355.68	3363.28	305	7.600000000000364
3363.28	3373.0	306	9.7199999999998
3373.0	3395.64	307	22.639999999999873
3395.64	3405.52	308	9.88000000000011
3405.52	3413.16	309	7.639999999999873
3413.16	3434.68	310	21.519999999999982
3434.68	3445.4	311	10.720000000000255
3445.4	3453.56	312	8.159999999999854
3453.56	3474.4	313	20.840000000000146
3474.4	3483.2	314	8.799999999999727
3483.2	3498.04	315	14.840000000000146
3498.04	3506.76	316	8.720000000000255
3506.76	3526.92	317	20.159999999999854
3526.92	3546.04	318	19.11999999999989
3546.04	3556.08	319	10.039999999999964
3556.08	3578.0	320	21.920000000000073
3578.0	3595.16	321	17.159999999999854
3595.16	3606.92	322	11.760000000000218
3606.92	3612.2	323	5.279999999999745
3612.2	3642.36	324	30.16000000000031
3642.36	3650.4	325	8.039999999999964
3650.4	3661.44	326	11.039999999999964
3661.44	3685.88	327	24.440000000000055
3685.88	3699.8	328	13.920000000000073
3699.8	3707.96	329	8.159999999999854
3707.96	3714.6	330	6.639999999999873
3714.6	3727.84	331	13.240000000000236
3727.84	3740.36	332	12.519999999999982
3740.36	3746.56	333	6.199999999999818
3746.56	3760.0	334	13.440000000000055
3760.0	3768.08	335	8.079999999999927
3768.08	3776.28	336	8.200000000000273
3776.28	3786.24	337	9.959999999999582
3786.24	3796.72	338	10.480000000000018
3796.72	3802.08	339	5.360000000000127
3802.08	3816.12	340	14.039999999999964
3816.12	3826.68	341	10.559999999999945
3826.68	3839.24	342	12.559999999999945
3839.24	3851.08	343	11.840000000000146
3851.08	3871.12	344	20.039999999999964
3871.12	3882.52	345	11.400000000000091
3882.52	3891.76	346	9.240000000000236
3891.76	3897.32	347	5.559999999999945
3897.32	3903.4	348	6.079999999999927
3903.4	3910.8	349	7.400000000000091
3910.8	3919.24	350	8.4399999999996
3919.24	3956.8	351	37.5600000000004
3956.8	3967.08	352	10.279999999999745
3967.08	3978.6	353	11.519999999999982
3978.6	3987.96	354	9.360000000000127
3987.96	3994.96	355	7.0
3994.96	4009.48	356	14.519999999999982
4009.48	4015.92	357	6.440000000000055
4015.92	4022.44	358	6.519999999999982
4022.44	4032.44	359	10.0
4032.44	4045.04	360	12.599999999999909
4045.04	4054.32	361	9.2800000000002
4054.32	4068.96	362	14.639999999999873
4068.96	4077.56	363	8.599999999999909
4077.56	4092.8	364	15.240000000000236
4092.8	4102.32	365	9.519999999999527
4102.32	4108.12	366	5.800000000000182
4108.12	4116.12	367	8.0
4116.12	4126.92	368	10.800000000000182
4126.92	4135.8	369	8.88000000000011
4135.8	4144.08	370	8.279999999999745
4144.08	4152.36	371	8.279999999999745
4152.36	4161.52	372	9.160000000000764
4161.52	4171.16	373	9.639999999999418
4171.16	4189.2	374	18.039999999999964
4189.2	4197.28	375	8.079999999999927
4197.28	4202.64	376	5.360000000000582
4202.64	4209.4	377	6.759999999999309
4209.4	4213.72	378	4.3200000000006185
4213.72	4216.8	379	3.0799999999999272
4216.8	4227.88	380	11.079999999999927
4227.88	4236.76	381	8.88000000000011
4236.76	4245.04	382	8.279999999999745
4245.04	4251.16	383	6.119999999999891
4251.16	4258.48	384	7.319999999999709
4258.48	4267.2	385	8.720000000000255
4267.2	4276.16	386	8.960000000000036
4276.16	4281.04	387	4.880000000000109
4281.04	4293.24	388	12.199999999999818
4293.24	4310.08	389	16.840000000000146
4310.08	4323.56	390	13.480000000000473
4323.56	4339.36	391	15.799999999999272
4339.36	4351.4	392	12.039999999999964
4351.4	4361.28	393	9.88000000000011
4361.28	4370.8	394	9.520000000000437
4370.8	4382.88	395	12.079999999999927
4382.88	4390.2	396	7.319999999999709
4390.2	4398.92	397	8.720000000000255
4398.92	4411.12	398	12.199999999999818
4411.12	4434.04	399	22.920000000000073
4434.04	4451.52	400	17.480000000000473
4451.52	4463.36	401	11.839999999999236
4463.36	4478.4	402	15.039999999999964
4478.4	4488.64	403	10.240000000000691
4488.64	4500.92	404	12.279999999999745
4500.92	4511.12	405	10.199999999999818
4511.12	4518.04	406	6.920000000000073
4518.04	4525.68	407	7.640000000000327
4525.68	4531.72	408	6.039999999999964
4531.72	4536.96	409	5.239999999999782
4536.96	4548.16	410	11.199999999999818
4548.16	4551.84	411	3.680000000000291
4551.84	4560.2	412	8.359999999999673
4560.2	4571.28	413	11.079999999999927
4571.28	4581.6	414	10.320000000000618
4581.6	4587.36	415	5.759999999999309
4587.36	4597.36	416	10.0
4597.36	4612.92	417	15.5600000000004
4612.92	4633.2	418	20.279999999999745
4633.2	4645.12	419	11.920000000000073
4645.12	4658.36	420	13.239999999999782
4658.36	4671.28	421	12.920000000000073
4671.28	4687.64	422	16.360000000000582
4687.64	4700.12	423	12.479999999999563
4700.12	4710.92	424	10.800000000000182
4710.92	4721.56	425	10.640000000000327
4721.56	4731.96	426	10.399999999999636
4731.96	4740.2	427	8.239999999999782
4740.2	4749.84	428	9.640000000000327
4749.84	4758.24	429	8.399999999999636
4758.24	4767.12	430	8.88000000000011
4767.12	4781.68	431	14.5600000000004
4781.68	4789.52	432	7.8400000000001455
4789.52	4795.64	433	6.119999999999891
4795.64	4801.0	434	5.359999999999673
4801.0	4806.44	435	5.4399999999996
4806.44	4817.88	436	11.44000000000051
4817.88	4831.28	437	13.399999999999636
4831.28	4842.08	438	10.800000000000182
4842.08	4848.88	439	6.800000000000182
4848.88	4856.44	440	7.559999999999491
4856.44	4872.96	441	16.520000000000437
4872.96	4880.16	442	7.199999999999818
4880.16	4889.04	443	8.88000000000011
4889.04	4895.88	444	6.8400000000001455
4895.88	4901.8	445	5.920000000000073
4901.8	4909.8	446	8.0
4909.8	4918.04	447	8.239999999999782
4918.04	4925.96	448	7.920000000000073
4925.96	4938.4	449	12.4399999999996
4938.4	4946.72	450	8.320000000000618
4946.72	4957.08	451	10.359999999999673
4957.08	4963.56	452	6.480000000000473
4963.56	4977.2	453	13.639999999999418
4977.2	4981.08	454	3.880000000000109
4981.08	4986.76	455	5.680000000000291
4986.76	5003.08	456	16.31999999999971
5003.08	5011.2	457	8.11999999999989
5011.2	5022.8	458	11.600000000000364
5022.8	5034.2	459	11.399999999999636
5034.2	5047.76	460	13.5600000000004
5047.76	5052.08	461	4.319999999999709
5052.08	5059.52	462	7.440000000000509
5059.52	5071.44	463	11.919999999999163
5071.44	5080.44	464	9.0
5080.44	5091.2	465	10.760000000000218
5091.2	5099.72	466	8.520000000000437
5099.72	5107.52	467	7.800000000000182
5107.52	5126.32	468	18.799999999999272
5126.32	5135.32	469	9.0
5135.32	5154.52	470	19.200000000000728
5154.52	5166.32	471	11.799999999999272
5166.32	5176.6	472	10.280000000000655
5176.6	5186.52	473	9.920000000000073
5186.52	5195.96	474	9.4399999999996
5195.96	5203.6	475	7.640000000000327
5203.6	5219.2	476	15.599999999999454
5219.2	5229.04	477	9.840000000000146
5229.04	5237.56	478	8.520000000000437
5237.56	5245.52	479	7.960000000000036
5245.52	5257.8	480	12.279999999999745
5257.8	5267.52	481	9.720000000000255
5267.52	5276.56	482	9.039999999999964
5276.56	5285.68	483	9.11999999999989
5285.68	5292.68	484	7.0
5292.68	5306.88	485	14.199999999999818
5306.88	5320.28	486	13.399999999999636
5320.28	5330.92	487	10.640000000000327
5330.92	5339.08	488	8.159999999999854
5339.08	5349.0	489	9.920000000000073
5349.0	5360.68	490	11.680000000000291
5360.68	5375.84	491	15.159999999999854
5375.84	5391.24	492	15.399999999999636
5391.24	5409.96	493	18.720000000000255
5409.96	5434.96	494	25.0
5434.96	5443.44	495	8.479999999999563
5443.44	5456.52	496	13.080000000000837
5456.52	5462.08	497	5.559999999999491
5462.08	5471.08	498	9.0
5471.08	5478.92	499	7.8400000000001455
5478.92	5484.96	500	6.039999999999964
5484.96	5494.24	501	9.279999999999745
5494.24	5504.52	502	10.280000000000655
5504.52	5516.48	503	11.959999999999127
5516.48	5526.44	504	9.960000000000036
5526.44	5556.4	505	29.960000000000036
5556.4	5586.6	506	30.200000000000728
5586.6	5602.56	507	15.960000000000036
5602.56	5609.44	508	6.8799999999992
5609.44	5623.76	509	14.320000000000618
5623.76	5633.2	510	9.4399999999996
5633.2	5657.56	511	24.360000000000582
5657.56	5667.0	512	9.4399999999996
5667.0	5680.96	513	13.960000000000036
5680.96	5688.76	514	7.800000000000182
5688.76	5697.44	515	8.679999999999382
5697.44	5706.16	516	8.720000000000255
5706.16	5713.6	517	7.440000000000509
5713.6	5749.04	518	35.4399999999996
5749.04	5759.24	519	10.199999999999818
5759.24	5771.36	520	12.11999999999989
5771.36	5781.64	521	10.280000000000655
5781.64	5785.96	522	4.319999999999709
5785.96	5799.92	523	13.960000000000036
5799.92	5818.4	524	18.479999999999563
5818.4	5825.28	525	6.880000000000109
5825.28	5841.52	526	16.24000000000069
5841.52	5854.4	527	12.8799999999992
5854.4	5860.84	528	6.440000000000509
5860.84	5869.72	529	8.88000000000011
5869.72	5879.24	530	9.519999999999527
5879.24	5885.56	531	6.3200000000006185
5885.56	5892.4	532	6.839999999999236
5892.4	5900.52	533	8.1200000000008
5900.52	5916.56	534	16.039999999999964
5916.56	5924.44	535	7.8799999999992
5924.44	5930.96	536	6.520000000000437
5930.96	5939.92	537	8.960000000000036
5939.92	5952.52	538	12.600000000000364
5952.52	5961.16	539	8.639999999999418
5961.16	5968.96	540	7.800000000000182
5968.96	5992.16	541	23.199999999999818
5992.16	5998.28	542	6.119999999999891
5998.28	6007.28	543	9.0
6007.28	6019.4	544	12.11999999999989
6019.4	6028.6	545	9.200000000000728
6028.6	6035.52	546	6.920000000000073
6035.52	6046.68	547	11.159999999999854
6046.68	6050.36	548	3.6799999999993815
6050.36	6057.56	549	7.200000000000728
6057.56	6063.2	550	5.639999999999418
6063.2	6068.72	551	5.520000000000437
6068.72	6078.08	552	9.359999999999673
6078.08	6092.16	553	14.079999999999927
6092.16	6097.72	554	5.5600000000004
6097.72	6143.92	555	46.19999999999982
6143.92	6152.48	556	8.55999999999949
6152.48	6162.8	557	10.320000000000618
6162.8	6169.96	558	7.1599999999998545
6169.96	6178.12	559	8.159999999999854
6178.12	6184.36	560	6.239999999999782
6184.36	6193.76	561	9.400000000000546
6193.76	6202.36	562	8.599999999999454
6202.36	6209.28	563	6.920000000000073
6209.28	6252.28	564	43.0
6252.28	6262.84	565	10.5600000000004
6262.84	6269.08	566	6.239999999999782
6269.08	6276.16	567	7.079999999999927
6276.16	6286.56	568	10.400000000000546
6286.56	6290.76	569	4.199999999999818
6290.76	6306.96	570	16.199999999999818
6306.96	6325.52	571	18.5600000000004
6325.52	6334.88	572	9.359999999999673
6334.88	6342.2	573	7.319999999999709
6342.2	6349.44	574	7.239999999999782
6349.44	6359.2	575	9.760000000000218
6359.2	6370.72	576	11.520000000000437
6370.72	6378.0	577	7.279999999999745
6378.0	6397.68	578	19.68000000000029
6397.68	6411.96	579	14.279999999999745
6411.96	6420.96	580	9.0
6420.96	6428.56	581	7.600000000000364
6428.56	6439.36	582	10.799999999999272
6439.36	6443.52	583	4.160000000000764
6443.52	6450.16	584	6.639999999999418
6450.16	6460.64	585	10.480000000000473
6460.64	6471.24	586	10.599999999999454
6471.24	6476.0	587	4.760000000000218
6476.0	6491.44	588	15.4399999999996
6491.44	6503.68	589	12.240000000000691
6503.68	6524.72	590	21.039999999999964
6524.72	6540.36	591	15.639999999999418
6540.36	6565.0	592	24.640000000000327
6565.0	6575.6	593	10.600000000000364
6575.6	6580.92	594	5.319999999999709
6580.92	6588.12	595	7.199999999999818
6588.12	6595.92	596	7.800000000000182
6595.92	6602.4	597	6.479999999999563
6602.4	6611.16	598	8.760000000000218
6611.16	6617.08	599	5.920000000000073
6617.08	6626.44	600	9.359999999999673
6626.44	6637.76	601	11.320000000000618
6637.76	6642.12	602	4.359999999999673
6642.12	6649.48	603	7.359999999999673
6649.48	6658.04	604	8.5600000000004
6658.04	6668.8	605	10.760000000000218
6668.8	6678.92	606	10.11999999999989
6678.92	6689.24	607	10.319999999999709
6689.24	6701.36	608	12.11999999999989
6701.36	6707.6	609	6.240000000000691
6707.6	6716.8	610	9.199999999999818
6716.8	6725.12	611	8.319999999999709
6725.12	6746.68	612	21.5600000000004
6746.68	6763.44	613	16.75999999999931
6763.44	6769.32	614	5.880000000000109
6769.32	6789.08	615	19.76000000000022
6789.08	6796.76	616	7.680000000000291
6796.76	6805.88	617	9.11999999999989
6805.88	6819.88	618	14.0
6819.88	6826.68	619	6.800000000000182
6826.68	6833.68	620	7.0
6833.68	6841.52	621	7.8400000000001455
6841.52	6853.0	622	11.479999999999563
6853.0	6866.88	623	13.88000000000011
6866.88	6872.56	624	5.680000000000291
6872.56	6879.6	625	7.039999999999964
6879.6	6886.88	626	7.279999999999745
6886.88	6894.64	627	7.760000000000218
6894.64	6907.8	628	13.159999999999854
6907.8	6931.56	629	23.76000000000022
6931.56	6940.52	630	8.960000000000036
6940.52	6949.96	631	9.4399999999996
6949.96	6984.4	632	34.4399999999996
6984.4	6999.56	633	15.160000000000764
6999.56	7008.28	634	8.719999999999345
7008.28	7014.08	635	5.800000000000182
7014.08	7029.2	636	15.11999999999989
7029.2	7038.88	637	9.680000000000291
7038.88	7050.12	638	11.239999999999782
7050.12	7079.84	639	29.720000000000255
7079.84	7087.96	640	8.11999999999989
7087.96	7096.52	641	8.5600000000004
7096.52	7107.4	642	10.8799999999992
7107.4	7138.48	643	31.079999999999927
7138.48	7150.76	644	12.280000000000655
7150.76	7177.04	645	26.279999999999745
7177.04	7182.0	646	4.960000000000036
7182.0	7188.44	647	6.4399999999996
7188.44	7194.8	648	6.360000000000582
7194.8	7206.56	649	11.760000000000218
7206.56	7215.2	650	8.639999999999418
7215.2	7220.28	651	5.079999999999927
7220.28	7225.6	652	5.3200000000006185
7225.6	7232.56	653	6.960000000000036
7232.56	7242.12	654	9.55999999999949
7242.12	7247.92	655	5.800000000000182
7247.92	7255.2	656	7.279999999999745
7255.2	7262.4	657	7.199999999999818
7262.4	7269.32	658	6.920000000000073
7269.32	7276.64	659	7.3200000000006185
7276.64	7284.88	660	8.239999999999782
7284.88	7290.76	661	5.880000000000109
7290.76	7298.6	662	7.8400000000001455
7298.6	7305.72	663	7.119999999999891
7305.72	7317.8	664	12.079999999999927
7317.8	7327.24	665	9.4399999999996
7327.24	7334.36	666	7.119999999999891
7334.36	7341.88	667	7.520000000000437
7341.88	7352.56	668	10.680000000000291
7352.56	7358.64	669	6.079999999999927
7358.64	7363.56	670	4.920000000000073
7363.56	7367.48	671	3.9199999999991633
7367.48	7372.68	672	5.200000000000728
7372.68	7384.48	673	11.799999999999272
7384.48	7392.2	674	7.720000000000255
7392.2	7410.64	675	18.44000000000051
7410.64	7418.68	676	8.039999999999964
7418.68	7428.16	677	9.479999999999563
7428.16	7432.44	678	4.279999999999745
7432.44	7436.12	679	3.680000000000291
7436.12	7441.4	680	5.279999999999745
7441.4	7453.4	681	12.0
7453.4	7473.68	682	20.280000000000655
7473.68	7481.64	683	7.960000000000036
7481.64	7491.96	684	10.319999999999709
7491.96	7499.36	685	7.399999999999636
7499.36	7506.96	686	7.600000000000364
7506.96	7513.6	687	6.640000000000327
7513.6	7519.56	688	5.960000000000036
7519.56	7528.2	689	8.639999999999418
7528.2	7540.88	690	12.680000000000291
7540.88	7547.44	691	6.559999999999491
7547.44	7558.76	692	11.320000000000618
7558.76	7573.0	693	14.239999999999782
7573.0	7580.24	694	7.239999999999782
7580.24	7592.24	695	12.0
7592.24	7601.8	696	9.5600000000004
7601.8	7610.6	697	8.800000000000182
7610.6	7622.88	698	12.279999999999745
7622.88	7630.52	699	7.640000000000327
7630.52	7637.64	700	7.119999999999891
7637.64	7642.24	701	4.599999999999454
7642.24	7651.2	702	8.960000000000036
7651.2	7662.36	703	11.159999999999854
7662.36	7677.96	704	15.600000000000364
7677.96	7684.8	705	6.8400000000001455
7684.8	7692.44	706	7.639999999999418
7692.44	7702.04	707	9.600000000000364
7702.04	7710.8	708	8.760000000000218
7710.8	7721.04	709	10.239999999999782
7721.04	7736.28	710	15.239999999999782
7736.28	7749.56	711	13.280000000000655
7749.56	7760.4	712	10.839999999999236
7760.4	7768.08	713	7.680000000000291
7768.08	7774.8	714	6.720000000000255
7774.8	7783.72	715	8.920000000000073
7783.72	7790.28	716	6.559999999999491
7790.28	7799.68	717	9.400000000000546
7799.68	7813.72	718	14.039999999999964
7813.72	7823.08	719	9.359999999999673
7823.08	7831.36	720	8.279999999999745
7831.36	7837.72	721	6.360000000000582
7837.72	7844.2	722	6.479999999999563
7844.2	7850.04	723	5.8400000000001455
7850.04	7854.68	724	4.640000000000327
7854.68	7860.0	725	5.319999999999709
7860.0	7864.84	726	4.8400000000001455
7864.84	7869.52	727	4.680000000000291
7869.52	7875.84	728	6.319999999999709
7875.84	7881.2	729	5.359999999999673
7881.2	7885.6	730	4.400000000000546
7885.6	7890.48	731	4.8799999999992
7890.48	7897.6	732	7.1200000000008
7897.6	7904.64	733	7.039999999999964
7904.64	7909.44	734	4.799999999999272
7909.44	7921.0	735	11.5600000000004
7921.0	7927.56	736	6.5600000000004
7927.56	7937.44	737	9.8799999999992
7937.44	7946.2	738	8.760000000000218
7946.2	7958.68	739	12.480000000000473
7958.68	7968.48	740	9.799999999999272
7968.48	7974.64	741	6.160000000000764
7974.64	7985.44	742	10.799999999999272
7985.44	7997.48	743	12.039999999999964
7997.48	8004.68	744	7.200000000000728
8004.68	8012.32	745	7.639999999999418
8012.32	8023.8	746	11.480000000000473
8023.8	8035.96	747	12.159999999999854
8035.96	8045.88	748	9.920000000000073
8045.88	8061.56	749	15.680000000000291
8061.56	8074.08	750	12.519999999999527
8074.08	8080.76	751	6.680000000000291
8080.76	8087.92	752	7.1599999999998545
8087.92	8092.32	753	4.399999999999636
8092.32	8104.84	754	12.520000000000437
8104.84	8114.76	755	9.920000000000073
8114.76	8122.72	756	7.960000000000036
8122.72	8135.84	757	13.11999999999989
8135.84	8148.96	758	13.11999999999989
8148.96	8156.8	759	7.8400000000001455
8156.8	8163.6	760	6.800000000000182
8163.6	8169.72	761	6.119999999999891
8169.72	8186.44	762	16.719999999999345
8186.44	8196.52	763	10.080000000000837
8196.52	8207.56	764	11.039999999999054
8207.56	8219.16	765	11.600000000000364
8219.16	8227.12	766	7.960000000000946
8227.12	8231.84	767	4.719999999999345
8231.84	8238.32	768	6.479999999999563
8238.32	8253.36	769	15.040000000000873
8253.36	8257.32	770	3.959999999999127
8257.32	8272.96	771	15.639999999999418
8272.96	8288.6	772	15.640000000001237
8288.6	8297.88	773	9.279999999998836
8297.88	8308.4	774	10.520000000000437
8308.4	8317.4	775	9.0
8317.4	8325.84	776	8.44000000000051
8325.84	8331.92	777	6.079999999999927
8331.92	8339.4	778	7.479999999999563
8339.4	8347.96	779	8.55999999999949
8347.96	8355.84	780	7.880000000001019
8355.84	8372.8	781	16.959999999999127
8372.8	8378.12	782	5.320000000001528
8378.12	8390.0	783	11.8799999999992
8390.0	8406.12	784	16.1200000000008
8406.12	8413.32	785	7.199999999998909
8413.32	8418.92	786	5.600000000000364
8418.92	8426.4	787	7.479999999999563
8426.4	8435.68	788	9.280000000000655
8435.68	8441.72	789	6.039999999999054
8441.72	8447.76	790	6.040000000000873
8447.76	8452.68	791	4.920000000000073
8452.68	8460.28	792	7.600000000000364
8460.28	8466.0	793	5.719999999999345
8466.0	8471.44	794	5.440000000000509
8471.44	8480.36	795	8.920000000000073
8480.36	8488.44	796	8.079999999999927
8488.44	8494.4	797	5.959999999999127
8494.4	8503.32	798	8.920000000000073
8503.32	8522.4	799	19.079999999999927
8522.4	8531.52	800	9.1200000000008
8531.52	8536.76	801	5.239999999999782
8536.76	8545.96	802	9.199999999998909
8545.96	8553.64	803	7.680000000000291
8553.64	8567.76	804	14.1200000000008
8567.76	8575.36	805	7.600000000000364
8575.36	8581.84	806	6.479999999999563
8581.84	8587.4	807	5.559999999999491
8587.4	8593.32	808	5.920000000000073
8593.32	8607.88	809	14.55999999999949
8607.88	8621.84	810	13.960000000000946
8621.84	8632.04	811	10.200000000000728
8632.04	8640.64	812	8.599999999998545
8640.64	8647.44	813	6.800000000001091
8647.44	8653.8	814	6.359999999998763
8653.8	8663.4	815	9.600000000000364
8663.4	8672.6	816	9.200000000000728
8672.6	8680.92	817	8.319999999999709
8680.92	8695.48	818	14.55999999999949
8695.48	8702.48	819	7.0
8702.48	8710.6	820	8.1200000000008
8710.6	8720.48	821	9.8799999999992
8720.48	8737.24	822	16.76000000000022
8737.24	8742.28	823	5.040000000000873
8742.28	8747.92	824	5.639999999999418
8747.92	8754.28	825	6.360000000000582
8754.28	8759.36	826	5.079999999999927
8759.36	8771.56	827	12.199999999998909
8771.56	8778.76	828	7.200000000000728
8778.76	8785.6	829	6.8400000000001455
8785.6	8793.32	830	7.719999999999345
8793.32	8804.6	831	11.280000000000655
8804.6	8810.28	832	5.680000000000291
8810.28	8815.64	833	5.359999999998763
8815.64	8826.96	834	11.319999999999709
8826.96	8839.56	835	12.600000000000364
8839.56	8854.8	836	15.239999999999782
8854.8	8864.72	837	9.920000000000073
8864.72	8877.4	838	12.680000000000291
8877.4	8883.32	839	5.920000000000073
8883.32	8893.56	840	10.239999999999782
8893.56	8902.64	841	9.079999999999927
8902.64	8907.44	842	4.800000000001091
8907.44	8928.72	843	21.279999999998836
8928.72	8953.56	844	24.840000000000146
8953.56	8963.44	845	9.880000000001019
8963.44	8975.0	846	11.55999999999949
8975.0	8998.68	847	23.68000000000029
8998.68	9002.6	848	3.9200000000000728
9002.6	9012.28	849	9.680000000000291
9012.28	9029.36	850	17.079999999999927
9029.36	9042.44	851	13.079999999999927
9042.44	9053.8	852	11.359999999998763
9053.8	9062.16	853	8.360000000000582
9062.16	9066.32	854	4.1599999999998545
9066.32	9070.92	855	4.600000000000364
9070.92	9078.12	856	7.200000000000728
9078.12	9084.88	857	6.759999999998399
9084.88	9091.64	858	6.760000000000218
9091.64	9098.24	859	6.600000000000364
9098.24	9109.28	860	11.040000000000873
9109.28	9116.6	861	7.319999999999709
9116.6	9121.52	862	4.920000000000073
9121.52	9130.32	863	8.799999999999272
9130.32	9140.04	864	9.720000000001164
9140.04	9145.56	865	5.519999999998618
9145.56	9152.84	866	7.280000000000655
9152.84	9163.92	867	11.079999999999927
9163.92	9171.28	868	7.360000000000582
9171.28	9179.6	869	8.319999999999709
9179.6	9188.76	870	9.159999999999854
9188.76	9263.68	871	74.92000000000007
9263.68	9272.36	872	8.680000000000291
9272.36	9297.04	873	24.68000000000029
9297.04	9302.96	874	5.919999999998254
9302.96	9315.16	875	12.200000000000728
9315.16	9328.0	876	12.840000000000146
9328.0	9341.12	877	13.1200000000008
9341.12	9348.68	878	7.559999999999491
9348.68	9363.72	879	15.039999999999054
9363.72	9373.88	880	10.159999999999854
9373.88	9387.72	881	13.840000000000146
9387.72	9404.76	882	17.040000000000873
9404.76	9413.92	883	9.159999999999854
9413.92	9420.44	884	6.520000000000437
9420.44	9425.68	885	5.239999999999782
9425.68	9438.76	886	13.079999999999927
9438.76	9450.8	887	12.039999999999054
9450.8	9457.08	888	6.280000000000655
9457.08	9463.76	889	6.680000000000291
9463.76	9471.6	890	7.8400000000001455
9471.6	9476.72	891	5.119999999998981
9476.72	9482.8	892	6.079999999999927
9482.8	9491.12	893	8.320000000001528
9491.12	9497.64	894	6.519999999998618
9497.64	9505.2	895	7.56000000000131
9505.2	9511.0	896	5.799999999999272
9511.0	9517.44	897	6.440000000000509
9517.44	9522.24	898	4.799999999999272
9522.24	9531.32	899	9.079999999999927
9531.32	9538.16	900	6.8400000000001455
9538.16	9543.6	901	5.440000000000509
9543.6	9557.04	902	13.44000000000051
9557.04	9565.2	903	8.159999999999854
9565.2	9580.72	904	15.519999999998618
9580.72	9585.76	905	5.040000000000873
9585.76	9595.0	906	9.239999999999782
9595.0	9599.88	907	4.8799999999992
9599.88	9609.88	908	10.0
9609.88	9615.64	909	5.760000000000218
9615.64	9623.4	910	7.760000000000218
9623.4	9629.88	911	6.479999999999563
9629.88	9637.72	912	7.8400000000001455
9637.72	9643.84	913	6.1200000000008
9643.84	9651.52	914	7.680000000000291
9651.52	9655.32	915	3.7999999999992724
9655.32	9660.84	916	5.520000000000437
9660.84	9668.16	917	7.319999999999709
9668.16	9683.8	918	15.639999999999418
9683.8	9690.68	919	6.880000000001019
9690.68	9698.44	920	7.760000000000218
9698.44	9706.72	921	8.279999999998836
9706.72	9726.28	922	19.56000000000131
9726.28	9735.56	923	9.279999999998836
9735.56	9742.92	924	7.360000000000582
9742.92	9749.4	925	6.479999999999563
9749.4	9755.72	926	6.319999999999709
9755.72	9763.8	927	8.079999999999927
9763.8	9772.84	928	9.040000000000873
9772.84	9780.72	929	7.8799999999992
9780.72	9786.4	930	5.680000000000291
9786.4	9800.04	931	13.640000000001237
9800.04	9809.76	932	9.719999999999345
9809.76	9814.24	933	4.479999999999563
9814.24	9820.84	934	6.600000000000364
9820.84	9827.04	935	6.200000000000728
9827.04	9837.96	936	10.919999999998254
9837.96	9846.48	937	8.520000000000437
9846.48	9854.04	938	7.56000000000131
9854.04	9876.24	939	22.19999999999891
9876.24	9888.48	940	12.239999999999782
9888.48	9894.08	941	5.600000000000364
9894.08	9907.32	942	13.239999999999782
9907.32	9917.44	943	10.1200000000008
9917.44	9923.24	944	5.799999999999272
9923.24	9946.72	945	23.479999999999563
9946.72	9954.76	946	8.040000000000873
9954.76	9967.84	947	13.079999999999927
9967.84	9976.72	948	8.8799999999992
9976.72	9982.44	949	5.720000000001164
9982.44	9987.64	950	5.199999999998909
9987.64	9997.96	951	10.319999999999709
9997.96	10014.08	952	16.1200000000008
10014.08	10025.76	953	11.680000000000291
10025.76	10032.36	954	6.600000000000364
10032.36	10046.92	955	14.55999999999949
10046.92	10065.0	956	18.079999999999927
10065.0	10072.68	957	7.680000000000291
10072.68	10087.2	958	14.520000000000437
10087.2	10094.12	959	6.920000000000073
10094.12	10101.88	960	7.759999999998399
10101.88	10110.76	961	8.880000000001019
10110.76	10116.4	962	5.639999999999418
10116.4	10152.44	963	36.04000000000087
10152.44	10160.32	964	7.8799999999992
10160.32	10170.88	965	10.55999999999949
10170.88	10179.36	966	8.480000000001382
10179.36	10184.4	967	5.039999999999054
10184.4	10191.2	968	6.800000000001091
10191.2	10196.52	969	5.319999999999709
10196.52	10203.8	970	7.279999999998836
10203.8	10211.12	971	7.320000000001528
10211.12	10225.12	972	14.0
10225.12	10231.68	973	6.559999999999491
10231.68	10238.44	974	6.760000000000218
10238.44	10250.32	975	11.8799999999992
10250.32	10260.36	976	10.040000000000873
10260.36	10268.72	977	8.359999999998763
10268.72	10272.96	978	4.239999999999782
10272.96	10281.56	979	8.600000000000364
10281.56	10288.16	980	6.600000000000364
10288.16	10302.6	981	14.44000000000051
10302.6	10309.8	982	7.199999999998909
10309.8	10315.84	983	6.040000000000873
10315.84	10325.56	984	9.719999999999345
10325.56	10333.48	985	7.920000000000073
10333.48	10341.08	986	7.600000000000364
10341.08	10349.76	987	8.680000000000291
10349.76	10356.44	988	6.680000000000291
10356.44	10365.16	989	8.719999999999345
10365.16	10379.04	990	13.880000000001019
10379.04	10388.28	991	9.239999999999782
10388.28	10393.68	992	5.399999999999636
10393.68	10404.04	993	10.360000000000582
10404.04	10414.6	994	10.55999999999949
10414.6	10422.04	995	7.440000000000509
10422.04	10424.44	996	2.399999999999636
10424.44	10435.72	997	11.279999999998836
10435.72	10442.16	998	6.440000000000509
10442.16	10450.12	999	7.960000000000946
10450.12	10457.48	1000	7.359999999998763
10457.48	10465.72	1001	8.239999999999782
10465.72	10471.88	1002	6.1599999999998545
10471.88	10480.4	1003	8.520000000000437
10480.4	10485.72	1004	5.319999999999709
10485.72	10492.96	1005	7.239999999999782
10492.96	10499.72	1006	6.760000000000218
10499.72	10506.72	1007	7.0
10506.72	10515.16	1008	8.44000000000051
10515.16	10523.84	1009	8.680000000000291
10523.84	10534.48	1010	10.639999999999418
10534.48	10543.6	1011	9.1200000000008
10543.6	10561.6	1012	18.0
10561.6	10566.36	1013	4.760000000000218
10566.36	10570.36	1014	4.0
10570.36	10579.16	1015	8.799999999999272
10579.16	10588.84	1016	9.680000000000291
10588.84	10599.84	1017	11.0
10599.84	10606.44	1018	6.600000000000364
10606.44	10618.48	1019	12.039999999999054
10618.48	10625.52	1020	7.040000000000873
10625.52	10632.8	1021	7.279999999998836
10632.8	10641.12	1022	8.320000000001528
10641.12	10647.28	1023	6.1599999999998545
10647.28	10654.48	1024	7.199999999998909
10654.48	10662.32	1025	7.8400000000001455
10662.32	10676.92	1026	14.600000000000364
10676.92	10686.12	1027	9.200000000000728
10686.12	10693.92	1028	7.799999999999272
10693.92	10699.32	1029	5.399999999999636
10699.32	10708.76	1030	9.44000000000051
10708.76	10738.92	1031	30.159999999999854
10738.92	10745.4	1032	6.479999999999563
10745.4	10790.24	1033	44.840000000000146
10790.24	10796.96	1034	6.719999999999345
10796.96	10804.68	1035	7.720000000001164
10804.68	10810.72	1036	6.039999999999054
10810.72	10818.36	1037	7.640000000001237
10818.36	10831.36	1038	13.0
10831.36	10840.12	1039	8.760000000000218
10840.12	10851.92	1040	11.799999999999272
10851.92	10861.88	1041	9.959999999999127
10861.88	10871.36	1042	9.480000000001382
10871.36	10878.08	1043	6.719999999999345
10878.08	10884.52	1044	6.440000000000509
10884.52	10895.96	1045	11.43999999999869
10895.96	10909.84	1046	13.880000000001019
10909.84	10916.52	1047	6.680000000000291
10916.52	10923.8	1048	7.279999999998836
10923.8	10930.52	1049	6.720000000001164
10930.52	10940.52	1050	10.0
10940.52	10950.6	1051	10.079999999999927
10950.6	10960.8	1052	10.199999999998909
10960.8	10970.32	1053	9.520000000000437
10970.32	10981.92	1054	11.600000000000364
10981.92	10998.24	1055	16.31999999999971
10998.24	11005.8	1056	7.559999999999491
11005.8	11014.8	1057	9.0
11014.8	11018.44	1058	3.640000000001237
11018.44	11026.24	1059	7.799999999999272
11026.24	11033.04	1060	6.800000000001091
11033.04	11038.8	1061	5.759999999998399
11038.8	11053.56	1062	14.760000000000218
11053.56	11058.92	1063	5.360000000000582
11058.92	11067.96	1064	9.039999999999054
11067.96	11075.04	1065	7.080000000001746
11075.04	11083.36	1066	8.319999999999709
11083.36	11092.24	1067	8.8799999999992
11092.24	11107.68	1068	15.44000000000051
11107.68	11113.88	1069	6.199999999998909
11113.88	11145.68	1070	31.80000000000109
11145.68	11153.64	1071	7.959999999999127
11153.64	11164.6	1072	10.960000000000946
11164.6	11175.6	1073	11.0
11175.6	11191.8	1074	16.19999999999891
11191.8	11200.08	1075	8.280000000000655
11200.08	11215.44	1076	15.360000000000582
11215.44	11232.12	1077	16.68000000000029
11232.12	11252.36	1078	20.23999999999978
11252.36	11266.64	1079	14.279999999998836
11266.64	11271.44	1080	4.800000000001091
11271.44	11278.08	1081	6.639999999999418
11278.08	11286.4	1082	8.319999999999709
11286.4	11290.44	1083	4.040000000000873
11290.44	11298.36	1084	7.920000000000073
11298.36	11338.76	1085	40.399999999999636
11338.76	11348.44	1086	9.680000000000291
11348.44	11363.16	1087	14.719999999999345
11363.16	11367.12	1088	3.960000000000946
11367.12	11376.0	1089	8.8799999999992
11376.0	11382.56	1090	6.559999999999491
11382.56	11390.8	1091	8.239999999999782
11390.8	11402.32	1092	11.520000000000437
11402.32	11414.64	1093	12.319999999999709
11414.64	11422.72	1094	8.079999999999927
11422.72	11432.44	1095	9.720000000001164
11432.44	11451.64	1096	19.19999999999891
11451.64	11459.88	1097	8.239999999999782
11459.88	11467.28	1098	7.400000000001455
11467.28	11475.2	1099	7.920000000000073
11475.2	11498.28	1100	23.079999999999927
11498.28	11505.12	1101	6.8400000000001455
11505.12	11508.56	1102	3.4399999999986903
11508.56	11515.28	1103	6.720000000001164
11515.28	11519.88	1104	4.599999999998545
11519.88	11526.6	1105	6.720000000001164
11526.6	11531.96	1106	5.359999999998763
11531.96	11543.44	1107	11.480000000001382
11543.44	11551.04	1108	7.600000000000364
11551.04	11557.92	1109	6.8799999999992
11557.92	11564.92	1110	7.0
11564.92	11576.84	1111	11.920000000000073
11576.84	11585.2	1112	8.360000000000582
11585.2	11595.8	1113	10.599999999998545
11595.8	11603.24	1114	7.440000000000509
11603.24	11609.44	1115	6.200000000000728
11609.44	11625.24	1116	15.799999999999272
11625.24	11633.88	1117	8.639999999999418
11633.88	11642.68	1118	8.800000000001091
11642.68	11649.0	1119	6.319999999999709
11649.0	11658.88	1120	9.8799999999992
11658.88	11672.04	1121	13.160000000001673
11672.04	11681.76	1122	9.719999999999345
11681.76	11693.36	1123	11.600000000000364
11693.36	11707.0	1124	13.639999999999418
11707.0	11720.48	1125	13.479999999999563
11720.48	11727.48	1126	7.0
11727.48	11738.0	1127	10.520000000000437
11738.0	11746.12	1128	8.1200000000008
11746.12	11753.44	1129	7.319999999999709
11753.44	11764.36	1130	10.920000000000073
11764.36	11772.32	1131	7.959999999999127
11772.32	11780.4	1132	8.079999999999927
11780.4	11793.0	1133	12.600000000000364
11793.0	11859.72	1134	66.71999999999935
11859.72	11876.32	1135	16.600000000000364
11876.32	11881.8	1136	5.479999999999563
11881.8	11889.04	1137	7.240000000001601
11889.04	11896.68	1138	7.639999999999418
11896.68	11902.92	1139	6.239999999999782
11902.92	11907.24	1140	4.319999999999709
11907.24	11913.84	1141	6.600000000000364
11913.84	11926.8	1142	12.959999999999127
11926.8	11933.12	1143	6.320000000001528
11933.12	11940.16	1144	7.039999999999054
11940.16	11944.44	1145	4.280000000000655
11944.44	11950.84	1146	6.399999999999636
11950.84	11962.36	1147	11.520000000000437
11962.36	11977.96	1148	15.599999999998545
11977.96	11999.96	1149	22.0
11999.96	12009.84	1150	9.880000000001019
12009.84	12017.2	1151	7.360000000000582
12017.2	12027.44	1152	10.239999999999782
12027.44	12036.16	1153	8.719999999999345
12036.16	12045.68	1154	9.520000000000437
12045.68	12057.88	1155	12.199999999998909
12057.88	12065.8	1156	7.920000000000073
12065.8	12071.64	1157	5.8400000000001455
12071.64	12081.32	1158	9.680000000000291
12081.32	12090.96	1159	9.639999999999418
12090.96	12101.16	1160	10.200000000000728
12101.16	12106.8	1161	5.639999999999418
12106.8	12118.88	1162	12.079999999999927
12118.88	12127.2	1163	8.320000000001528
12127.2	12138.56	1164	11.359999999998763
12138.56	12149.8	1165	11.239999999999782
12149.8	12156.24	1166	6.440000000000509
12156.24	12160.4	1167	4.1599999999998545
12160.4	12167.84	1168	7.440000000000509
12167.84	12177.4	1169	9.55999999999949
12177.4	12188.16	1170	10.760000000000218
12188.16	12201.04	1171	12.880000000001019
12201.04	12213.56	1172	12.519999999998618
12213.56	12225.04	1173	11.480000000001382
12225.04	12228.36	1174	3.319999999999709
12228.36	12234.52	1175	6.1599999999998545
12234.52	12248.92	1176	14.399999999999636
12248.92	12254.84	1177	5.920000000000073
12254.84	12263.84	1178	9.0
12263.84	12269.32	1179	5.479999999999563
12269.32	12277.52	1180	8.200000000000728
12277.52	12288.04	1181	10.520000000000437
12288.04	12302.4	1182	14.359999999998763
12302.4	12319.0	1183	16.600000000000364
12319.0	12324.28	1184	5.280000000000655
12324.28	12334.8	1185	10.519999999998618
12334.8	12353.56	1186	18.76000000000022
12353.56	12361.88	1187	8.319999999999709
12361.88	12370.92	1188	9.040000000000873
12370.92	12381.76	1189	10.840000000000146
12381.76	12388.2	1190	6.440000000000509
12388.2	12397.2	1191	9.0
12397.2	12406.6	1192	9.399999999999636
12406.6	12417.4	1193	10.799999999999272
12417.4	12423.8	1194	6.399999999999636
12423.8	12431.92	1195	8.1200000000008
12431.92	12439.72	1196	7.799999999999272
12439.72	12450.6	1197	10.880000000001019
12450.6	12462.08	1198	11.479999999999563
12462.08	12473.68	1199	11.600000000000364
12473.68	12482.72	1200	9.039999999999054
12482.72	12491.28	1201	8.56000000000131
12491.28	12499.64	1202	8.359999999998763
12499.64	12510.32	1203	10.680000000000291
12510.32	12525.88	1204	15.55999999999949
12525.88	12537.24	1205	11.360000000000582
12537.24	12551.0	1206	13.760000000000218
12551.0	12559.2	1207	8.200000000000728
12559.2	12568.2	1208	9.0
12568.2	12578.16	1209	9.959999999999127
12578.16	12586.36	1210	8.200000000000728
12586.36	12594.84	1211	8.479999999999563
12594.84	12603.0	1212	8.159999999999854
12603.0	12616.8	1213	13.799999999999272
12616.8	12626.64	1214	9.840000000000146
12626.64	12635.2	1215	8.56000000000131
12635.2	12652.72	1216	17.519999999998618
12652.72	12657.6	1217	4.880000000001019
12657.6	12666.68	1218	9.079999999999927
12666.68	12671.24	1219	4.559999999999491
12671.24	12683.0	1220	11.760000000000218
12683.0	12693.36	1221	10.360000000000582
12693.36	12700.88	1222	7.519999999998618
12700.88	12723.92	1223	23.040000000000873
12723.92	12731.0	1224	7.079999999999927
12731.0	12735.36	1225	4.360000000000582
12735.36	12740.56	1226	5.199999999998909
12740.56	12747.28	1227	6.720000000001164
12747.28	12754.4	1228	7.119999999998981
12754.4	12764.88	1229	10.479999999999563
12764.88	12772.48	1230	7.600000000000364
12772.48	12787.36	1231	14.880000000001019
12787.36	12793.84	1232	6.479999999999563
12793.84	12803.08	1233	9.239999999999782
12803.08	12808.44	1234	5.360000000000582
12808.44	12817.0	1235	8.55999999999949
12817.0	12824.56	1236	7.559999999999491
12824.56	12828.12	1237	3.5600000000013097
12828.12	12840.76	1238	12.639999999999418
12840.76	12853.72	1239	12.959999999999127
12853.72	12865.04	1240	11.320000000001528
12865.04	12949.32	1241	84.27999999999884
12949.32	12961.28	1242	11.960000000000946
12961.28	12972.56	1243	11.279999999998836
12972.56	12984.76	1244	12.200000000000728
12984.76	13004.76	1245	20.0
13004.76	13011.76	1246	7.0
13011.76	13025.64	1247	13.8799999999992
13025.64	13038.44	1248	12.800000000001091
13038.44	13048.08	1249	9.639999999999418
13048.08	13056.36	1250	8.280000000000655
13056.36	13064.4	1251	8.039999999999054
13064.4	13070.16	1252	5.760000000000218
13070.16	13077.52	1253	7.360000000000582
13077.52	13092.56	1254	15.039999999999054
13092.56	13101.52	1255	8.960000000000946
13101.52	13109.44	1256	7.920000000000073
13109.44	13116.4	1257	6.959999999999127
13116.4	13141.4	1258	25.0
13141.4	13146.52	1259	5.1200000000008
13146.52	13165.76	1260	19.23999999999978
13165.76	13170.08	1261	4.319999999999709
13170.08	13201.32	1262	31.23999999999978
13201.32	13213.48	1263	12.159999999999854
13213.48	13224.2	1264	10.720000000001164
13224.2	13246.12	1265	21.920000000000073
13246.12	13261.44	1266	15.319999999999709
13261.44	13277.04	1267	15.600000000000364
13277.04	13285.24	1268	8.199999999998909
13285.24	13293.88	1269	8.639999999999418
13293.88	13310.16	1270	16.280000000000655
13310.16	13319.56	1271	9.399999999999636
13319.56	13327.16	1272	7.600000000000364
13327.16	13332.68	1273	5.520000000000437
13332.68	13355.6	1274	22.920000000000073
13355.6	13368.12	1275	12.520000000000437
13368.12	13374.04	1276	5.920000000000073
13374.04	13379.16	1277	5.119999999998981
13379.16	13385.56	1278	6.399999999999636
13385.56	13394.32	1279	8.760000000000218
13394.32	13400.72	1280	6.399999999999636
13400.72	13409.36	1281	8.640000000001237
13409.36	13416.76	1282	7.399999999999636
13416.76	13421.64	1283	4.8799999999992
13421.64	13428.04	1284	6.400000000001455
13428.04	13436.36	1285	8.319999999999709
13436.36	13444.56	1286	8.199999999998909
13444.56	13452.88	1287	8.319999999999709
13452.88	13459.88	1288	7.0
13459.88	13465.12	1289	5.240000000001601
13465.12	13472.92	1290	7.799999999999272
13472.92	13483.8	1291	10.8799999999992
13483.8	13493.24	1292	9.44000000000051
13493.24	13498.0	1293	4.760000000000218
13498.0	13507.04	1294	9.040000000000873
13507.04	13513.36	1295	6.319999999999709
13513.36	13521.88	1296	8.519999999998618
13521.88	13532.08	1297	10.200000000000728
13532.08	13542.2	1298	10.1200000000008
13542.2	13550.4	1299	8.199999999998909
13550.4	13555.6	1300	5.200000000000728
13555.6	13564.44	1301	8.840000000000146
13564.44	13574.6	1302	10.159999999999854
13574.6	13585.36	1303	10.760000000000218
13585.36	13593.8	1304	8.43999999999869
13593.8	13604.72	1305	10.920000000000073
13604.72	13623.44	1306	18.720000000001164
13623.44	13638.68	1307	15.239999999999782
13638.68	13646.32	1308	7.639999999999418
13646.32	13653.52	1309	7.200000000000728
13653.52	13662.36	1310	8.840000000000146
13662.36	13670.76	1311	8.399999999999636
13670.76	13678.12	1312	7.360000000000582
13678.12	13686.4	1313	8.279999999998836
13686.4	13694.36	1314	7.960000000000946
13694.36	13699.08	1315	4.719999999999345
13699.08	13706.24	1316	7.1599999999998545
13706.24	13710.36	1317	4.1200000000008
13710.36	13715.28	1318	4.920000000000073
13715.28	13723.24	1319	7.959999999999127
13723.24	13731.52	1320	8.280000000000655
13731.52	13750.76	1321	19.23999999999978
13750.76	13763.44	1322	12.680000000000291
13763.44	13768.64	1323	5.199999999998909
13768.64	13773.84	1324	5.200000000000728
13773.84	13779.04	1325	5.200000000000728
13779.04	13787.88	1326	8.839999999998327
13787.88	13792.28	1327	4.400000000001455
13792.28	13800.52	1328	8.239999999999782
13800.52	13810.56	1329	10.039999999999054
13810.56	13820.16	1330	9.600000000000364
13820.16	13824.08	1331	3.9200000000000728
13824.08	13831.2	1332	7.1200000000008
13831.2	13838.2	1333	7.0
13838.2	13843.32	1334	5.119999999998981
13843.32	13850.6	1335	7.280000000000655
13850.6	13857.32	1336	6.719999999999345
13857.32	13863.2	1337	5.880000000001019
13863.2	13869.68	1338	6.479999999999563
13869.68	13878.0	1339	8.319999999999709
13878.0	13889.16	1340	11.159999999999854
13889.16	13899.68	1341	10.520000000000437
13899.68	13907.56	1342	7.8799999999992
13907.56	13914.92	1343	7.360000000000582
13914.92	13922.6	1344	7.680000000000291
13922.6	13927.8	1345	5.199999999998909
13927.8	13936.84	1346	9.040000000000873
13936.84	13944.68	1347	7.8400000000001455
13944.68	13950.28	1348	5.600000000000364
13950.28	13960.64	1349	10.359999999998763
13960.64	13974.52	1350	13.880000000001019
13974.52	13983.6	1351	9.079999999999927
13983.6	14000.84	1352	17.23999999999978
14000.84	14008.28	1353	7.440000000000509
14008.28	14013.96	1354	5.679999999998472
14013.96	14022.08	1355	8.1200000000008
14022.08	14029.32	1356	7.239999999999782
14029.32	14035.24	1357	5.920000000000073
14035.24	14043.48	1358	8.239999999999782
14043.48	14050.0	1359	6.520000000000437
14050.0	14054.52	1360	4.520000000000437
14054.52	14059.8	1361	5.279999999998836
14059.8	14065.68	1362	5.880000000001019
14065.68	14072.16	1363	6.479999999999563
14072.16	14080.48	1364	8.319999999999709
14080.48	14089.12	1365	8.640000000001237
14089.12	14098.24	1366	9.119999999998981
14098.24	14113.0	1367	14.760000000000218
14113.0	14121.12	1368	8.1200000000008
14121.12	14144.76	1369	23.639999999999418
14144.76	14159.12	1370	14.360000000000582
14159.12	14177.52	1371	18.399999999999636
14177.52	14185.92	1372	8.399999999999636
14185.92	14203.76	1373	17.840000000000146
14203.76	14212.2	1374	8.44000000000051
14212.2	14217.6	1375	5.399999999999636
14217.6	14224.12	1376	6.520000000000437
14224.12	14241.08	1377	16.959999999999127
14241.08	14255.64	1378	14.55999999999949
14255.64	14267.8	1379	12.159999999999854
14267.8	14275.12	1380	7.320000000001528
14275.12	14283.04	1381	7.920000000000073
14283.04	14289.68	1382	6.639999999999418
14289.68	14298.96	1383	9.279999999998836
14298.96	14318.04	1384	19.080000000001746
14318.04	14323.24	1385	5.199999999998909
14323.24	14330.48	1386	7.239999999999782
14330.48	14342.92	1387	12.44000000000051
14342.92	14351.48	1388	8.55999999999949
14351.48	14363.84	1389	12.360000000000582
14363.84	14378.24	1390	14.399999999999636
14378.24	14384.16	1391	5.920000000000073
14384.16	14392.6	1392	8.44000000000051
14392.6	14405.44	1393	12.840000000000146
14405.44	14416.84	1394	11.399999999999636
14416.84	14426.96	1395	10.119999999998981
14426.96	14435.88	1396	8.920000000000073
14435.88	14449.6	1397	13.720000000001164
14449.6	14458.88	1398	9.279999999998836
14458.88	14464.32	1399	5.440000000000509
14464.32	14470.32	1400	6.0
14470.32	14476.76	1401	6.440000000000509
14476.76	14482.4	1402	5.639999999999418
14482.4	14489.96	1403	7.559999999999491
14489.96	14499.04	1404	9.080000000001746
14499.04	14510.6	1405	11.55999999999949
14510.6	14526.12	1406	15.520000000000437
14526.12	14535.48	1407	9.359999999998763
14535.48	14541.2	1408	5.720000000001164
14541.2	14551.64	1409	10.43999999999869
14551.64	14563.8	1410	12.159999999999854
14563.8	14570.32	1411	6.520000000000437
14570.32	14574.64	1412	4.319999999999709
14574.64	14582.76	1413	8.1200000000008
14582.76	14598.04	1414	15.280000000000655
14598.04	14608.08	1415	10.039999999999054
14608.08	14616.32	1416	8.239999999999782
14616.32	14623.8	1417	7.479999999999563
14623.8	14629.52	1418	5.720000000001164
14629.52	14638.08	1419	8.55999999999949
14638.08	14646.0	1420	7.920000000000073
14646.0	14661.88	1421	15.8799999999992
14661.88	14670.12	1422	8.2400000000016
14670.12	14678.28	1423	8.159999999999854
14678.28	14690.64	1424	12.359999999998763
14690.64	14701.92	1425	11.280000000000655
14701.92	14713.48	1426	11.55999999999949
14713.48	14725.76	1427	12.280000000000655
14725.76	14733.6	1428	7.8400000000001455
14733.6	14740.68	1429	7.079999999999927
14740.68	14745.16	1430	4.479999999999563
14745.16	14751.68	1431	6.520000000000437
14751.68	14758.96	1432	7.279999999998836
14758.96	14769.44	1433	10.480000000001382
14769.44	14782.96	1434	13.519999999998618
14782.96	14795.88	1435	12.920000000000073
14795.88	14805.56	1436	9.680000000000291
14805.56	14815.92	1437	10.360000000000582
14815.92	14825.6	1438	9.680000000000291
14825.6	14835.72	1439	10.119999999998981
14835.72	14847.16	1440	11.44000000000051
14847.16	14856.96	1441	9.799999999999272
14856.96	14864.04	1442	7.080000000001746
14864.04	14895.24	1443	31.19999999999891
14895.24	14905.6	1444	10.360000000000582
14905.6	14917.76	1445	12.159999999999854
14917.76	14929.12	1446	11.360000000000582
14929.12	14942.16	1447	13.039999999999054
14942.16	14950.4	1448	8.239999999999782
14950.4	14964.32	1449	13.920000000000073
14964.32	14985.6	1450	21.280000000000655
14985.6	14991.52	1451	5.920000000000073
14991.52	15002.32	1452	10.799999999999272
15002.32	15009.2	1453	6.880000000001019
15009.2	15018.48	1454	9.279999999998836
15018.48	15024.56	1455	6.079999999999927
15024.56	15032.8	1456	8.239999999999782
15032.8	15038.72	1457	5.920000000000073
15038.72	15048.48	1458	9.760000000000218
15048.48	15054.68	1459	6.200000000000728
15054.68	15062.48	1460	7.799999999999272
15062.48	15071.72	1461	9.239999999999782
15071.72	15079.52	1462	7.800000000001091
15079.52	15086.4	1463	6.8799999999992
15086.4	15106.88	1464	20.479999999999563
15106.88	15121.88	1465	15.0
15121.88	15128.76	1466	6.880000000001019
15128.76	15153.72	1467	24.959999999999127
15153.72	15166.76	1468	13.040000000000873
15166.76	15175.28	1469	8.520000000000437
15175.28	15181.0	1470	5.719999999999345
15181.0	15189.72	1471	8.719999999999345
15189.72	15215.64	1472	25.920000000000073
15215.64	15230.08	1473	14.44000000000051
15230.08	15236.6	1474	6.520000000000437
15236.6	15247.64	1475	11.039999999999054
15247.64	15260.48	1476	12.840000000000146
15260.48	15271.16	1477	10.680000000000291
15271.16	15279.44	1478	8.280000000000655
15279.44	15288.32	1479	8.8799999999992
15288.32	15300.2	1480	11.880000000001019
15300.2	15309.04	1481	8.840000000000146
15309.04	15319.8	1482	10.7599999999984
15319.8	15329.24	1483	9.44000000000051
15329.24	15344.2	1484	14.960000000000946
15344.2	15352.52	1485	8.319999999999709
15352.52	15365.0	1486	12.479999999999563
15365.0	15373.08	1487	8.079999999999927
15373.08	15390.16	1488	17.079999999999927
15390.16	15402.08	1489	11.920000000000073
15402.08	15409.96	1490	7.8799999999992
15409.96	15421.96	1491	12.0
15421.96	15431.24	1492	9.280000000000655
15431.24	15438.32	1493	7.079999999999927
15438.32	15460.36	1494	22.040000000000873
15460.36	15464.6	1495	4.239999999999782
15464.6	15473.68	1496	9.079999999999927
15473.68	15482.76	1497	9.079999999999927
15482.76	15493.8	1498	11.039999999999054
15493.8	15503.92	1499	10.1200000000008
15503.92	15511.0	1500	7.079999999999927
15511.0	15517.48	1501	6.479999999999563
15517.48	15526.04	1502	8.56000000000131
15526.04	15531.76	1503	5.719999999999345
15531.76	15543.72	1504	11.959999999999127
15543.72	15554.0	1505	10.280000000000655
15554.0	15560.88	1506	6.8799999999992
15560.88	15568.76	1507	7.880000000001019
15568.76	15577.4	1508	8.639999999999418
15577.4	15585.08	1509	7.680000000000291
15585.08	15590.28	1510	5.200000000000728
15590.28	15595.16	1511	4.8799999999992
15595.16	15605.12	1512	9.960000000000946
15605.12	15610.76	1513	5.639999999999418
15610.76	15617.68	1514	6.920000000000073
15617.68	15623.32	1515	5.639999999999418
15623.32	15630.12	1516	6.800000000001091
15630.12	15641.52	1517	11.399999999999636
15641.52	15648.88	1518	7.359999999998763
15648.88	15655.12	1519	6.240000000001601
15655.12	15669.44	1520	14.319999999999709
15669.44	15678.24	1521	8.799999999999272
15678.24	15688.36	1522	10.1200000000008
15688.36	15695.52	1523	7.1599999999998545
15695.52	15705.32	1524	9.799999999999272
15705.32	15712.72	1525	7.399999999999636
15712.72	15723.84	1526	11.1200000000008
15723.84	15749.32	1527	25.479999999999563
15749.32	15769.32	1528	20.0
15769.32	15787.64	1529	18.31999999999971
15787.64	15808.56	1530	20.920000000000073
15808.56	15829.0	1531	20.44000000000051
15829.0	15845.32	1532	16.31999999999971
15845.32	15851.64	1533	6.319999999999709
15851.64	15898.16	1534	46.52000000000044
15898.16	15909.84	1535	11.680000000000291
15909.84	15916.84	1536	7.0
15916.84	15924.48	1537	7.639999999999418
15924.48	15931.68	1538	7.200000000000728
15931.68	15943.28	1539	11.600000000000364
15943.28	15949.0	1540	5.719999999999345
15949.0	15958.04	1541	9.040000000000873
15958.04	15968.32	1542	10.279999999998836
15968.32	15982.24	1543	13.920000000000073
15982.24	15990.44	1544	8.200000000000728
15990.44	16002.0	1545	11.55999999999949
16002.0	16011.84	1546	9.840000000000146
16011.84	16016.12	1547	4.280000000000655
16016.12	16025.6	1548	9.479999999999563
16025.6	16034.12	1549	8.520000000000437
16034.12	16042.12	1550	8.0
16042.12	16053.08	1551	10.959999999999127
16053.08	16058.68	1552	5.600000000000364
16058.68	16075.32	1553	16.639999999999418
16075.32	16089.2	1554	13.880000000001019
16089.2	16099.36	1555	10.159999999999854
16099.36	16113.2	1556	13.840000000000146
16113.2	16119.72	1557	6.519999999998618
16119.72	16139.96	1558	20.23999999999978
16139.96	16145.4	1559	5.440000000000509
16145.4	16152.52	1560	7.1200000000008
16152.52	16161.04	1561	8.520000000000437
16161.04	16170.16	1562	9.119999999998981
16170.16	16181.32	1563	11.159999999999854
16181.32	16197.88	1564	16.55999999999949
16197.88	16204.96	1565	7.079999999999927
16204.96	16209.6	1566	4.640000000001237
16209.6	16216.72	1567	7.119999999998981
16216.72	16223.4	1568	6.680000000000291
16223.4	16236.6	1569	13.200000000000728
16236.6	16247.44	1570	10.840000000000146
16247.44	16255.68	1571	8.239999999999782
16255.68	16263.04	1572	7.360000000000582
16263.04	16270.16	1573	7.119999999998981
16270.16	16274.76	1574	4.600000000000364
16274.76	16279.48	1575	4.719999999999345
16279.48	16285.08	1576	5.600000000000364
16285.08	16291.84	1577	6.760000000000218
16291.84	16301.8	1578	9.959999999999127
16301.8	16309.68	1579	7.880000000001019
16309.68	16324.44	1580	14.760000000000218
16324.44	16329.84	1581	5.399999999999636
16329.84	16338.8	1582	8.959999999999127
16338.8	16344.4	1583	5.600000000000364
16344.4	16354.08	1584	9.680000000000291
16354.08	16362.24	1585	8.159999999999854
16362.24	16368.76	1586	6.520000000000437
16368.76	16375.08	1587	6.319999999999709
16375.08	16380.56	1588	5.479999999999563
16380.56	16384.88	1589	4.320000000001528
16384.88	16388.48	1590	3.599999999998545
16388.48	16393.8	1591	5.319999999999709
16393.8	16402.68	1592	8.880000000001019
16402.68	16411.88	1593	9.200000000000728
16411.88	16422.28	1594	10.399999999997817
16422.28	16432.56	1595	10.280000000002474
16432.56	16442.84	1596	10.279999999998836
16442.84	16455.0	1597	12.159999999999854
16455.0	16468.64	1598	13.639999999999418
16468.64	16475.72	1599	7.080000000001746
16475.72	16485.56	1600	9.840000000000146
16485.56	16494.44	1601	8.87999999999738
16494.44	16499.68	1602	5.240000000001601
16499.68	16504.36	1603	4.680000000000291
16504.36	16516.12	1604	11.7599999999984
16516.12	16541.6	1605	25.479999999999563
16541.6	16554.64	1606	13.040000000000873
16554.64	16564.76	1607	10.119999999998981
16564.76	16569.44	1608	4.680000000000291
16569.44	16579.96	1609	10.520000000000437
16579.96	16589.84	1610	9.880000000001019
16589.84	16602.76	1611	12.919999999998254
16602.76	16612.0	1612	9.2400000000016
16612.0	16617.2	1613	5.200000000000728
16617.2	16626.12	1614	8.919999999998254
16626.12	16632.16	1615	6.040000000000873
16632.16	16638.44	1616	6.279999999998836
16638.44	16646.6	1617	8.159999999999854
16646.6	16652.32	1618	5.720000000001164
16652.32	16659.2	1619	6.880000000001019
16659.2	16680.44	1620	21.239999999997963
16680.44	16698.4	1621	17.960000000002765
16698.4	16705.68	1622	7.279999999998836
16705.68	16714.36	1623	8.680000000000291
16714.36	16720.08	1624	5.720000000001164
16720.08	16729.52	1625	9.43999999999869
16729.52	16734.92	1626	5.399999999997817
16734.92	16748.4	1627	13.480000000003201
16748.4	16753.76	1628	5.359999999996944
16753.76	16762.0	1629	8.2400000000016
16762.0	16770.04	1630	8.040000000000873
16770.04	16777.12	1631	7.079999999998108
16777.12	16790.16	1632	13.040000000000873
16790.16	16797.28	1633	7.119999999998981
16797.28	16803.52	1634	6.240000000001601
16803.52	16830.52	1635	27.0
16830.52	16840.44	1636	9.919999999998254
16840.44	16848.04	1637	7.600000000002183
16848.04	16853.92	1638	5.879999999997381
16853.92	16858.44	1639	4.520000000000437
16858.44	16865.88	1640	7.440000000002328
16865.88	16874.68	1641	8.799999999999272
16874.68	16883.08	1642	8.400000000001455
16883.08	16889.72	1643	6.639999999999418
16889.72	16896.4	1644	6.680000000000291
16896.4	16904.96	1645	8.559999999997672
16904.96	16910.52	1646	5.56000000000131
16910.52	16919.76	1647	9.239999999997963
16919.76	16932.24	1648	12.480000000003201
16932.24	16939.64	1649	7.399999999997817
16939.64	16946.24	1650	6.600000000002183
16946.24	16956.76	1651	10.519999999996799
16956.76	16965.24	1652	8.480000000003201
16965.24	16972.16	1653	6.919999999998254
16972.16	16978.92	1654	6.759999999998399
16978.92	16984.28	1655	5.360000000000582
16984.28	16992.44	1656	8.159999999999854
16992.44	16996.84	1657	4.400000000001455
16996.84	17007.96	1658	11.119999999998981
17007.96	17023.04	1659	15.080000000001746
17023.04	17033.68	1660	10.639999999999418
17033.68	17044.12	1661	10.43999999999869
17044.12	17050.88	1662	6.760000000002037
17050.88	17059.24	1663	8.360000000000582
17059.24	17064.0	1664	4.759999999998399
17064.0	17072.32	1665	8.319999999999709
17072.32	17077.96	1666	5.639999999999418
17077.96	17084.0	1667	6.040000000000873
17084.0	17094.36	1668	10.360000000000582
17094.36	17099.4	1669	5.040000000000873
17099.4	17105.44	1670	6.039999999997235
17105.44	17111.32	1671	5.880000000001019
17111.32	17127.28	1672	15.959999999999127
17127.28	17139.68	1673	12.400000000001455
17139.68	17149.76	1674	10.079999999998108
17149.76	17156.08	1675	6.320000000003347
17156.08	17166.08	1676	10.0
17166.08	17172.12	1677	6.039999999997235
17172.12	17185.64	1678	13.520000000000437
17185.64	17197.64	1679	12.0
17197.64	17206.44	1680	8.799999999999272
17206.44	17211.72	1681	5.280000000002474
17211.72	17217.84	1682	6.119999999998981
17217.84	17224.36	1683	6.520000000000437
17224.36	17231.2	1684	6.8400000000001455
17231.2	17244.44	1685	13.239999999997963
17244.44	17253.24	1686	8.80000000000291
17253.24	17258.28	1687	5.039999999997235
17258.28	17268.6	1688	10.319999999999709
17268.6	17279.16	1689	10.56000000000131
17279.16	17285.84	1690	6.680000000000291
17285.84	17293.0	1691	7.1599999999998545
17293.0	17302.16	1692	9.159999999999854
17302.16	17310.76	1693	8.599999999998545
17310.76	17318.8	1694	8.040000000000873
17318.8	17337.12	1695	18.31999999999971
17337.12	17344.48	1696	7.360000000000582
17344.48	17356.36	1697	11.880000000001019
17356.36	17367.0	1698	10.639999999999418
17367.0	17382.64	1699	15.639999999999418
17382.64	17390.04	1700	7.400000000001455
17390.04	17398.12	1701	8.079999999998108
17398.12	17403.88	1702	5.760000000002037
17403.88	17421.4	1703	17.520000000000437
17421.4	17427.16	1704	5.759999999998399
17427.16	17439.52	1705	12.360000000000582
17439.52	17447.96	1706	8.43999999999869
17447.96	17464.24	1707	16.280000000002474
17464.24	17480.96	1708	16.719999999997526
17480.96	17499.04	1709	18.080000000001746
17499.04	17504.6	1710	5.559999999997672
17504.6	17521.24	1711	16.640000000003056
17521.24	17535.96	1712	14.719999999997526
17535.96	17548.48	1713	12.520000000000437
17548.48	17559.96	1714	11.479999999999563
17559.96	17565.6	1715	5.639999999999418
17565.6	17589.84	1716	24.2400000000016
17589.84	17603.32	1717	13.479999999999563
17603.32	17613.24	1718	9.920000000001892
17613.24	17622.88	1719	9.639999999999418
17622.88	17638.88	1720	16.0
17638.88	17651.56	1721	12.680000000000291
17651.56	17660.12	1722	8.559999999997672
17660.12	17670.6	1723	10.479999999999563
17670.6	17680.24	1724	9.640000000003056
17680.24	17691.04	1725	10.799999999999272
17691.04	17698.76	1726	7.719999999997526
17698.76	17710.72	1727	11.960000000002765
17710.72	17727.6	1728	16.87999999999738
17727.6	17743.44	1729	15.840000000000146
17743.44	17754.72	1730	11.280000000002474
17754.72	17765.36	1731	10.639999999999418
17765.36	17772.92	1732	7.559999999997672
17772.92	17784.8	1733	11.880000000001019
17784.8	17794.92	1734	10.119999999998981
17794.92	17805.56	1735	10.640000000003056
17805.56	17818.88	1736	13.319999999999709
17818.88	17835.4	1737	16.520000000000437
17835.4	17840.52	1738	5.119999999998981
17840.52	17847.44	1739	6.919999999998254
17847.44	17856.12	1740	8.680000000000291
17856.12	17869.04	1741	12.920000000001892
17869.04	17880.04	1742	11.0
17880.04	17905.28	1743	25.239999999997963
17905.28	17911.52	1744	6.240000000001601
17911.52	17918.6	1745	7.079999999998108
17918.6	17929.8	1746	11.200000000000728
17929.8	17940.28	1747	10.479999999999563
17940.28	17953.92	1748	13.639999999999418
